scorer,DLC_Resnet50_OpenFieldMay9shuffle1_snapshot_best-110,DLC_Resnet50_OpenFieldMay9shuffle1_snapshot_best-110,DLC_Resnet50_OpenFieldMay9shuffle1_snapshot_best-110,DLC_Resnet50_OpenFieldMay9shuffle1_snapshot_best-110,DLC_Resnet50_OpenFieldMay9shuffle1_snapshot_best-110,DLC_Resnet50_OpenFieldMay9shuffle1_snapshot_best-110,DLC_Resnet50_OpenFieldMay9shuffle1_snapshot_best-110,DLC_Resnet50_OpenFieldMay9shuffle1_snapshot_best-110,DLC_Resnet50_OpenFieldMay9shuffle1_snapshot_best-110,DLC_Resnet50_OpenFieldMay9shuffle1_snapshot_best-110,DLC_Resnet50_OpenFieldMay9shuffle1_snapshot_best-110,DLC_Resnet50_OpenFieldMay9shuffle1_snapshot_best-110,DLC_Resnet50_OpenFieldMay9shuffle1_snapshot_best-110,DLC_Resnet50_OpenFieldMay9shuffle1_snapshot_best-110,DLC_Resnet50_OpenFieldMay9shuffle1_snapshot_best-110,DLC_Resnet50_OpenFieldMay9shuffle1_snapshot_best-110,DLC_Resnet50_OpenFieldMay9shuffle1_snapshot_best-110,DLC_Resnet50_OpenFieldMay9shuffle1_snapshot_best-110,DLC_Resnet50_OpenFieldMay9shuffle1_snapshot_best-110,DLC_Resnet50_OpenFieldMay9shuffle1_snapshot_best-110,DLC_Resnet50_OpenFieldMay9shuffle1_snapshot_best-110,DLC_Resnet50_OpenFieldMay9shuffle1_snapshot_best-110,DLC_Resnet50_OpenFieldMay9shuffle1_snapshot_best-110,DLC_Resnet50_OpenFieldMay9shuffle1_snapshot_best-110,DLC_Resnet50_OpenFieldMay9shuffle1_snapshot_best-110,DLC_Resnet50_OpenFieldMay9shuffle1_snapshot_best-110,DLC_Resnet50_OpenFieldMay9shuffle1_snapshot_best-110,DLC_Resnet50_OpenFieldMay9shuffle1_snapshot_best-110,DLC_Resnet50_OpenFieldMay9shuffle1_snapshot_best-110,DLC_Resnet50_OpenFieldMay9shuffle1_snapshot_best-110,DLC_Resnet50_OpenFieldMay9shuffle1_snapshot_best-110,DLC_Resnet50_OpenFieldMay9shuffle1_snapshot_best-110,DLC_Resnet50_OpenFieldMay9shuffle1_snapshot_best-110,DLC_Resnet50_OpenFieldMay9shuffle1_snapshot_best-110,DLC_Resnet50_OpenFieldMay9shuffle1_snapshot_best-110,DLC_Resnet50_OpenFieldMay9shuffle1_snapshot_best-110
bodyparts,Snout,Snout,Snout,Left_ear,Left_ear,Left_ear,Right_ear,Right_ear,Right_ear,Spine_1,Spine_1,Spine_1,Spine_2,Spine_2,Spine_2,R_leg,R_leg,R_leg,L_leg,L_leg,L_leg,Neck,Neck,Neck,Tailbase,Tailbase,Tailbase,tail_1,tail_1,tail_1,tail_2,tail_2,tail_2,tail_3,tail_3,tail_3
coords,x,y,likelihood,x,y,likelihood,x,y,likelihood,x,y,likelihood,x,y,likelihood,x,y,likelihood,x,y,likelihood,x,y,likelihood,x,y,likelihood,x,y,likelihood,x,y,likelihood,x,y,likelihood
0,83.22603,87.89734,0.8424482,64.08604,112.911804,1,94.62715,100.43809,0.8474116,104.14031,134.53752,0.8418015,126.5677,161.633,0.7765726,145.08078,145.17313,0.6182352,96.90458,168.17851,0.7405072,86.33863,112.11961,0.8604754,139.22362,187.26118,0.96296555,166.5353,218.86464,0.81794804,191.38007,251.99605,0.94647235,230.65518,275.4421,0.96049404
1,81.53895,84.69007,0.90022856,62.32781,109.97624,0.9699469,93.8806,97.4802,0.82940906,103.854515,131.48175,0.8851299,125.42303,157.03557,0.81502074,145.01392,139.53836,0.8080324,98.0857,166.99062,0.7593182,85.01596,108.60684,0.85677904,140.50131,182.97057,0.88073105,168.26183,212.68454,0.94883496,194.27838,244.48637,0.9315496,234.27097,265.5592,0.82326996
2,84.29216,80.54996,0.904002,61.27451,105.75685,0.94414866,93.89334,92.958374,0.8150232,101.805405,128.19762,0.8736428,125.601654,152.78938,0.78832364,142.0179,134.40593,0.89910835,98.78765,163.79504,0.8075447,84.27762,104.94117,0.94485176,141.87178,178.07664,0.96691793,170.83014,206.79451,0.88403755,200.30981,236.33412,0.8671762,240.64313,257.433,0.9099876
3,83.925354,77.284355,0.96956265,60.56776,102.135056,0.98328483,93.88503,89.7424,0.8483287,102.211494,125.40733,0.79590213,126.77169,151.46463,0.78802824,141.69925,130.79121,0.90781677,102.35819,162.61676,0.7706568,84.163025,102.07571,0.97084165,144.4617,173.5291,0.89107054,175.96272,202.19298,0.8115505,204.76143,227.8994,0.825644,246.28511,246.54312,0.88048184
4,81.04541,74.678345,0.9061288,60.468864,99.24997,1,93.89002,87.879,0.9242802,102.73074,121.82316,0.7645618,128.08345,148.17401,0.8226774,143.2492,127.31839,0.85338706,103.64148,159.02751,0.7367611,84.02153,99.34452,0.9567176,147.48521,169.2029,0.9391052,176.25224,195.8483,0.8781667,204.34846,222.76598,0.80175203,248.31654,241.50955,0.8512217
5,76.3205,73.669136,0.7677767,60.385193,96.14642,0.9235236,92.31808,82.69219,0.89302343,102.78246,118.05447,0.8458377,128.5575,144.34375,0.8652426,144.74364,123.97065,0.9131276,103.3876,156.21193,0.83586836,83.24717,94.99805,0.9347775,150.14597,164.80135,0.99774796,178.30757,191.47496,0.7729174,207.39651,218.13974,0.8341164,250.60849,237.72252,0.8882148
6,74.78972,72.702614,0.8663081,59.635292,94.35835,0.8950588,92.47332,80.22557,0.85029453,103.44943,114.81892,0.90153575,130.4343,140.62773,0.9083347,145.86035,119.59677,0.9005098,105.70438,152.66766,0.83000106,83.24438,92.49863,0.9089648,151.70535,161.1878,0.91877127,181.61461,187.92203,0.7905709,210.0563,214.4929,0.8375787,252.46121,231.8684,0.857942
7,77.78804,71.1359,0.848721,59.829056,92.38659,0.90160453,94.50113,79.17134,0.86216503,103.61676,112.37174,0.8836813,132.29938,136.53949,0.8512066,145.01364,115.137,0.942766,107.769165,150.61792,0.8492163,83.80281,90.90837,0.9089278,153.78305,156.49509,1,183.79243,182.97862,0.83771926,211.94603,210.79137,0.90221673,254.7478,226.26439,0.8352732
8,80.613335,70.74101,0.8566407,61.204605,91.19034,0.9057177,96.26679,78.549095,0.8317005,105.439926,110.337555,0.895235,133.20322,133.73607,0.8540911,146.93184,112.322556,0.95308334,109.23984,147.39244,0.88527614,85.65278,89.4828,0.8803308,156.17491,150.22556,0.9653535,186.34814,175.78064,0.8410429,215.79034,201.24371,0.90682054,258.6792,219.28961,0.83873916
9,85.593796,67.17804,0.98855245,65.11227,87.67823,0.9146151,98.556564,78.03334,0.89359784,106.071884,109.40902,0.945586,134.63992,130.60669,0.8372182,146.16426,107.34326,0.977274,112.12349,146.14186,0.913392,87.14651,88.693695,0.9206508,158.03001,146.92911,0.92320096,189.23459,170.89264,0.8177361,218.8687,195.85007,0.8474521,262.45685,211.00545,0.88043123
10,87.96315,65.98842,0.9804179,66.23641,86.13579,0.9414125,100.18055,77.32567,0.8897453,107.0441,108.37959,0.9538627,135.29982,127.99593,0.7769216,145.67014,103.46715,0.9167058,114.26392,144.18085,0.90480626,88.29516,86.36394,0.9011417,160.53711,143.23624,0.90725327,191.47064,166.84377,0.90691584,220.03854,191.6219,0.84074855,264.50272,207.25758,0.9000877
11,92.618515,63.62864,0.8673158,67.85988,84.12657,0.9341915,103.610725,76.64822,0.8947083,109.73564,106.7227,0.9489953,137.06996,126.43505,0.7309372,146.5761,102.565765,0.895608,115.095695,142.15549,0.8519623,90.58957,84.6782,0.91800755,161.29613,140.0429,0.9376788,194.39319,162.70767,0.9325141,224.77391,187.61906,0.89204985,267.31882,203.38515,0.87430525
12,96.46033,63.280277,0.8236189,70.76726,81.674194,0.8908806,107.48154,74.45253,0.8933052,112.427795,103.92911,0.8675801,138.82365,125.22816,0.75389993,149.67749,100.96442,0.9476018,114.578,139.07623,0.8317474,93.62385,83.83223,0.9100206,163.06349,138.90347,0.9928878,197.0678,160.479,0.87756485,229.07118,183.8973,0.91739565,270.9034,198.76167,0.8843284
13,100.280106,62.987724,0.8790893,74.66388,80.4445,0.89571995,110.77658,75.03767,0.8705155,114.36583,104.51619,0.91523874,140.74974,124.2212,0.81954676,151.84715,99.89277,0.991,118.28455,138.7536,0.88974756,97.49802,83.97708,0.89915156,165.59929,138.18417,0.94460183,199.1911,160.19023,0.8445203,230.40538,182.78384,0.895213,273.74118,197.71838,0.8748556
14,102.140144,62.068012,0.8802433,78.25572,79.11562,0.9437082,113.22992,72.9915,0.80447745,117.1459,103.62401,0.9364408,144.43587,123.295395,0.8608828,155.12517,98.8725,1,121.6732,137.93361,0.89667153,99.71213,82.677185,0.9266108,169.27582,137.18663,0.96509576,202.55322,159.96997,0.8698414,233.33621,182.44038,0.89004606,276.39117,197.49911,0.8731686
15,103.814926,62.30695,0.7640029,80.08658,77.7988,0.95146334,113.94771,73.07587,0.7978336,119.38158,102.44107,0.95626134,148.10435,122.34148,0.8426768,158.65184,98.42141,0.96810347,124.3004,136.85965,0.816051,101.630646,82.21319,0.9305158,173.07593,135.88626,0.9567739,205.86617,158.70822,0.81235677,236.39589,182.21893,0.8256653,279.33466,197.49977,0.86581767
16,104.03068,60.906708,0.75868785,81.775795,75.59892,0.97007084,114.91982,71.846565,0.85247946,121.09385,100.89362,0.9961513,150.86621,120.87886,0.77295864,160.1844,97.05979,0.92773074,127.20302,135.04955,0.78585684,102.982445,80.84373,0.9266496,175.93059,135.10622,0.9136084,208.05194,157.96884,0.8028545,238.28957,181.86864,0.79917365,282.52945,197.66907,0.9053638
17,102.11726,60.885757,0.7744981,82.53982,77.13733,0.9870859,115.03025,69.628654,0.88725674,123.72852,99.18682,1,153.35458,120.22815,0.7368081,165.139,97.17428,0.963654,129.85233,135.2257,0.7968687,104.27713,80.43295,0.9263755,176.79803,134.26036,0.8603859,209.62274,157.88303,0.8207887,239.41365,182.67215,0.7988674,283.2089,197.77289,0.91494626
18,98.60251,62.06091,0.7606581,82.793846,77.370514,0.96186,114.220894,66.332664,0.8473304,125.83652,96.71164,0.96026355,155.25041,118.690636,0.8023656,167.02524,95.85293,0.9733566,130.97646,133.18497,0.8461527,105.295616,78.93801,0.90801775,178.54022,132.76895,0.8859386,211.513,156.0207,0.88967735,241.01999,181.66113,0.84557843,283.60992,197.68303,0.9094676
19,95.9282,64.35591,0.75621605,83.20709,79.51415,0.95073676,113.26953,64.455444,0.8157903,126.949776,95.79643,0.91314757,157.017,117.31276,0.82095486,167.93466,94.746124,0.90552324,133.203,131.83546,0.8542043,105.95903,78.654915,0.8709659,179.71626,131.40324,0.9018039,213.40654,154.29239,0.8832223,242.46506,179.47995,0.88765854,285.4699,196.26192,0.854157
20,95.992134,65.1807,0.75497234,82.93066,80.808685,0.93957305,112.81713,63.69375,0.78661543,128.61816,94.969955,0.91415787,158.00171,115.54072,0.8130698,170.47932,93.080025,0.9103578,135.16158,130.88004,0.81617844,106.63473,78.82139,0.8433288,181.1897,130.84233,0.88860476,215.29547,154.00362,0.83676773,244.53539,178.9721,0.88609904,287.77023,194.36554,0.88293505
21,94.8117,67.87279,0.7506939,83.84297,83.440414,0.91782504,112.159485,63.495564,0.7461158,131.54823,94.33909,0.92250556,160.0803,114.14182,0.8264696,173.89703,92.99609,0.85852516,135.10867,129.19447,0.7954985,107.59663,79.9571,0.81256896,182.84843,129.99135,0.87452334,216.07593,153.00412,0.8271352,245.39566,178.74524,0.8925055,287.9271,194.70183,0.88566834
22,94.39448,68.077965,0.80288184,84.7212,84.770836,0.917349,111.60734,62.746815,0.7271294,133.77232,93.570786,0.86924636,162.03276,113.53837,0.85908604,176.36426,92.34523,0.82290363,137.91083,128.99722,0.82218504,108.12939,79.3745,0.819574,184.41362,129.34164,0.87419516,217.75835,153.33064,0.85163575,246.96109,178.93932,0.87884855,288.27618,195.67827,0.894495
23,94.04116,69.04094,0.8063017,85.41062,86.37201,0.8922272,111.517334,62.468365,0.75287914,134.77118,93.427826,0.8396306,163.17029,112.77881,0.85746926,178.19855,91.17724,0.8198207,139.44328,129.93015,0.8774798,108.71653,79.738754,0.83004403,185.8282,129.90106,0.9362981,219.26523,153.3891,0.8916264,248.29054,177.25551,0.89305514,289.63492,193.98181,0.8945054
24,94.50788,70.925575,0.77645457,87.167915,86.87433,0.8529308,111.76816,63.318836,0.7630726,136.02318,93.61943,0.865711,164.94823,112.23703,0.83579105,179.1634,90.601166,0.8209838,140.08563,129.32576,0.8808418,109.50195,81.32172,0.84504545,186.42078,130.21758,0.95013946,220.51337,153.63934,0.882119,250.74261,176.7322,0.88096017,291.3262,194.28326,0.89059573
25,96.05787,72.27421,0.75321513,89.27444,88.20918,0.8381056,113.168205,63.43157,0.79956335,137.99414,94.128456,0.8803287,167.03346,112.68295,0.8274021,180.86327,90.89315,0.8930771,141.13152,130.14432,0.8503913,111.69632,82.508736,0.8893515,187.39426,130.77492,0.9668722,221.15752,153.6097,0.8872111,252.0138,177.97906,0.84859896,293.16794,194.34364,0.85258275
26,97.460945,73.55484,0.7075198,89.8724,89.48174,0.84775245,114.53414,64.276985,0.80129904,139.31783,94.75525,0.88077056,168.71059,113.35313,0.8830134,182.76663,93.03064,0.8780294,143.2001,131.7547,0.8447771,112.1207,83.571556,0.87486297,188.16028,132.0043,0.9467549,222.98462,155.6598,0.8403765,255.45247,177.84299,0.83941644,294.60233,194.90068,0.86065286
27,97.27148,76.67924,0.69233996,91.44095,91.44855,0.8967601,113.950294,64.5482,0.81270355,141.36438,96.36088,0.88424695,170.59264,115.18757,0.90991193,184.23108,94.833046,0.8835751,145.00854,132.65054,0.8718809,112.887344,84.287384,0.8904115,189.58621,133.16891,0.93090683,224.1393,157.1303,0.8468595,257.26193,179.45636,0.7799974,298.0877,196.27399,0.84970564
28,96.72538,79.080894,0.69585294,91.57509,94.46696,0.8783943,113.12965,66.967155,0.80333954,142.28163,98.23491,0.88325703,172.069,116.13336,0.9011932,184.04543,95.78888,0.8514749,147.1984,133.93137,0.9061149,112.934166,86.44919,0.8647326,191.3688,133.82855,0.8402603,226.31953,157.89957,0.84903747,259.8181,179.37045,0.7819505,300.254,196.33566,0.87045485
29,97.3821,79.20094,0.719011,90.34701,95.69154,0.87231666,113.652084,68.93766,0.8007071,142.2286,99.72621,0.90559167,173.65645,116.36643,0.846164,185.00827,94.97152,0.8107474,149.31548,134.81792,0.8925636,113.34812,87.645134,0.84861684,194.12686,133.15,0.8754499,228.63411,156.77701,0.8630335,262.1459,178.5158,0.8256663,303.15332,195.43164,0.84538686
30,98.95056,79.53618,0.71608067,91.66044,96.94304,0.9074667,114.86229,70.520386,0.8063542,143.47606,101.80261,0.8931353,175.7726,116.60683,0.82309973,186.37811,96.420006,0.76583946,152.86351,136.03166,0.822102,114.70916,89.47471,0.8446214,196.37982,132.76874,0.8866538,230.42728,156.75177,0.83196,264.2627,178.06671,0.9019444,304.8955,194.22282,0.8826672
31,100.573425,80.82061,0.70029414,92.587845,99.10757,0.8972991,114.65281,71.78962,0.84039545,144.74171,102.69253,0.8791374,176.74242,116.99838,0.8712243,187.22717,94.98929,0.7630755,155.71205,136.78142,0.7238221,115.35576,91.08659,0.8433646,198.10635,132.46872,0.8949975,231.50531,156.34029,0.8078225,264.40533,177.88988,0.9110839,305.6459,193.9764,0.8837577
32,100.97297,82.01677,0.69303054,93.015564,99.83412,0.8918799,114.926956,72.24172,0.8552562,145.05237,102.773834,0.8655218,177.5847,116.20311,0.91507655,188.46703,95.18907,0.7753332,154.86755,136.48439,0.7324661,115.442635,91.70632,0.8392694,199.60562,131.25137,0.91152906,232.77806,155.19734,0.78493303,264.02176,177.94388,0.8999545,305.8521,194.65404,0.89732516
33,101.65664,81.152145,0.66651356,93.08828,99.76942,0.90367156,115.22948,72.19241,0.86226207,143.94078,101.71728,0.86675227,178.7891,115.12557,0.9155378,189.71254,94.42226,0.81654257,157.0895,135.79337,0.7448625,115.9773,91.6533,0.8375228,200.56537,130.32733,0.9218379,233.37756,153.02368,0.8514605,264.6804,177.55522,0.87392247,306.39185,195.6222,0.904763
34,101.684906,83.73,0.66708404,94.471146,102.19524,0.93342245,114.57691,72.053535,0.86870295,145.79793,101.249916,0.889902,180.52548,114.24911,0.9163039,191.57152,93.99972,0.8292622,160.12527,134.32733,0.8304281,116.950005,91.992424,0.8748191,201.17737,128.78947,0.8884068,235.31633,152.91353,0.8912888,265.60422,177.06674,0.87706536,307.26328,194.43674,0.8941971
35,99.930664,86.209465,0.7067678,95.28665,103.19533,0.92766505,113.229195,71.76185,0.88098025,146.81654,100.46629,0.90581787,182.22284,112.73211,0.8800361,192.78943,91.18126,0.9158364,162.0656,133.39667,0.86933565,116.10086,91.95553,0.9284117,203.24265,126.57708,0.97074413,237.11179,151.2528,0.9484752,266.8204,176.92119,0.8529038,309.48145,193.82292,0.85227156
36,99.87619,85.90294,0.6952809,94.62001,103.33141,0.9197511,113.08741,71.92582,0.8821787,146.89671,99.85606,0.9076244,183.71245,111.92899,0.8324755,193.28465,89.706024,0.92230195,164.14098,132.6891,0.89028525,115.94354,92.08558,0.9193666,206.16489,124.55294,0.97649246,239.60487,148.83038,0.93568164,270.01633,173.92747,0.8422132,314.56177,191.06506,0.89131457
37,99.50674,85.50958,0.7042215,94.57852,102.66222,0.9373676,112.84796,70.83229,0.8782107,147.21667,99.06015,0.9137759,184.7281,111.288315,0.7869061,193.9577,88.46849,0.9243117,165.1062,132.01584,0.9069618,115.77289,91.334236,0.928929,207.53935,123.22319,0.92763036,240.6816,144.62363,0.9116899,272.6141,170.01987,0.8901598,317.98242,187.12108,0.86902684
38,99.176865,86.11487,0.7217516,95.54016,102.40827,0.94089526,112.43287,70.22353,0.84553033,147.74023,98.29911,0.90430486,185.1603,110.43243,0.76064867,193.82663,87.83393,0.856039,167.65512,130.98172,0.9001304,115.84647,90.84352,0.9337713,208.08078,121.04942,0.91337353,243.71483,142.39598,0.89778274,274.23538,167.00621,0.8634744,319.46902,183.21588,0.8803654
39,97.82575,87.16892,0.7309281,95.78775,102.59613,0.93088895,109.89272,68.962074,0.8122403,147.50627,97.24699,0.87668777,185.49686,108.79464,0.77657,193.11351,85.86779,0.8158815,169.36,129.67429,0.8609904,115.07397,90.52499,0.93817794,209.29193,118.81822,0.8837679,245.02046,139.50754,0.8901998,275.8564,163.6882,0.88541096,321.43073,178.30185,0.9674204
40,98.055336,86.91807,0.7357476,95.72587,102.197464,0.94114596,110.148575,68.35247,0.81379753,147.98639,96.37262,0.86251175,186.45581,106.82792,0.7880329,191.87578,82.96528,0.8157204,168.32115,128.27734,0.8364643,115.20244,90.215485,0.9271952,210.74661,116.686584,0.9245871,246.74992,135.1045,0.92732954,277.78867,160.9312,0.9413305,325.08743,174.31966,0.929981
41,98.637596,87.00705,0.7429626,96.791824,101.87736,0.94769466,110.840225,69.602806,0.8034077,148.5473,95.55801,0.85193056,187.39485,104.81079,0.81747156,191.58723,80.13744,0.83605564,170.2379,127.3798,0.8858706,115.870674,89.6997,0.91208565,212.81592,113.6428,0.9397045,249.11598,132.04987,0.9443298,281.21542,154.15947,0.8532348,327.75018,168.43373,0.89872634
42,99.657326,86.69147,0.80156416,98.757065,101.88931,0.95709676,112.06755,69.339676,0.8446534,149.52756,95.195816,0.84145916,187.2102,103.05484,0.8815679,189.80692,77.574165,0.89134926,172.62486,126.2607,0.9283496,116.72793,88.99773,0.89624286,212.60124,109.63493,0.9743385,250.25989,126.99426,0.8674573,282.93555,148.98836,0.8077192,330.18527,162.6472,0.9550711
43,103.639755,78.32347,0.7616272,96.23402,98.22018,0.96893084,117.217476,68.86193,0.8770552,150.12059,94.730835,0.85502815,187.53833,101.01728,0.9301407,187.91751,74.248474,0.9011109,175.65,125.36715,0.9410115,118.53126,88.61459,0.8117555,213.002,106.79465,0.9687279,251.69803,120.935585,0.9055938,284.5436,143.19815,0.83437926,333.33563,154.88759,0.9001237
44,103.77204,74.80846,0.8096188,97.42353,93.956406,0.92942506,120.24024,67.49877,0.86504513,150.48805,94.15056,0.8679832,187.51543,99.643036,0.93169594,185.12292,70.92667,0.8639886,177.03185,124.673164,0.9098357,120.20257,86.45404,0.85387486,214.26112,104.66239,0.923235,254.47157,115.47555,0.97303206,289.09882,134.96162,0.8665996,335.09616,144.29636,0.87691927
45,107.68772,71.574745,0.79766536,99.01574,89.98947,0.9479858,122.63131,65.91351,0.84607935,151.53397,92.482285,0.90649015,187.54681,98.424706,0.9002204,185.77974,70.24975,0.89606315,177.53471,122.78037,0.90193045,121.375435,83.100464,0.8736714,214.61859,102.92198,0.8351156,254.64656,110.7182,0.8986295,294.0074,127.2409,0.833338,338.38858,135.16081,0.89137006
46,109.610725,70.09889,0.7683747,100.568436,88.106285,0.89189065,123.69014,63.632057,0.812001,152.70297,90.4131,0.91927713,188.44658,97.040924,0.871833,185.5707,70.12157,0.88089937,178.52226,120.788445,0.8966466,122.72483,81.617775,0.8372331,214.64705,101.40247,0.8538428,255.5056,107.14965,0.92350715,295.58057,120.749466,0.91858834,339.94147,125.87862,0.92877614
47,111.369995,67.87445,0.77819175,102.875916,84.32353,0.8674125,125.88161,63.11015,0.7635323,153.74837,88.95617,0.9250276,188.94661,96.105156,0.8718618,187.7865,69.111534,0.9082485,177.93283,119.86444,0.8953043,125.0867,79.282135,0.8383632,215.51526,101.99522,0.84990555,256.102,106.89804,0.93488055,295.65195,117.49199,0.95889574,341.04013,120.75974,0.8946104
48,113.24381,67.15463,0.74134743,104.206085,82.88446,0.8686771,127.90786,62.321,0.7836569,154.93007,88.68291,0.9217841,189.86143,96.0787,0.86212146,190.48312,68.88188,0.8743325,177.2588,119.834206,0.85425186,126.74841,78.34412,0.85026795,215.85097,102.81145,0.86189646,256.10364,108.15358,0.9386294,295.86868,117.82807,0.9305327,341.9737,118.239944,0.88552964
49,116.301155,65.014496,0.7575201,106.86881,81.86517,0.8779246,131.94775,62.191624,0.80386406,156.39516,87.956924,0.94955385,190.97044,96.78319,0.87411296,192.32416,68.82678,0.8906042,176.5147,120.323654,0.8686963,129.36824,78.06626,0.8714952,216.90144,105.96121,0.93646866,257.08658,112.085175,0.96097237,298.01254,120.65947,0.93368846,341.98712,121.01942,0.88030696
50,118.6577,64.119865,0.7289355,108.28273,80.75151,0.8403368,134.1146,63.495193,0.8054467,157.89503,88.52205,0.95472944,192.10635,97.40053,0.89893544,194.22308,69.52666,0.9056104,176.33803,120.78668,0.88990235,130.60715,77.919556,0.8417567,217.9012,107.56454,0.976565,258.6943,114.76321,1,297.18393,125.655,0.8891369,342.19235,127.95656,0.8627819
51,121.27256,64.0893,0.76342785,109.26175,81.45296,0.87344307,136.73611,64.15325,0.75727934,158.95497,87.686134,0.9084101,193.7551,98.629555,0.8994658,197.46082,70.62149,0.91872174,174.9022,121.90837,0.91488236,132.21259,78.03846,0.84482074,219.32594,109.56843,0.98956674,260.14966,118.562004,0.9817126,298.52634,130.78781,0.93354076,343.60907,133.97955,0.88176763
52,122.40598,63.20228,0.8423975,111.10704,81.11794,0.9437354,138.26505,63.8041,0.78782237,161.5754,88.98888,0.9151232,195.99506,101.56272,0.91472787,199.58174,72.357086,0.94578713,176.92809,123.42242,0.9205556,133.80049,77.70811,0.85594535,221.44873,111.95276,0.9300888,261.80698,122.68343,0.9593495,300.0873,135.73329,0.96598136,344.35614,141.50658,0.91079044
53,124.71823,61.60389,0.84271896,113.11355,80.3092,0.9714855,141.33527,63.512512,0.79595023,162.82857,90.16849,0.92046434,198.13472,103.638794,0.87159073,203.06349,76.08015,1,177.1537,124.75726,0.92235786,135.5664,77.424644,0.82979554,223.28674,114.46871,0.87445235,262.59448,126.31285,0.94297117,301.25952,141.6866,0.91777563,345.13596,146.6725,0.9084488
54,124.604385,62.09491,0.8040573,116.07722,80.4841,0.9608521,143.42421,63.034973,0.789357,164.78693,91.45615,0.91347694,198.82993,105.05461,0.80990815,206.47285,80.594406,0.9248639,178.38849,126.33483,0.9277091,138.9694,76.17506,0.79454815,224.14383,116.67643,0.91417736,262.76175,130.83954,0.980603,300.35114,145.6942,0.82823384,346.2133,147.57678,0.8907044
55,131.09492,62.284763,0.8130609,118.99236,80.851364,0.94450074,149.0477,62.981316,0.8755378,167.21205,93.02113,0.90392417,200.52539,106.750404,0.78298646,206.71283,80.10275,0.95638144,179.89554,128.205,0.9153932,142.61617,77.40871,0.9523399,226.10733,118.63283,0.9256423,264.40897,133.49084,0.931658,301.1995,148.07576,0.8551473,347.38608,149.02122,0.94356143
56,142.13364,60.23227,0.7581557,124.28528,78.249954,0.8777749,157.554,68.32267,0.9080784,169.98082,95.22432,0.9760336,202.27629,109.18859,0.7462675,208.3833,81.99814,0.9931429,182.21072,130.30664,0.8478098,147.14407,79.420334,0.9217729,228.44022,121.13161,0.97254175,265.5244,135.99098,0.86193925,301.50803,149.0837,0.8878821,348.9579,150.63794,0.91584074
57,157.63823,57.643105,0.7826612,130.38004,76.75678,0.9310868,164.46962,69.93527,0.87894374,172.24883,96.34752,0.93142945,203.24164,110.41126,0.8107617,210.9954,83.73437,0.95960045,183.23354,130.70319,0.831185,151.90784,79.29768,0.89528954,230.64873,122.7919,0.97531396,267.58255,139.04837,0.8253031,305.74997,149.57697,0.93012553,351.88895,150.45012,0.8536807
58,167.88818,56.390583,0.8113026,137.19753,71.369865,0.8045711,171.19084,70.59869,0.8097604,176.10931,97.62623,0.8905532,206.60939,111.78919,0.8333615,214.24191,85.06435,0.8888376,184.10779,130.93582,0.78934705,157.83911,76.60444,0.82924783,234.58878,124.59896,1,271.54037,139.52191,0.8318777,308.44968,150.24896,0.9313449,354.90872,150.41852,0.87524647
59,177.50092,54.98799,0.82957304,144.84663,67.493614,0.84131676,177.66013,70.4992,0.84677374,179.04634,97.92104,0.8696219,208.30411,112.59592,0.82003546,218.33441,87.87756,0.7162284,179.98749,129.00925,0.6547558,163.27037,75.56201,0.8457229,238.03389,125.4789,0.98968506,274.7564,139.24908,0.9168157,310.77252,150.71931,0.93616766,358.4025,150.88528,0.83381385
60,183.01923,55.280197,0.7743814,150.38196,64.445175,0.8461455,183.55316,71.0641,0.79364765,182.2747,97.52848,0.81993204,210.53183,113.33547,0.8099529,221.46289,86.36981,0.7349939,180.46422,128.56317,0.64823794,168.88965,74.269356,0.7509871,241.38812,127.50789,0.9047896,278.23822,141.26015,0.8601294,314.7685,151.90633,0.92688036,361.61322,151.47665,0.8544118
61,189.23112,54.83472,0.7680776,157.75558,62.04248,0.86545986,189.35675,69.26198,0.77995527,185.30508,95.73296,0.7586445,214.31866,113.80614,0.8403458,224.61905,87.51296,0.8641122,181.2101,126.89918,0.627064,175.08572,73.203514,0.7915735,243.22427,128.0137,0.8998756,280.0146,142.59201,0.82528836,316.47775,152.49492,0.872529,364.6771,151.08565,0.8944166
62,195.06215,54.998486,0.74206823,164.16508,60.873886,0.8576065,195.87025,70.11338,0.8327405,190.74011,96.89773,0.8385852,216.79303,113.098465,0.9096827,228.31969,87.46155,0.78773445,194.86015,130.86597,0.65795946,181.0783,72.15981,0.75945246,245.88783,128.56555,0.8895361,282.36072,143.44885,0.8436875,319.63864,152.60338,0.83185524,367.53604,151.05125,0.8381877
63,201.31186,55.541607,0.6911521,167.95016,59.120228,0.79518217,200.02364,70.96716,0.7298682,193.76765,95.79256,0.8678132,219.70737,112.33498,0.8910496,231.859,87.2935,0.6755821,195.91463,129.0278,0.71375537,185.00435,72.07734,0.7681985,250.14565,129.00568,0.89028156,286.61084,144.13257,0.8776874,322.64407,153.14693,0.85155815,370.99222,151.23535,0.842347
64,205.8753,55.03123,0.6725782,174.06535,57.091133,0.7673516,204.45891,69.09809,0.69314635,197.35355,94.48563,0.8101789,222.7594,113.22479,0.8425717,236.81357,88.47559,0.7697622,197.09712,127.546036,0.66335195,190.22102,70.99373,0.78564334,253.39886,128.94432,0.8764248,288.9809,143.08699,0.852482,325.65475,153.59451,0.7912224,372.95996,151.68723,0.8600533
65,209.3239,54.796253,0.65665334,178.96501,58.39811,0.7865636,207.71397,69.28388,0.77808833,201.28539,93.75923,0.78871435,225.98373,113.24549,0.85769707,239.75366,88.581726,0.81761956,194.78139,125.02553,0.6713316,193.78679,71.6476,0.7286595,256.14633,128.73875,0.8513763,290.87415,144.70937,0.86895174,327.06232,154.7011,0.729356,376.3991,152.14264,0.79153234
66,212.61467,53.227654,0.6833736,180.8681,58.72069,0.77174395,210.02544,69.80932,0.7965041,204.96117,96.39553,0.83498204,230.20024,113.87431,0.88640565,242.49585,88.736916,0.83585745,200.16147,126.92851,0.68020844,196.43785,71.45605,0.75131375,259.1207,129.14752,0.9324941,293.17093,145.85031,0.8522606,330.06293,155.24693,0.71042305,379.55655,152.36104,0.87464887
67,216.0672,53.942043,0.71375656,182.6763,59.65175,0.79886585,213.17899,70.045616,0.8068443,207.9785,96.02687,0.8777474,233.09047,113.609215,0.9273818,245.38522,88.828354,0.7632726,206.34673,128.09859,0.72318316,199.26028,71.81022,0.7765139,262.07175,129.75275,0.918683,297.10098,146.67694,0.84622025,334.9727,156.25487,0.742369,383.39014,153.03902,0.8628981
68,219.18776,53.66047,0.7310258,184.83469,59.708256,0.8476226,216.56064,69.976585,0.80183,210.69499,95.81415,0.8675079,235.43166,112.86169,0.9017088,249.73888,88.50682,0.7697543,208.55118,126.84994,0.72322303,201.52946,71.472496,0.81167924,265.61768,130.23923,0.8964629,300.75235,147.44817,0.86592275,337.04553,156.58609,0.7661287,386.30423,153.38646,0.82373345
69,219.81805,53.978798,0.78209746,187.72913,60.764236,0.8899836,219.2621,70.12506,0.7768603,213.55824,96.48359,0.8083938,239.05484,113.52824,0.84179515,252.80153,88.97645,0.8499008,213.24031,128.26147,0.73363113,204.30042,72.49364,0.80391157,268.8556,129.39525,0.8689452,303.77588,147.77586,0.85803473,339.72888,156.87308,0.81618315,388.5389,153.49301,0.8752376
70,221.76324,54.413113,0.750744,190.47198,60.830456,0.86251086,220.9916,69.05957,0.77945554,216.04706,94.963455,0.75973886,241.7723,113.610825,0.8528546,254.88995,88.775734,0.8371863,215.20674,128.03236,0.7148614,207.70142,71.93209,0.787092,272.27603,128.75285,0.83719593,305.51123,145.48878,0.83197033,342.44104,157.1811,0.76961756,390.85098,153.84187,0.83505845
71,224.96922,54.18092,0.6360406,195.95049,58.156277,0.7830605,223.48299,68.86762,0.7600104,219.02388,94.858315,0.7896265,244.36234,113.18564,0.864441,257.08563,88.430626,0.847094,216.60587,127.67176,0.6570772,210.2246,71.160095,0.7123904,274.78787,128.15245,0.91354334,308.5241,145.37883,0.8375,345.02615,157.885,0.6960595,393.5914,154.90114,0.8497925
72,227.45326,52.528656,0.67406136,197.22882,58.475163,0.7450995,226.84145,68.587456,0.7986361,222.01128,95.60948,0.8729522,247.53548,113.55432,0.89967495,259.69794,88.86469,0.8287414,221.01643,128.43808,0.6530822,213.01147,70.50127,0.73464996,276.65125,128.57742,0.9236519,310.6644,145.78426,0.8209804,346.18045,157.21187,0.6887621,396.4811,154.59436,0.89093065
73,230.44176,52.714214,0.64850205,200.19998,57.671585,0.76184356,229.88014,68.51304,0.7309505,224.84613,94.90894,0.9077246,250.18567,113.01528,0.9052558,262.5788,88.46615,0.7695235,227.08672,129.3052,0.6875855,215.88986,70.26462,0.7323992,279.5235,129.1466,0.8964431,314.09418,146.20166,0.8711981,350.99185,156.93953,0.7369779,400.3506,154.08318,0.86002535
74,236.33095,53.860138,0.6505804,205.48605,53.851288,0.73657787,235.27515,68.77756,0.6703387,228.03796,94.06986,0.885495,252.69041,112.558846,0.8507378,266.62933,88.69984,0.7606473,228.68553,127.898674,0.6940329,220.08305,68.35824,0.81131315,283.18173,129.24707,0.8921677,318.18903,146.43758,0.88936156,354.11856,156.91566,0.82005733,402.71436,153.98578,0.84164405
75,242.0708,53.197937,0.49970073,213.10321,55.429424,0.72518617,240.16713,70.19405,0.661916,231.3807,92.06992,0.7834502,255.42499,112.999664,0.83763266,269.49362,89.62463,0.75920403,230.86475,127.065605,0.6058383,226.21278,69.57463,0.6750443,286.10574,128.93616,0.8716955,320.30634,144.27968,0.83530575,357.1683,157.18321,0.83094627,404.24893,154.16359,0.89105785
76,248.96883,53.880413,0.6019709,216.64532,54.63354,0.59960026,245.82089,70.629684,0.7382162,235.87065,92.24086,0.77922,257.82416,113.152794,0.87118924,272.66702,90.52696,0.76244754,232.48456,126.73352,0.5760114,231.9438,68.695755,0.76078403,288.08813,128.30803,0.8621945,323.16226,144.2251,0.85860896,359.814,157.33115,0.7746053,406.8092,154.29431,0.86056983
77,253.0613,54.576077,0.54631937,223.91211,52.39865,0.6951017,252.3629,69.82381,0.57364887,239.481,90.926994,0.8518728,260.35666,113.23034,0.90554804,275.72824,91.55565,0.73747975,225.24716,118.313126,0.6100169,236.4153,66.14564,0.7490624,290.29745,128.90335,0.9269584,325.31717,144.61311,0.86939174,361.0301,156.51541,0.78426963,408.83536,155.54045,0.86684275
78,258.64432,53.404263,0.4612183,229.74797,53.097023,0.67121226,256.33185,70.676056,0.603625,243.51877,90.34079,0.8645433,263.93048,113.759285,0.9253019,279.96786,93.54547,0.6884236,227.42035,115.42634,0.5983159,242.76146,66.84272,0.637375,292.09863,130.34492,0.93762463,327.54898,146.03435,0.86739844,364.0134,156.69989,0.7964043,411.18823,155.53044,0.89318275
79,269.66632,57.005943,0.49136955,237.66681,52.211384,0.6440691,265.13895,74.25136,0.6526807,246.81995,89.852905,0.7144585,266.40033,114.33087,0.88346606,284.95505,94.07489,0.74359614,239.43126,125.16726,0.6141121,249.12901,66.176094,0.75817925,294.33093,132.23433,0.91374487,329.68872,148.19899,0.86289114,366.43042,157.0566,0.72631234,414.9255,154.71591,0.88807553
80,274.53482,55.170486,0.49532196,241.21718,52.624615,0.6746073,271.37054,72.95049,0.6566978,251.95113,89.42047,0.7757468,269.18048,115.75173,0.83815646,287.72562,96.28738,0.7780304,243.42477,126.59811,0.60328996,255.23114,67.10292,0.7356082,296.9879,134.28256,0.9287848,332.05972,150.6742,0.84141415,367.44577,157.70412,0.7176022,416.46387,154.73111,0.8732792
81,279.3229,57.24017,0.46338966,246.86198,51.296097,0.5482314,276.4754,72.500786,0.65234643,256.25253,90.21148,0.7226178,272.98633,115.74429,0.8826434,292.825,95.86398,0.8383623,245.77419,125.94144,0.60984075,260.2239,68.059044,0.6701977,298.48285,136.92635,0.9432682,333.78497,154.04073,0.7464252,368.34238,159.60103,0.72004527,417.9856,155.3841,0.84313756
82,284.58252,57.679024,0.4739579,253.58826,51.185066,0.6243569,282.2062,72.86239,0.5225019,261.53696,89.70743,0.7692156,277.2298,115.079506,0.8847353,297.88513,96.52869,0.7878798,249.27469,121.60442,0.6517283,265.44086,65.25273,0.7003136,301.09296,137.48648,0.93004256,334.73636,156.06535,0.7574814,370.92828,163.0924,0.8276629,418.97214,155.73997,0.88242257
83,293.62692,56.302864,0.3507095,258.7897,51.989574,0.5994897,288.98416,74.32845,0.5157049,266.64655,89.08709,0.75438786,281.24948,114.93968,0.89537734,303.04025,97.58311,0.7148382,253.45602,124.73542,0.641359,273.00052,67.11386,0.6574462,303.06122,138.88194,0.8664649,336.5981,157.06836,0.7320811,373.71356,164.10146,0.7948132,421.26425,156.41394,0.90899694
84,300.22403,57.455902,0.45701426,267.68958,51.843266,0.5090358,294.9961,74.005264,0.5235618,271.3957,88.806076,0.71927387,284.08813,115.42398,0.89455914,306.85168,98.91278,0.73018366,256.52228,119.64557,0.6389463,278.3462,67.92194,0.6970855,305.63394,139.57869,0.90259624,339.7588,156.98366,0.7261265,375.73645,164.37897,0.79787976,423.65982,156.8616,0.8792876
85,306.00183,55.20332,0.3097805,272.76868,50.766262,0.63593143,301.38846,74.06759,0.41043925,276.62784,89.15029,0.78819174,288.21884,114.04285,0.91541964,312.48273,100.150734,0.70835406,259.5441,119.577736,0.61303926,286.04535,65.884735,0.687997,307.65012,140.45723,0.89782953,341.5995,158.66963,0.6898299,378.30148,165.23598,0.8288763,425.2162,157.7836,0.8857649
86,312.59833,57.12914,0.31666487,277.17813,50.33275,0.5325773,306.8463,75.464874,0.39567423,281.18723,87.65561,0.7829913,291.86615,113.161835,0.92992264,316.50348,100.046196,0.60130847,261.34805,111.20305,0.57425183,290.53427,65.62187,0.59378874,309.05005,141.58913,0.85044354,343.24136,161.3781,0.7201652,379.53568,167.82362,0.8397514,426.39145,160.62132,0.8804125
87,317.01743,59.17332,0.25061068,285.6603,52.05931,0.45508185,311.64737,75.22127,0.36775127,285.19815,87.572174,0.7975717,294.8966,113.47006,0.89472705,320.0083,102.36792,0.52565336,263.98193,110.29479,0.52849436,296.33224,67.60055,0.60147804,310.13354,142.71098,0.8074357,343.86264,163.86047,0.7458908,380.74646,171.62415,0.74989086,427.33182,164.66527,0.94129586
88,324.77872,60.85561,0.2818509,289.6225,53.036716,0.44686127,318.43396,78.990234,0.30383888,288.33905,87.23937,0.7679835,296.25098,113.82703,0.92504704,324.9516,103.45889,0.43412787,266.80884,110.31498,0.51850426,303.7892,68.2325,0.6040593,310.81628,143.02556,0.77017003,343.5878,165.50244,0.7450389,379.54492,175.97147,0.7429999,426.07626,172.09874,0.90562266
89,330.98163,60.77517,0.24244246,292.04593,53.744907,0.3822183,325.0331,80.56745,0.3246283,290.9268,87.09729,0.73733175,298.54813,114.186615,0.9166855,328.5345,104.12828,0.36197588,268.8927,110.29185,0.5756515,306.37106,69.34147,0.48085645,311.93216,143.86049,0.71813816,344.90616,168.01198,0.73787475,379.98126,179.13622,0.78861064,426.7055,179.87112,0.9070195
90,336.00232,61.733723,0.2729879,302.0687,54.02009,0.37816256,329.14618,81.3453,0.2816339,294.873,88.30094,0.7184622,301.69876,114.56813,0.84367913,331.70657,104.55903,0.33659762,271.96518,111.365875,0.65990275,314.47922,70.01553,0.47817412,314.57718,144.16919,0.7217884,345.60947,169.74242,0.7172615,380.70477,183.25722,0.84094375,426.338,185.33594,0.9184124
91,347.5822,65.097855,0.4298897,304.43103,56.56406,0.30014202,337.32993,83.84766,0.3280563,299.4313,88.54316,0.6958952,306.1113,112.86919,0.7540803,303.4629,62.85529,0.3549277,274.2649,113.476364,0.6440475,320.1727,70.92573,0.43542624,316.21713,144.11388,0.7404017,345.64514,171.86455,0.69405633,380.81192,188.40956,0.8774936,425.86142,193.70683,0.92260504
92,350.86453,65.27029,0.39956695,317.56583,55.95321,0.2721882,341.20813,84.42646,0.36005536,302.89697,89.102165,0.7296675,308.94278,112.19405,0.7398215,305.29672,63.17867,0.41894057,277.15875,112.58408,0.6117716,326.15442,71.79682,0.38210467,317.18298,144.17868,0.76037294,345.49097,172.36621,0.69326997,378.8103,193.98877,0.86539173,424.19446,202.10854,0.92416924
93,355.87277,67.03231,0.34459028,318.59592,56.7283,0.259937,346.69543,85.15124,0.23119801,306.21396,88.37421,0.69533265,311.34644,112.18432,0.7058102,309.0583,63.610603,0.41118404,280.39935,112.10063,0.5431173,332.77838,72.81672,0.3542734,318.3564,143.98563,0.7551686,345.7293,174.06221,0.71750385,375.9007,196.02017,0.86318785,419.41336,208.40645,0.8760978
94,364.13977,67.209274,0.28825802,318.96228,57.37332,0.21077023,353.86765,85.15428,0.2303304,309.81415,89.68089,0.6978025,331.38336,73.4242,0.6807184,318.55225,62.41403,0.38286403,285.01016,109.07266,0.58130467,335.0232,72.63629,0.2859663,319.9655,142.32536,0.75825053,345.74783,174.17294,0.70765,375.0699,198.07352,0.84207773,417.9842,211.73692,0.9590696
95,368.8854,67.011444,0.30024225,336.56595,56.038696,0.2153967,359.8002,85.59729,0.19318165,315.15225,88.18424,0.67924887,339.0819,73.08225,0.62361634,323.9442,61.906708,0.4068013,288.2989,108.13316,0.616915,346.8155,70.42229,0.26767957,321.44864,141.51451,0.80945724,346.10825,174.97456,0.724043,373.97443,199.28903,0.8806102,415.7802,214.09651,0.9110253
96,378.54758,67.559265,0.31060928,362.97583,56.81857,0.2003596,367.86783,84.20082,0.18174894,320.84805,87.67724,0.7076911,345.43668,72.15257,0.6475326,312.18918,68.50817,0.42364326,354.35928,87.06931,0.5567947,351.23178,72.19224,0.2625172,322.22565,140.7758,0.8494951,345.72336,174.73682,0.73737746,373.3193,199.54927,0.90640765,413.8607,214.59044,0.9272048
97,381.97406,65.95201,0.22887215,364.65955,56.657795,0.1712181,373.1243,86.45364,0.154641,324.81943,87.635475,0.76552075,349.5871,71.20672,0.7031554,339.27118,58.72168,0.45612493,358.9622,87.34452,0.6417768,320.3485,121.59747,0.20861913,323.15076,139.31944,0.8857016,345.4524,173.59125,0.67546386,371.9845,199.55684,0.87266856,413.6385,214.56815,0.93108106
98,389.15146,68.87009,0.2801435,384.20856,54.64562,0.16993731,306.05392,127.07955,0.22673616,329.83383,85.810844,0.7204946,357.50418,71.275986,0.6028015,353.12308,54.0076,0.49904513,364.59912,87.972664,0.767311,369.78928,70.625046,0.23852289,324.03665,136.7267,0.7920944,344.44025,172.60214,0.6860172,369.8798,199.19527,0.8514553,411.89395,214.78261,0.9499712
99,397.68668,69.3,0.34542215,382.34235,57.495255,0.16975093,306.13422,122.537125,0.29946128,334.7477,84.82978,0.7291923,364.9393,71.27091,0.6009918,356.46146,57.005836,0.5081516,368.91672,89.71992,0.6195316,322.1061,118.65686,0.2962255,323.10492,134.60231,0.6950135,343.97397,170.08096,0.72291356,369.1803,198.54381,0.83147824,411.01645,214.83266,0.94473696
100,401.80515,70.31869,0.34649044,397.5353,55.428623,0.18206364,310.09085,117.99145,0.26628712,340.18832,83.709145,0.78158385,368.6385,70.74028,0.567246,369.09122,53.403008,0.56342137,373.58575,87.92386,0.6122482,324.16412,115.798485,0.3863897,324.45474,131.51677,0.69917583,342.63715,169.0612,0.78581405,366.62262,197.78099,0.7808437,407.7446,214.55122,0.8908527
101,410.11148,71.25547,0.35944062,401.2756,56.658443,0.18984838,310.77292,100.789894,0.25818095,345.8481,82.2503,0.78683996,380.52988,72.52531,0.605314,374.34158,53.931038,0.5617028,379.3043,88.68839,0.6569081,326.4105,111.68345,0.42717037,329.15582,128.33195,0.56893367,341.44318,167.36032,0.7864749,363.68958,198.14508,0.7316421,404.00012,216.9345,0.82662874
102,414.527,70.360344,0.28618482,340.15433,122.78994,0.18862773,313.77432,103.35318,0.23271213,350.82895,81.72531,0.7661832,384.90372,73.41025,0.62658566,381.18683,54.61018,0.6076372,384.96277,90.97527,0.6021897,330.18057,110.62559,0.4157507,329.15887,125.27967,0.5258906,338.81375,165.18954,0.74564016,358.06863,198.1355,0.71087605,397.7759,219.2833,0.7574235
103,322.14194,114.40247,0.2789224,340.3895,120.51094,0.21242616,317.08676,103.09858,0.2570325,354.90826,81.0727,0.8206303,391.07376,71.24488,0.5989472,387.56528,53.867397,0.5762401,391.12906,91.95717,0.6675118,332.45395,109.585785,0.3948674,416.8574,66.56883,0.48652115,337.5241,161.52785,0.7125614,353.09476,197.57945,0.67690307,391.225,221.32141,0.8504781
104,329.20764,122.547035,0.344067,341.25455,119.83612,0.24378651,321.82544,99.54862,0.2773564,359.81732,81.72209,0.73931676,398.97986,71.840096,0.6297311,395.06354,53.75982,0.55846083,397.87442,92.25108,0.70039713,334.924,107.150955,0.46085432,424.32004,65.76906,0.5397169,333.1696,158.52412,0.7217452,344.6441,193.81511,0.53056604,383.24484,222.612,0.76867974
105,333.80902,123.27344,0.48261005,344.89355,122.57944,0.21374033,324.066,104.12781,0.28751248,365.12738,80.657364,0.7392733,401.35843,72.73592,0.6432132,397.86618,54.766136,0.6161513,400.51056,93.711266,0.6705687,338.91394,108.34709,0.5059781,427.4119,67.32353,0.5563968,332.68945,155.35298,0.69580233,340.5928,194.02002,0.49802646,378.35,225.17682,0.80266446
106,336.7212,123.90066,0.49966317,350.13345,121.330475,0.21119821,328.96487,104.53314,0.38788787,369.54608,81.72808,0.7967719,405.86102,72.22256,0.58919895,402.20538,55.768173,0.5347966,404.75177,92.67764,0.57082784,342.4141,108.655266,0.5402332,432.13605,70.55054,0.43841934,335.7357,151.6725,0.69099426,341.50018,193.73642,0.47939917,377.4028,225.43427,0.8216165
107,339.30698,121.61301,0.46994513,352.67767,121.89947,0.2875316,335.1472,103.503876,0.36236706,372.94843,83.00962,0.7845172,411.25598,73.86024,0.7136527,408.07104,56.206177,0.6323182,406.09933,93.44831,0.5632347,348.0358,109.835014,0.45474103,436.25958,75.21669,0.44275194,339.69696,150.97314,0.6823811,345.25156,186.31573,0.46076894,380.1627,225.32779,0.7778059
108,343.0325,120.59944,0.58543146,358.42035,122.09272,0.3447672,338.4461,105.184006,0.4930093,379.12427,82.85375,0.8204037,416.06366,76.39771,0.7652528,413.87677,57.62232,0.6520139,409.10562,94.01259,0.5213537,353.2475,108.36909,0.64894885,441.1361,78.18629,0.43602565,343.08444,150.15147,0.66921586,348.68152,195.05579,0.46626896,382.64487,226.17926,0.8832328
109,348.6994,119.809074,0.62364423,361.77747,121.68839,0.29048312,342.73105,104.70014,0.48160678,383.9591,82.82402,0.81845474,421.66895,76.1336,0.64206046,420.44803,59.350914,0.5447193,415.1924,95.207596,0.5257195,357.32654,108.44997,0.67120236,444.50906,78.91658,0.4295614,347.29196,151.2265,0.7274217,352.75208,185.15112,0.48925915,385.0274,225.63377,0.8996348
110,352.39886,121.462326,0.5731599,366.56848,122.09686,0.29318988,348.22546,105.68742,0.51284873,388.42126,84.825775,0.8351776,427.2018,79.312744,0.7034995,425.0324,60.76991,0.5767899,420.1247,96.05567,0.5244508,361.54657,109.10419,0.56136084,450.24283,83.59542,0.37413597,351.18594,152.21843,0.6539045,356.15088,184.71136,0.5229973,388.5978,226.49062,0.9259118
111,356.61838,119.0872,0.64630336,371.2662,121.68336,0.35530812,353.3965,103.92834,0.5290195,394.21802,85.22724,0.82731694,431.7799,81.136986,0.7223247,431.98474,62.623363,0.5283665,424.81067,97.68475,0.525163,367.4378,108.533585,0.6084458,458.04816,86.135216,0.3781535,356.12473,148.14322,0.62149245,358.93814,184.027,0.47046408,390.87085,226.8932,0.87437713
112,362.33752,118.741806,0.66036403,375.66382,122.38921,0.33081,357.98163,104.94545,0.50546396,399.0936,85.419464,0.78147995,434.56564,82.60501,0.6178462,435.0578,59.823963,0.58729845,429.31604,100.87846,0.5529246,372.05707,109.302536,0.65811497,462.96857,85.77841,0.49062103,357.7708,148.54182,0.5831353,360.6186,183.78133,0.4418712,394.27814,226.32776,0.8148308
113,367.46567,121.99271,0.49447578,377.11096,122.78439,0.21590075,364.10373,110.01544,0.43587536,403.76874,87.13622,0.7959224,444.2807,83.14846,0.7406184,439.1471,59.91785,0.6339552,436.99353,100.95138,0.4860191,376.36337,111.03808,0.50092936,468.87042,85.8986,0.38811997,360.73703,149.15958,0.5858235,362.35666,197.79677,0.40643874,397.08878,226.65677,0.7992304
114,372.36917,122.37909,0.4836656,384.91263,124.06614,0.2850579,369.26678,104.17933,0.33954537,407.83752,90.18328,0.736109,449.27875,84.35678,0.62666327,448.5871,61.322758,0.6136154,445.5306,101.29674,0.5467504,382.1538,111.3758,0.43162173,478.51236,88.334076,0.49564913,366.37872,149.23961,0.55040485,364.5089,197.13272,0.4111705,399.59964,226.79091,0.9115464
115,377.90915,120.73167,0.53814346,389.70865,123.31557,0.31766883,375.11984,104.020424,0.3998787,416.88797,89.30398,0.6835856,458.4867,84.33332,0.59606904,455.97235,64.4598,0.67877775,448.193,105.147766,0.566898,386.4102,110.67256,0.5536267,481.9684,87.65155,0.3991427,371.48523,147.83992,0.5416495,368.13623,196.06702,0.40755203,402.18356,225.84032,0.90802586
116,383.98865,124.384766,0.39905646,482.24637,72.174706,0.18330045,379.96088,110.62858,0.37562415,422.17294,90.72299,0.73211956,464.03546,86.79938,0.655621,463.34747,66.21904,0.6838259,461.78876,106.26176,0.56486905,391.32465,111.47917,0.435372,489.7455,86.12724,0.43781018,374.98645,149.4609,0.54591733,371.71008,193.96736,0.38426924,406.87048,227.38731,0.8475062
117,389.03625,123.13877,0.43928382,399.51,123.94584,0.2837104,387.67578,101.47625,0.29547796,432.31912,91.868805,0.72308874,470.88766,87.7321,0.58191353,469.3265,66.79117,0.7274034,467.29663,107.89715,0.5795604,399.9896,110.81395,0.3942993,495.42282,85.25105,0.4179575,379.1162,147.67322,0.508915,375.7816,182.49202,0.41262195,408.76456,226.9691,0.82724935
118,395.38327,120.71463,0.46033436,403.5384,122.545746,0.2831231,397.15973,99.883026,0.4275272,437.22354,94.66926,0.73325115,477.24594,88.83105,0.6443162,476.4351,68.07891,0.6481634,475.02692,110.80646,0.6249555,405.40024,109.57904,0.52903986,502.5332,84.38807,0.43963996,386.703,145.58864,0.50321174,378.22067,190.33815,0.40751746,410.71585,227.67432,0.81388074
119,401.43234,119.23115,0.3271159,403.69525,117.5611,0.23367146,412.51312,83.46346,0.33481243,447.75684,93.55287,0.7717289,485.38574,87.86488,0.6422681,482.50916,67.59849,0.6765436,483.48178,110.66135,0.72700727,414.44183,106.92879,0.37563404,510.01306,81.904434,0.4903865,391.27603,145.79173,0.46815914,387.60834,180.7247,0.45527473,409.9685,229.87846,0.84527385
120,405.10083,117.741165,0.38598976,413.84363,120.65786,0.2796963,416.5951,82.24574,0.43487382,453.12845,94.242645,0.79156077,492.44302,86.44686,0.67244655,487.75916,67.759964,0.6270122,490.66647,109.9073,0.7492293,418.6784,101.37483,0.5437835,515.5842,81.15841,0.50089747,395.1358,143.6331,0.4009973,389.5776,180.03372,0.4745871,409.85092,229.96336,0.81518316
121,413.79617,82.59573,0.42745602,414.63278,114.44228,0.31143048,421.575,81.355064,0.435327,456.9818,95.503876,0.7649257,496.31873,86.12831,0.6435307,492.71167,67.22913,0.62823063,496.55832,108.18596,0.68796116,423.6416,101.7089,0.45518795,521.1344,78.71388,0.5222679,400.2005,143.62495,0.36276785,391.69434,179.1955,0.43333414,409.10516,230.60431,0.7998471
122,415.83423,82.58867,0.4506119,417.03857,114.78642,0.36402106,427.09665,81.283905,0.5199894,463.78873,93.97208,0.8014406,501.1114,86.032074,0.6117689,496.50937,67.43162,0.6347174,500.56342,109.23037,0.78518474,428.97766,99.4702,0.42851672,526.1862,77.74118,0.48086685,392.45746,209.34106,0.36172915,394.6764,178.88881,0.38083974,410.1635,230.47852,0.7655115
123,419.738,84.288895,0.4111345,419.8264,113.66576,0.34210896,432.64685,80.97451,0.5376522,468.68732,94.384926,0.8284508,507.14893,84.17302,0.64285135,500.38693,66.65025,0.61658216,506.24185,107.838776,0.77610886,432.8562,99.08567,0.56210005,530.3651,77.05424,0.5458552,393.52762,193.86258,0.41764057,398.55817,177.32309,0.4170156,412.72552,231.55519,0.7400044
124,422.6947,83.42287,0.5121106,420.92328,95.05572,0.41496933,433.54907,81.46774,0.55606,471.44827,94.72805,0.78806067,510.40213,84.1271,0.6287877,503.55725,66.65735,0.5909326,510.8503,107.912735,0.7292549,436.1222,100.11741,0.5332778,533.93384,77.26194,0.50057316,397.31955,206.41357,0.40550476,402.39343,178.48163,0.43205792,414.62674,230.68999,0.8134309
125,426.85065,83.16605,0.5057912,424.054,94.86041,0.4467081,436.98715,80.52074,0.5724491,476.6575,95.28253,0.7737758,514.24255,84.23832,0.6352603,509.68,65.7768,0.6133189,515.03284,107.28067,0.7742647,439.83093,99.95518,0.4899815,539.7816,76.29726,0.53565496,399.46234,206.0345,0.36139384,404.9453,178.31047,0.43484434,417.79675,229.94693,0.8745621
126,429.8243,81.78979,0.50068814,432.76413,112.28906,0.384219,442.58875,80.60905,0.54950494,481.95892,93.23622,0.79909325,521.54095,82.67068,0.6254667,514.3358,66.0015,0.6016743,520.12384,106.87466,0.73563874,445.89413,99.26018,0.45686764,545.06146,78.166794,0.46014294,401.16534,204.05113,0.3376897,407.37003,178.026,0.4347103,419.35522,229.01013,0.9291812
127,433.94186,80.7196,0.43588156,436.10858,111.10191,0.42194957,447.75043,80.95295,0.5553341,485.8048,93.54271,0.8272846,524.8593,84.06068,0.7019158,519.077,66.29021,0.62458456,525.49457,106.26975,0.7304611,450.22842,98.604454,0.57403624,548.4457,80.84529,0.46173176,407.45654,193.34673,0.35069206,418.73898,156.53568,0.36989525,420.5959,227.33075,0.8874204
128,439.96622,81.75801,0.3538623,437.41434,93.46928,0.40598714,452.83627,80.43604,0.5235823,490.94858,93.84826,0.7346481,528.951,85.81118,0.6815502,525.0978,66.4473,0.6103589,528.84705,107.24441,0.694763,455.2031,100.1817,0.47616002,554.6711,81.78872,0.44385937,410.70465,193.29596,0.443096,422.00565,157.29756,0.4192744,421.63022,225.37903,0.75174874
129,447.23715,81.38938,0.39380306,448.26837,111.05101,0.3991155,461.0825,80.44812,0.5062825,497.31265,93.2212,0.8081237,534.02356,86.34636,0.6795857,529.3573,67.04732,0.66602236,533.0399,108.244514,0.70399636,463.07446,98.97783,0.50016606,558.4505,82.23067,0.4132138,412.71613,191.467,0.45224813,426.56967,155.72318,0.3770525,424.87943,223.948,0.66661704
130,457.0139,86.69709,0.25290942,454.77927,115.2071,0.35879645,466.23215,85.62762,0.47428542,502.97443,93.87777,0.79630387,541.4562,86.64732,0.6938929,535.6591,68.078125,0.657628,539.38763,107.76628,0.72086334,469.44986,101.91199,0.49948248,563.96765,83.253716,0.38954726,416.1299,190.48625,0.3332407,429.87265,156.72078,0.4205669,425.72086,223.26408,0.6274682
131,465.31012,103.70096,0.37915704,464.2333,117.97283,0.39281258,471.5408,87.808014,0.4769543,510.47787,92.20753,0.7748512,547.29333,87.22098,0.66005296,543.3774,69.05266,0.6336359,544.4796,107.8184,0.5933512,478.34286,103.8283,0.49717095,569.50836,87.17244,0.41155753,423.92102,175.92963,0.3601075,433.94595,153.8998,0.39350718,426.05212,219.8169,0.60908026
132,469.50293,110.61245,0.3289411,473.2253,118.88887,0.38712943,475.56628,92.311584,0.4777558,516.11224,93.211914,0.80527955,552.8547,88.31323,0.7471385,548.0982,70.22873,0.62212616,548.9704,108.2409,0.6285739,484.3316,106.185295,0.45484236,574.9742,87.88751,0.50030255,424.68872,192.76367,0.33656177,436.8408,155.45752,0.45688114,429.4456,217.339,0.705711
133,473.2629,110.38336,0.26297235,479.69003,120.18384,0.39331758,481.1042,95.96646,0.49826193,521.45166,93.65773,0.7161877,556.6868,88.69477,0.76948214,552.30084,70.28545,0.5586474,553.82745,108.24907,0.64005303,490.89722,106.475395,0.41987482,579.5642,89.83971,0.4172096,428.08295,194.84293,0.3539789,442.83057,153.63754,0.45388666,433.12415,213.9835,0.7464217
134,483.20087,111.51466,0.36923236,489.25537,120.17097,0.43895197,483.87634,98.86987,0.49885792,528.5234,92.07165,0.77767944,562.6454,88.39038,0.65090054,560.0853,71.84267,0.46770936,560.7354,107.26125,0.5620626,495.8135,107.70866,0.49927932,584.3315,87.325096,0.36584735,430.6427,194.5456,0.33517143,445.0795,153.02203,0.4557147,436.31754,212.01851,0.72788835
135,485.39215,112.47291,0.43452376,492.59805,120.68325,0.5465699,488.28662,96.341095,0.58058375,531.83856,92.88243,0.8106197,567.46466,87.251656,0.662896,564.4844,70.43735,0.4898328,563.81134,108.578835,0.66166455,499.3579,107.31402,0.61584854,587.0385,86.54392,0.3654137,435.4597,182.91241,0.24297419,446.40094,159.61932,0.45641163,440.0385,212.36813,0.6847249
136,490.59985,114.725845,0.39223725,496.96405,121.89183,0.5612797,491.67273,100.10887,0.62251216,535.6909,92.63172,0.75358444,571.29694,87.71499,0.70227665,566.41327,72.50392,0.47498134,566.9106,108.32527,0.63848317,504.10593,107.88549,0.5922209,592.46387,89.09048,0.41109,441.8572,179.15738,0.24908791,452.4366,154.76668,0.41429773,444.03238,211.04874,0.6699486
137,499.09128,117.016396,0.39173752,501.4815,122.026695,0.5583461,496.17227,99.45755,0.56035686,540.3485,92.69119,0.70374095,574.7726,88.506714,0.73561156,569.4737,72.16884,0.49968943,570.0993,107.85227,0.5994391,510.21182,109.13751,0.5400128,596.8282,91.66123,0.45013356,445.34283,194.69788,0.32035625,459.34088,153.12408,0.44970706,450.18613,211.4022,0.7618584
138,500.60352,115.04097,0.43075174,508.16193,121.65454,0.55223215,500.3784,99.52654,0.5926727,544.65497,91.83425,0.7964052,578.2236,89.098724,0.6393035,577.028,72.5984,0.4548983,574.6328,108.52907,0.56030273,512.9359,108.44432,0.60186607,599.89185,90.11982,0.44949576,449.49347,193.3356,0.24153575,474.05994,140.56781,0.46634984,457.0296,212.62672,0.68755627
139,502.43192,112.897835,0.3574556,508.85736,119.476814,0.49669307,506.61288,94.73943,0.5736339,548.6312,92.85118,0.8178319,583.26843,88.74741,0.6218939,582.2357,73.273315,0.50319296,579.21606,108.52916,0.58820856,517.1316,106.36753,0.5562376,604.5285,89.826225,0.42307207,458.39423,178.80843,0.29935613,475.956,143.97177,0.43656385,463.36716,212.79697,0.7326809
140,512.22577,107.77543,0.2775506,511.60812,119.59723,0.40743217,513.5109,94.61809,0.5159363,551.70337,94.51893,0.77916706,586.1817,88.30431,0.6730757,584.67114,73.6197,0.52830064,581.76,109.34164,0.64844835,523.3657,105.892395,0.454225,608.05615,91.54313,0.5000626,459.75772,195.59798,0.29933816,474.1544,153.48488,0.48118696,464.9894,213.6375,0.7212183
141,514.50635,113.07836,0.27030647,515.4469,121.25644,0.33264777,516.3782,93.865295,0.45278177,556.5957,95.702835,0.77775884,588.0352,89.84095,0.65635306,586.35974,74.65001,0.4933022,584.98706,109.86434,0.65657884,527.7055,105.86776,0.41293988,610.1101,91.7359,0.4161002,463.9066,180.55536,0.24516545,474.10217,162.07947,0.4709074,464.44202,214.36526,0.70818615
142,516.93634,119.307175,0.3288746,522.0797,121.99797,0.32614622,520.3498,99.35906,0.42624283,559.81036,96.74672,0.8243276,589.2921,91.086395,0.6735833,587.2395,74.43342,0.5432022,587.75946,109.54057,0.6854869,530.96747,111.84912,0.41671407,610.6388,92.08978,0.37966093,467.11053,194.96341,0.22086485,484.6874,158.3681,0.44950604,470.29913,218.51898,0.5876776
143,520.0621,124.176575,0.2682338,544.00977,134.09181,0.30878562,522.8607,104.076004,0.37338918,560.00836,95.03897,0.8087862,591.3568,91.17511,0.62778825,591.06793,74.27406,0.5295774,590.96936,107.98745,0.6052672,532.99536,115.833405,0.40168205,611.90985,92.27559,0.36280987,507.31406,139.93909,0.2506,484.6168,173.55353,0.46851814,477.5574,225.18861,0.7781078
144,520.57794,125.567375,0.2690892,544.0271,134.65872,0.25378138,522.11,116.017784,0.38617963,560.06635,96.81735,0.8048723,590.6744,91.39593,0.64098316,587.6147,74.97054,0.5420756,590.58606,108.39111,0.612585,533.7033,117.88073,0.35182694,611.7334,91.90665,0.36788908,503.17322,146.31587,0.26925397,490.6574,177.05893,0.45427102,483.33624,230.78519,0.79084444
145,520.16223,126.299225,0.29079643,545.195,134.873,0.22141308,524.02405,112.67612,0.33604425,559.9759,97.618996,0.78776056,590.7406,92.16653,0.6410919,587.49115,75.09033,0.54865265,590.657,109.60575,0.5675153,536.8293,120.66095,0.32505688,612.0094,91.75705,0.35675657,508.007,145.3323,0.30529675,495.39273,179.73221,0.44499266,489.1179,234.901,0.60189056
146,520.86194,128.14867,0.25195658,533.3022,134.42044,0.1967605,524.2178,118.56026,0.30831045,560.18976,98.8592,0.76166344,591.1164,92.2987,0.6297204,587.86084,75.63393,0.5333564,593.1111,108.50425,0.53746545,536.19135,121.70283,0.35454985,612.06,90.871796,0.32467932,506.9478,154.69334,0.3331261,499.6794,176.80898,0.5019946,489.07397,238.16408,0.5936924
147,521.1535,129.70312,0.27271962,532.455,134.93602,0.20756495,524.81433,119.25897,0.32709324,560.10077,100.16297,0.7281132,591.238,92.51971,0.59720343,588.1853,75.970375,0.51639247,593.6862,109.242226,0.49263236,535.7413,122.610344,0.40109602,612.0526,89.9276,0.2999479,507.23996,155.05109,0.36705688,500.48785,176.93414,0.48699763,491.34613,238.36528,0.6548757
148,519.84424,133.8806,0.2385083,604.7591,77.99763,0.16320968,525.07794,126.16572,0.2969984,559.3195,100.80415,0.6835974,590.56976,92.4536,0.62068284,587.29694,75.48661,0.5343893,552.3667,135.31277,0.5889848,535.89026,124.53717,0.31834266,611.9484,89.14985,0.29099843,510.09497,153.07289,0.370911,500.48987,176.2334,0.46230465,493.53784,239.00746,0.7145757
149,521.36597,134.87512,0.24150269,604.8813,78.2134,0.16967693,526.1606,127.128174,0.32377726,559.99036,101.052925,0.68401843,591.2033,92.73817,0.60510933,587.4144,76.101326,0.52521616,553.79144,135.57018,0.6433699,536.53394,125.278885,0.31602463,612.4067,88.78727,0.2729124,512.0449,153.97314,0.38890666,502.14767,176.84898,0.46168563,496.52402,239.65623,0.7815482
150,525.81274,135.59935,0.27849776,534.8621,138.07874,0.19350241,527.24384,127.13185,0.36478576,561.86285,101.392166,0.7285016,592.3598,92.614685,0.59038776,590.0887,75.921684,0.49654552,555.1035,135.42464,0.62911385,537.9179,126.65631,0.35782304,613.1332,88.102165,0.24844173,513.84753,154.90457,0.36612132,499.8098,187.4455,0.44797465,498.21442,239.24905,0.7715518
151,530.59644,135.74612,0.27409458,604.5481,79.09229,0.18954124,529.5746,127.287315,0.30502975,562.40466,103.40407,0.72546375,592.86914,93.10986,0.58183765,590.4694,75.92924,0.4923791,555.2584,135.16191,0.5788076,542.853,127.60337,0.2899457,613.42926,88.10604,0.2218754,514.808,155.6885,0.36930057,499.53354,190.39575,0.4555858,498.85684,238.98619,0.743122
152,532.50653,137.69432,0.26390043,596.00415,78.39858,0.20023592,535.95496,120.32329,0.22865333,563.3791,105.06723,0.7619355,593.4588,93.06955,0.5673523,590.0313,76.44693,0.5099744,598.9211,109.56723,0.5864552,599.36945,476.29175,0.25999004,613.4951,85.98331,0.24590558,516.5499,157.76451,0.3406519,505.14813,183.82086,0.4168292,500.39517,240.94363,0.72043955
153,615.55707,84.15984,0.2630485,594.76324,78.16524,0.2102184,536.7632,128.4851,0.2354343,565.95746,107.0457,0.76958936,594.2947,93.1994,0.55299175,589.37335,77.38641,0.48105234,601.4852,110.55027,0.62210053,599.24164,476.31262,0.2596314,613.94885,84.3402,0.24938917,515.3424,162.66663,0.40501788,509.3465,184.42775,0.45312876,503.9852,242.48062,0.6885944
154,613.4263,83.50559,0.30258778,594.1752,79.83081,0.23906529,538.6172,130.25098,0.24276315,569.5828,110.02739,0.7962287,592.96204,96.27592,0.47889596,588.9198,79.440735,0.40810743,604.2249,111.755936,0.57667613,546.60675,132.96051,0.29076248,532.5709,141.39955,0.30021432,520.93915,162.9558,0.4305891,509.4317,193.04555,0.4667559,504.12613,244.66437,0.67914706
155,612.4044,81.30969,0.32497674,593.5872,79.68922,0.2753001,610.65546,99.23778,0.24144118,570.57806,110.91751,0.7810681,595.397,98.54643,0.46955928,588.7928,80.62555,0.40907875,605.9511,112.89846,0.4954563,549.35706,135.46408,0.34068862,534.66693,144.03296,0.3503098,526.9856,163.40802,0.41814166,512.8157,194.52086,0.4985962,504.9275,248.47643,0.6287168
156,540.4252,151.35617,0.46526623,593.75604,76.81173,0.28324267,536.2003,135.45276,0.3720888,570.4362,111.6733,0.8063717,596.5143,97.55958,0.46519428,589.46063,80.36495,0.37491873,607.74,112.089615,0.52882046,549.1974,137.85312,0.46646515,539.8673,146.62367,0.37782457,527.44946,172.36955,0.45150068,516.7787,199.33878,0.50513124,510.14563,254.8529,0.6835712
157,609.3197,79.32364,0.41457173,591.8804,76.4086,0.30682224,539.82965,114.87582,0.3691556,571.7038,111.88451,0.8198503,595.9162,97.67207,0.44003052,588.80646,81.15581,0.31390366,608.02527,110.76799,0.4814029,548.80206,135.128,0.38866082,540.00134,147.0089,0.4083198,531.72614,176.58517,0.43826845,518.92896,206.45726,0.5076102,511.61377,255.27327,0.7574288
158,603.0195,75.11578,0.42396778,585.8362,75.71706,0.43845186,608.0302,92.357796,0.3698352,571.7696,112.6503,0.82133675,593.00635,97.86479,0.34656048,543.1966,115.03149,0.19772552,606.19135,107.494804,0.4269316,593.7854,92.11245,0.4622904,542.3672,150.48476,0.37425926,529.4619,179.66069,0.4927084,520.80865,207.92358,0.47653142,512.9965,256.34943,0.8060811
159,596.94836,71.39966,0.65073055,581.0754,74.69907,0.53693426,605.3192,85.55034,0.49458876,573.4765,113.36652,0.79948556,575.3777,129.47203,0.3759535,544.89984,116.44909,0.20040782,582.51,144.9586,0.39233586,592.74176,87.7015,0.54873383,544.835,151.54231,0.49436116,532.11755,180.88632,0.5442273,524.12604,208.52243,0.46242422,514.64154,257.37357,0.754296
160,593.00714,70.49162,0.46608815,580.1409,73.76551,0.47977406,603.4636,89.338425,0.39947224,574.1354,113.87899,0.8017474,576.5285,130.89322,0.40467262,546.5912,117.399376,0.18011886,583.91724,144.63034,0.452343,589.62506,86.63351,0.57431114,546.39514,152.64267,0.52594703,536.18097,182.28331,0.5762543,526.56165,209.56519,0.51407874,518.7999,259.0326,0.6805882
161,585.60706,68.55922,0.45111522,573.10876,72.990295,0.48839444,599.5519,85.01621,0.44381762,575.0294,113.73791,0.80359155,578.7459,129.21729,0.40609303,603.6704,122.66297,0.19044895,584.6937,144.92586,0.46949676,585.7511,86.10388,0.53387505,547.47656,156.52504,0.48701125,538.8926,183.83963,0.59045833,529.0381,211.88503,0.5542142,519.67456,260.75378,0.6386733
162,583.6834,67.94543,0.5220176,571.3439,71.1049,0.5177598,597.3662,84.18209,0.54207355,575.09503,112.202225,0.8135008,577.709,134.05464,0.42092925,608.50555,122.57656,0.23603708,585.69354,144.8751,0.37181932,582.85455,84.56819,0.5878269,549.4067,158.11464,0.5173845,542.2483,183.02603,0.62578857,532.48145,214.6533,0.58894765,524.48553,262.5449,0.6187312
163,580.173,67.97402,0.59353846,568.3238,73.242935,0.6439553,595.87585,83.85649,0.677677,575.68567,111.71846,0.85213804,578.3974,136.18484,0.52213746,608.46246,123.70741,0.2669899,597.6837,132.26118,0.36236712,580.21185,85.7331,0.6995472,556.09827,157.80647,0.48423418,545.7443,185.74168,0.639815,538.04865,217.37964,0.50669533,528.73254,262.85675,0.7511343
164,572.17914,69.69866,0.833624,564.6792,77.36554,0.8149843,594.0249,85.535225,0.77598035,577.55664,111.64121,0.845618,578.937,137.20071,0.60147464,608.98816,123.79451,0.35652605,597.50146,131.69138,0.35652494,579.30457,86.34109,0.7513694,560.1648,158.46927,0.61673754,552.2176,186.62651,0.63921684,543.66943,218.2968,0.58981425,535.0117,264.9917,0.6003545
165,565.2493,69.95992,0.83240324,559.4985,81.308495,0.86290675,591.8143,83.37333,0.7257761,579.7531,112.77041,0.86797094,580.8591,136.63496,0.59536856,610.1252,124.15051,0.3702414,557.0024,128.83983,0.4505946,575.9435,84.67562,0.7465319,562.2663,157.99875,0.68959415,554.46454,188.46841,0.6788519,548.426,218.95557,0.61038154,540.17456,266.51318,0.6185682
166,561.3103,71.35783,0.8336012,559.3399,84.27718,0.86362475,587.20026,76.450035,0.7026934,581.44183,112.322014,0.85072863,581.84607,137.20273,0.6904575,610.1881,126.749374,0.43438533,558.13324,129.52327,0.5311984,575.92596,83.84758,0.76588786,564.0669,158.11551,0.7128284,556.4292,188.36774,0.6118472,551.4458,222.52315,0.5851757,544.2655,267.1876,0.669626
167,554.2274,73.636696,0.71422625,555.5865,87.23563,0.8860999,583.72125,75.41752,0.75091046,582.7771,112.178406,0.8665263,584.0221,138.56436,0.7987759,610.1406,128.67703,0.49291506,560.1927,131.51962,0.61720544,574.0561,83.350716,0.8174596,566.8947,159.98502,0.6937426,563.4574,191.91942,0.6331526,555.66394,223.14313,0.5443631,549.2346,267.08792,0.5950134
168,549.0833,75.73827,0.772571,555.151,89.55568,0.7761689,575.7986,70.535034,0.7596379,583.99286,111.31521,0.8159905,585.9778,138.41864,0.8637635,611.2987,128.2325,0.56271076,562.79706,133.26265,0.6989784,571.8323,83.49751,0.81708586,573.6032,159.63396,0.70572287,567.1659,192.98006,0.6443699,560.9989,224.7496,0.6439983,554.6934,269.51117,0.5708896
169,545.2399,79.212,0.8449242,554.38293,92.36361,0.72565514,571.51337,68.67797,0.7851241,585.9598,111.11931,0.7304681,589.77765,141.30626,0.90617925,611.20337,130.01022,0.67340285,565.97217,135.53392,0.732877,570.8799,83.91269,0.7890526,576.0498,159.52686,0.8396638,572.0299,193.04036,0.6803028,567.3602,224.64449,0.6436556,561.05133,269.27673,0.67084277
170,539.36334,82.10458,0.80441743,554.3941,96.00603,0.84553343,567.2774,69.51342,0.8154145,587.6452,110.281975,0.64531535,591.2943,141.04474,0.87703836,612.15826,130.34691,0.7129361,567.8272,136.83705,0.68804437,569.5877,84.946304,0.73787385,577.94824,159.01956,0.88067967,573.81036,192.32559,0.7118903,571.2752,224.79396,0.5553262,567.2576,270.47086,0.57790995
171,536.8176,81.45595,0.7925359,552.24695,95.10195,0.83078617,565.9998,69.12255,0.82525736,587.32855,104.88687,0.652041,589.6667,137.08617,0.92615575,613.08527,129.83502,0.8377735,567.1857,135.66243,0.71461403,568.75385,84.1661,0.7838212,581.03204,157.06084,0.8747588,576.74854,192.96527,0.6754721,575.0107,225.73456,0.6235565,569.929,270.778,0.587082
172,535.7079,81.79493,0.85888296,551.7494,95.69509,0.79260296,563.14154,68.40373,0.8330212,588.0346,103.338295,0.69208527,592.4615,136.57178,0.9791449,614.46045,128.13268,0.8643392,569.6561,135.74586,0.6949469,566.7898,84.459785,0.80529,584.61707,156.6303,0.8033165,581.11975,190.84084,0.6764492,577.6222,225.90965,0.66601276,574.0217,268.31644,0.63947797
173,533.23834,82.6902,0.9248284,550.79254,95.90712,0.8430316,560.8067,68.218475,0.7861646,588.34247,102.68098,0.7104109,594.8932,135.64554,0.9793173,616.15564,127.07258,0.85067785,571.6322,134.42554,0.72856885,565.2133,84.650185,0.80927557,587.11145,157.67404,0.7440631,584.96136,189.04802,0.72552615,582.51,223.66881,0.616795,576.18854,267.42453,0.6644488
174,529.5801,82.41223,0.95085096,549.1497,96.02199,0.9064161,557.9038,68.97762,0.7227248,588.49603,102.02646,0.73956734,597.82855,134.85133,0.95607483,616.64124,125.001274,0.8164718,574.11707,134.36906,0.77960885,562.8951,85.14265,0.76777935,590.8431,155.9855,1,589.3026,186.67952,0.71431047,587.67084,222.4131,0.5641491,581.04926,266.8856,0.5844488
175,526.7121,81.435326,0.89140904,545.95734,96.41346,0.9258831,553.6343,68.60272,0.7529827,588.0512,101.936874,0.7706129,601.2146,133.91719,0.8913085,619.52386,125.63909,0.74004394,576.425,135.45682,0.7853985,559.37836,84.77848,0.78141403,595.23926,154.17783,1,594.1546,187.30261,0.6801648,591.2803,222.91962,0.5819031,584.75305,266.88098,0.569609
176,524.1988,80.08713,0.7838572,544.02594,96.558586,0.92189276,551.69684,68.087616,0.7894853,586.3884,101.570045,0.8075498,605.0288,132.1517,0.8370463,622.25946,124.71029,0.67260414,580.0296,135.81502,0.76010025,557.4059,84.50978,0.7684661,601.3161,152.04005,0.97403044,599.10767,184.81468,0.72923464,595.99426,223.16936,0.6319626,589.94135,264.90283,0.6464833
177,522.4778,81.01309,0.77670145,542.0038,95.77799,0.78764737,550.62976,67.1553,0.8151094,584.7463,100.04548,0.8345925,606.6334,129.10568,0.7353439,623.6915,123.56984,0.6373498,581.413,134.73775,0.7226516,555.10266,83.605545,0.7780124,603.5437,151.18993,0.92633027,604.6591,185.21936,0.6616973,601.9345,222.86563,0.5291037,595.1019,261.27924,0.6425069
178,520.0589,79.22461,0.83798575,540.6339,96.77864,0.7530794,549.12256,66.91253,0.7995631,583.84045,99.38499,0.7952224,609.9413,127.558975,0.7074916,625.1346,121.03163,0.56248796,583.8715,134.54427,0.6586795,552.953,83.28529,0.76342416,608.7309,146.6851,1,610.5885,181.6967,0.57544154,610.4469,225.15991,0.51447237,607.48267,257.1399,0.3425367
179,515.03516,78.81039,0.95528543,538.2553,94.87098,0.78787154,546.66205,67.36689,0.7814645,582.14124,97.174904,0.8117945,608.57043,122.76684,0.6680197,624.3703,116.65092,0.49986196,583.3381,133.3662,0.6599944,551.66144,83.277466,0.7788708,611.93335,143.18169,0.89653546,610.76996,176.60585,0.52478874,604.85754,214.15192,0.4393365,612.77704,240.95467,0.20315996
180,511.34836,77.61355,0.9474435,534.813,94.58131,0.82394725,543.175,66.2624,0.69119835,579.28656,95.65858,0.8222692,608.7711,120.929924,0.7901266,624.0721,114.15177,0.47600448,585.0465,132.13664,0.640913,548.5583,83.19739,0.784269,613.8264,142.02225,0.7910219,618.2801,172.94368,0.42591798,615.3679,205.72208,0.3047028,392.9728,227.33174,0.11128085
181,510.12405,77.15604,0.9012772,531.82697,94.83797,0.8558328,538.33954,65.09073,0.69337326,576.4414,94.30303,0.7956188,608.9249,117.64447,0.90413696,623.6061,111.48053,0.46695176,584.89343,130.81532,0.67062974,545.0574,82.905304,0.74990046,617.45984,137.92548,0.64753133,619.95404,167.91808,0.49229008,620.02264,205.66464,0.39557484,395.83435,227.76059,0.1134482
182,509.00067,77.70036,0.827731,530.26447,95.60594,0.8342498,535.8985,66.18987,0.72829103,575.6211,94.4051,0.79365027,608.03107,114.04427,0.91530436,620.88,104.134735,0.42288744,586.56287,129.12186,0.6910179,542.65137,81.742935,0.74007505,620.97076,132.58038,0.6812007,621.49554,165.18063,0.4687694,622.7583,200.99931,0.3223683,397.8063,228.17766,0.13287407
183,504.95944,79.835976,0.8231379,529.6082,94.43169,0.8188059,534.4011,67.82736,0.79115236,573.8507,93.77111,0.84733224,604.95984,109.81523,0.8138201,614.6889,95.60265,0.46906668,583.6722,126.766426,0.7223552,541.3179,82.473976,0.82559365,621.0143,127.3718,0.687867,620.66455,162.17407,0.43630803,622.668,191.17863,0.24812093,400.04886,228.1178,0.18671054
184,500.78973,81.63091,0.8938415,525.89185,94.083084,0.7577833,531.6307,67.661964,0.7853444,570.2229,91.35153,0.8498566,601.6675,107.13266,0.8313932,611.89636,94.027275,0.4186702,584.4372,124.727455,0.75771904,538.61444,81.996506,0.81853384,618.9596,121.607185,0.5850994,618.8884,156.42558,0.39740768,624.3648,186.19518,0.2459684,402.44824,228.01308,0.17261234
185,499.26633,83.094505,0.95319813,522.96844,95.252655,0.7502972,527.12354,68.28644,0.6804609,565.8432,89.59636,0.8403999,598.95233,104.682915,0.84951025,606.0913,85.23895,0.4169847,581.90924,121.87578,0.8434701,533.54803,82.37521,0.81928587,614.3785,118.69327,0.6123081,621.91705,150.34706,0.40086594,624.96173,184.09062,0.25312838,405.4404,228.19312,0.12079637
186,497.85913,83.347664,0.9663812,521.4545,95.12607,0.7668777,523.5592,67.87139,0.6909711,561.60657,88.44984,0.8289211,593.6821,102.434845,0.8305012,599.83026,82.57001,0.4582502,579.02747,120.568535,0.872071,530.9029,82.281845,0.8176759,612.4899,116.04492,0.74485177,622.83374,148.84355,0.38259125,628.74335,182.95377,0.2160828,410.2454,227.10486,0.15961957
187,495.2967,83.32127,0.85849905,519.551,94.602066,0.83011174,521.331,68.10878,0.709681,559.3803,86.97304,0.8201747,592.27075,99.89272,0.8600369,598.4774,81.62561,0.56192905,575.6543,118.277054,0.8032576,529.1604,82.50691,0.8347752,609.1949,116.57216,0.78285986,622.8269,148.94804,0.43641564,629.53656,183.23512,0.23634583,413.1471,228.29926,0.16152275
188,489.4932,83.15304,0.77779436,515.9951,94.09775,0.85436594,518.1792,69.14766,0.75806874,557.2524,86.455696,0.88460743,589.0004,98.067726,0.9238921,592.51636,75.69461,0.6520561,571.18097,116.957184,0.7532131,526.236,82.507454,0.8787564,606.4679,115.14286,0.82915586,622.7706,146.00317,0.37531206,627.52734,182.80243,0.17726517,415.15927,228.42288,0.1859858
189,488.2948,81.05527,0.82182556,513.5595,92.85439,0.81231755,516.40686,68.84787,0.7458463,553.51764,86.35444,0.8669441,585.90186,97.473206,0.86559695,590.4533,75.36447,0.7345282,567.8608,117.00875,0.7478299,523.7431,81.6756,0.8954568,602.133,115.252945,0.8599332,619.10535,146.54088,0.40423983,616.7079,179.20741,0.12761037,417.5889,228.24786,0.14223063
190,485.92084,80.47124,0.88957536,512.20074,93.7065,0.7408076,514.61053,68.46525,0.7238326,550.7487,85.71763,0.8521143,583.14874,98.315704,0.83069104,587.56555,75.994705,0.7362355,564.87445,117.31192,0.74296796,521.48944,80.91867,0.8206976,599.26746,115.30168,0.85079294,614.56995,146.8642,0.48347726,612.6589,180.08829,0.22732306,593.31824,466.63217,0.19883415
191,480.12698,78.71789,1,505.17126,92.8966,0.8356777,508.97122,66.919846,0.6885492,544.2804,87.41573,0.87903523,578.8484,99.30999,0.85944164,582.745,76.02522,0.7046731,561.18207,118.035255,0.7706791,514.58545,81.63678,0.7714641,596.8178,115.70565,0.88284665,608.8504,146.0773,0.53322804,605.669,183.3612,0.33069113,593.43274,466.58868,0.20094314
192,473.44476,76.62019,0.7851268,496.96793,91.777794,0.9106192,502.41202,66.54823,0.7699588,541.67145,89.23323,0.8648208,575.98,100.68712,0.8315882,582.22205,79.28844,0.7079684,559.75165,121.3017,0.8050917,509.11655,79.900894,0.7516494,595.2687,115.51414,0.86653537,606.9901,146.05376,0.57453966,607.46063,186.48235,0.47948933,593.3668,466.6839,0.19754173
193,467.1458,74.82843,0.8542168,491.51273,89.05003,0.7588317,497.9486,64.30933,0.76318425,536.88434,88.07773,0.83857965,573.883,99.33847,0.90527743,578.9706,79.41693,0.75242186,557.44946,121.44742,0.8622891,503.5141,78.51659,0.6932498,592.85315,113.45743,0.8825459,603.0173,143.73901,0.54728925,605.9094,183.8954,0.5696442,604.29407,223.97484,0.53005284
194,463.48795,73.44133,0.8673668,484.9214,88.72924,0.92769694,490.92352,61.925934,0.7353738,531.4871,87.48375,0.8881282,569.8816,98.84842,0.90488166,573.9465,77.535995,0.747738,553.50745,119.226204,0.81998366,498.28513,77.4136,0.70779467,590.3077,111.19614,0.79269475,605.1718,136.42146,0.5064686,599.9072,179.2375,0.60566396,597.82904,217.39352,0.41809082
195,459.4378,72.67028,0.87083817,481.16074,88.6715,0.8736246,485.5166,60.672783,0.7995017,527.78546,86.6984,0.88966924,566.0612,98.294,0.8655468,568.9526,76.5626,0.78572375,551.8041,118.15965,0.9076598,492.4397,75.88981,0.73229223,585.969,109.13233,0.7744133,600.17645,134.36629,0.5193987,596.614,177.36165,0.6516004,595.0498,216.78882,0.51315355
196,453.77237,71.78468,0.8641698,478.8683,86.97753,0.7968834,482.77438,60.89509,0.7653535,524.1517,85.558365,0.87333524,561.34607,96.05001,0.8897986,562.043,73.70089,0.7841112,549.0937,116.25591,0.93794495,490.27905,75.89453,0.7177524,581.634,105.86302,0.6527545,595.2221,131.61708,0.4798764,594.44714,172.04134,0.62492675,592.8151,217.63435,0.59377337
197,447.40503,72.7564,0.86412406,471.94788,87.7563,0.90973026,473.58975,61.21341,0.7348687,518.67737,82.90439,0.89978456,556.3843,95.062386,0.839986,557.5589,72.14016,0.7044271,541.99176,113.51691,0.8564581,484.4613,75.54453,0.74091625,576.4546,104.14722,0.7511583,588.59827,131.17876,0.53415245,592.8228,170.0255,0.6328533,592.87164,215.40187,0.6977219
198,440.9821,73.96895,0.7939017,465.10297,86.8236,0.94031,468.46686,61.460907,0.85331863,511.38242,82.943535,0.9196576,550.35864,92.63442,0.9549442,550.6561,70.47142,0.74548495,535.90753,113.04122,0.8503301,475.68216,74.84137,0.8022265,571.2822,101.38178,0.79565215,587.5178,123.2317,0.58795244,590.411,167.02945,0.63524306,591.84106,211.70044,0.80687934
199,435.5136,75.71313,0.9094639,460.07416,87.87793,0.86273557,463.96762,62.241917,0.74352133,504.4416,82.194565,0.88126814,543.0722,92.389725,0.9075541,544.24036,69.63711,0.7520914,529.44305,112.16535,0.88603735,470.96393,75.42086,0.76900196,565.474,100.73026,0.85717636,588.3184,119.43975,0.58008844,589.52264,165.2743,0.6573669,590.8381,207.41397,0.7809354
200,431.62143,75.9174,0.97018516,455.26144,87.8875,0.916089,457.21268,61.69558,0.7653702,500.33813,81.408394,0.9064739,537.16425,91.059135,0.82973593,539.0172,66.34124,0.74693,522.5988,111.48171,0.88226825,465.7727,75.67276,0.7966881,558.8675,100.452965,0.92267686,581.68365,120.32404,0.6346424,588.2645,163.1959,0.61971,591.7722,207.29889,0.78634596
201,425.95197,75.9527,0.7759401,450.2792,87.85349,0.918968,453.41895,61.667545,0.8662203,495.2952,80.71403,0.8496907,532.6443,90.31356,0.9373903,534.65576,66.040344,0.78316414,517.22003,110.715904,0.86835766,460.38132,75.28944,0.8194554,553.50684,102.32026,0.88870126,577.3078,123.67677,0.6689118,586.6856,168.69922,0.64459026,596.6236,209.52716,0.730347
202,421.92816,75.8944,0.850943,446.00354,87.89314,0.8458491,450.42722,62.46504,0.8267413,491.65054,81.17186,0.8822684,527.20856,90.07717,0.88608116,530.5589,66.06868,0.82044894,511.86005,111.4761,0.83614165,457.3076,75.78057,0.7974605,550.19037,101.85454,0.87453485,572.6681,124.58024,0.7446917,584.8612,168.13643,0.6942033,596.61725,208.98506,0.72725654
203,418.05008,76.56706,0.97294754,442.53433,89.20708,0.8431265,445.97968,62.946228,0.7240821,485.5128,81.45208,0.9223322,522.3009,90.509224,0.8104066,526.84717,66.311264,0.79239434,504.20242,111.71886,0.8234059,452.56766,76.93433,0.8123823,544.7019,102.07728,0.8608535,569.9814,123.50968,0.70692086,582.4334,167.26118,0.7618988,593.7916,206.3131,0.8019391
204,413.30417,75.129326,0.87372833,434.60672,88.867584,0.93823165,439.86377,61.72726,0.8852588,480.22256,82.897934,0.8957203,518.80304,91.724625,0.8962583,520.3925,67.243225,0.76742417,503.3739,113.49363,0.8579882,445.7101,76.51095,0.84419984,541.8593,102.24664,0.91797805,568.46497,123.5332,0.6551253,580.51526,167.78023,0.79419065,591.61957,205.7149,0.7677516
205,408.41235,74.854935,0.8245492,429.87418,87.93322,0.79064006,436.10498,62.076077,0.87713325,477.86322,84.159546,0.8669549,516.2046,92.25741,0.93976545,516.92114,67.685585,0.9121597,501.19186,114.16351,0.8891529,441.17108,76.28522,0.7810594,538.90045,101.62394,0.9086392,565.1278,123.10853,0.7311614,577.88556,167.03014,0.80857843,588.29285,205.89583,0.70710707
206,403.271,72.044426,0.9726234,424.19608,87.409454,0.8751569,429.6764,62.249184,0.68239665,471.84128,83.02042,0.85720694,511.47815,91.90213,0.89581746,511.1578,68.05978,0.8749551,497.58084,113.93682,0.87425715,435.7559,75.73769,0.7530627,535.18414,99.39995,0.90333754,560.2021,118.4858,0.7662074,574.2421,163.21083,0.73557764,586.28204,204.87903,0.6410835
207,398.8664,69.94159,0.976182,417.62396,84.97403,0.9312024,423.69363,58.546616,0.814331,467.56125,82.26605,0.9097519,507.97202,90.617455,0.8491899,507.14316,65.88975,0.8884124,494.8879,112.939415,0.92257464,429.0631,72.47882,0.81979823,532.27374,96.10658,0.8833962,557.70215,114.86128,0.7793107,571.9697,158.273,0.66255814,587.0691,198.84244,0.797458
208,395.2423,69.750885,0.9009851,414.42822,83.45449,0.86333615,419.41852,56.073734,0.78680795,462.3797,80.895615,0.8403623,503.22754,88.36169,0.92633563,501.7401,63.93406,0.8093496,490.7686,110.919106,0.9682731,424.41913,70.88757,0.8154086,528.2063,92.94057,0.8975424,554.9725,111.221054,0.7203138,572.08624,154.69868,0.7323261,593.2454,193.11655,0.89624876
209,390.9932,68.00968,0.9469776,410.0064,83.308075,0.92373616,415.1059,56.231346,0.6694943,458.06058,79.12984,0.78114045,498.00787,86.839615,0.9232789,496.06155,61.519493,0.7742526,486.74387,108.31589,0.9106728,421.6204,70.6777,0.78128505,522.3819,92.31794,0.9901166,552.8482,108.07315,0.7395121,571.3991,151.34877,0.7550972,593.7493,188.72324,0.76779366
210,388.14297,66.98127,1,406.65173,82.26145,0.9900013,411.59637,55.559402,0.7355087,452.98956,78.90444,0.78912187,490.7758,84.98438,0.9443025,488.85052,60.564438,0.7712493,480.0964,108.234924,0.93074524,417.79834,69.64824,0.7865927,515.9358,90.34904,0.9483928,546.1192,106.39839,0.79420525,567.9886,147.92241,0.7825501,592.2365,183.89894,0.90863043
211,385.2119,67.24848,0.9572517,403.25568,82.11077,0.98059505,408.63763,56.1701,0.74023235,448.23572,78.37084,0.7913914,484.46942,83.744644,0.9817351,482.72714,60.137848,0.7928818,473.24942,107.65077,0.95029724,414.82828,70.13117,0.8314982,510.12683,89.53334,0.9000643,540.84436,102.62564,0.8612213,562.229,143.53683,0.8405175,587.5141,179.79,0.8939143
212,382.3834,66.066864,0.92057335,400.3455,83.06812,0.88869274,406.78577,56.411354,0.76763856,445.92957,77.64469,0.83926123,480.0401,83.98563,0.9151645,478.7176,59.639214,0.822753,468.44608,107.44819,0.9047484,412.0967,70.823975,0.8074686,505.23602,90.36086,0.96641004,537.76404,102.59742,0.8226917,560.17896,142.5264,0.8514762,584.33704,177.39565,0.74101067
213,381.95316,65.34731,0.92984784,398.26862,83.2676,0.8475602,406.04932,56.623844,0.7944463,443.26474,78.24669,0.85856706,477.3303,83.95502,0.94627774,477.49393,59.661453,0.8111532,466.48032,108.192696,0.8822922,410.21454,71.413956,0.7951354,502.11835,91.290955,0.99387306,535.62476,104.43749,0.8228232,558.95795,143.51845,0.83001405,583.6306,177.93349,0.76140916
214,381.63004,65.69474,0.9009246,398.46973,84.43194,0.8467222,406.20676,58.438477,0.79359996,442.06372,80.32866,0.87907183,475.73898,85.658905,0.9414949,476.68805,60.532204,0.796812,461.06625,110.0482,0.82626474,410.8527,74.080376,0.7813481,500.1965,93.12336,0.99593335,534.26227,108.44149,0.84908175,558.5673,145.54958,0.8117312,583.7407,179.19301,0.81841755
215,378.321,69.391304,0.9143481,398.20255,86.439735,0.7808838,405.1816,61.05663,0.841819,441.98093,82.574425,0.9221823,476.2127,88.08562,0.87981826,478.07138,61.788376,0.8759412,460.22562,111.763596,0.746645,409.8044,76.152214,0.8044233,500.38388,97.125404,0.9694522,531.56573,113.15527,0.9305631,555.9093,150.56737,0.811575,581.0586,181.24002,0.9916712
216,376.24475,72.56744,0.8603287,398.24127,88.83374,0.79129213,403.71762,64.29222,0.84884614,441.5933,84.06241,0.9130597,476.39877,91.90058,0.83747685,477.8661,65.75421,0.871292,459.62607,115.30698,0.83784723,409.17056,78.47946,0.80997133,500.0627,100.14743,0.9559663,530.2139,116.92674,0.95516175,552.1086,154.33719,0.8358074,575.877,184.57114,0.9297155
217,372.11188,76.518776,0.94807476,396.7535,92.35409,0.7888591,400.56805,65.881485,0.78850275,440.46564,86.55944,0.87083876,476.15292,94.33556,0.8286008,477.0496,68.3867,0.8706551,462.3279,117.657104,0.8800599,407.32108,79.31341,0.76092505,500.112,102.81664,0.92340326,529.985,122.111664,0.8753516,551.45685,158.86801,0.85733896,574.50964,187.13907,0.7784699
218,368.52774,78.814995,1,391.54898,95.434425,0.85738117,397.26865,68.14125,0.7397938,438.72592,87.375374,0.86880624,475.54465,95.62994,0.87682873,476.26056,69.96799,0.85349613,462.20944,118.8375,0.87615776,403.62527,82.31064,0.8265251,499.06628,104.15126,0.9212956,529.00653,124.12352,0.88203424,549.1361,159.08987,0.8862918,573.0036,186.96402,0.7855184
219,363.83334,78.996216,0.8481899,386.4844,94.697235,0.9383055,390.93634,68.33564,0.763328,434.53073,88.426735,0.8315787,473.15176,95.909065,0.88143474,472.68158,70.8577,0.751586,460.6491,119.13891,0.884053,398.1514,82.944786,0.9069517,497.884,104.16066,0.90483314,527.0271,124.19984,0.8902743,547.50476,158.66353,0.8919311,572.1761,185.60692,0.8354637
220,356.47766,79.82266,0.9659147,379.92554,96.84714,0.9060813,384.5334,68.6044,0.7742006,430.12094,88.75376,0.8080011,471.30368,96.01084,0.8833658,470.0571,71.01756,0.79808515,458.0065,119.29988,0.89968956,392.27512,83.34579,0.79878473,496.57602,103.79705,0.8589295,526.46454,121.48883,0.9313116,545.47614,155.79674,0.87388206,570.15295,183.479,0.89362335
221,349.52325,80.846405,0.86638427,371.19812,94.339096,0.9039612,375.3858,67.34039,0.7680504,423.9825,87.95825,0.75716555,466.68948,95.42592,0.8620673,463.9635,69.55025,0.89493144,454.8319,118.33064,0.90682316,382.91425,82.368256,0.89620185,490.4904,101.54685,0.9463332,522.9472,116.85508,0.9166115,544.3229,151.79468,0.8275359,570.0397,180.09656,0.8790249
222,344.1165,80.17671,0.86224574,364.97873,93.593346,0.745812,369.75623,65.69324,0.8085016,415.74747,87.14838,0.8208185,459.3779,94.70732,0.857102,456.12778,69.642395,0.84541494,447.9318,116.42159,0.86707824,376.91888,80.38146,0.8506334,484.27338,99.53168,0.93236345,517.6567,113.51134,0.9348063,544.1865,149.12872,0.87569076,571.88885,177.06007,0.8309783
223,339.3636,80.94554,0.9887744,359.48874,93.90291,0.8702563,362.2022,64.039566,0.77416307,409.32224,84.53872,0.7790777,453.05756,92.15101,0.88622856,449.7644,68.533066,0.785791,442.14127,113.146576,0.8867061,370.16586,79.988846,0.84637916,477.814,99.21314,0.80857843,511.74335,112.79205,0.84442574,540.91376,144.45541,0.7742054,576.00226,169.75589,0.82084185
224,335.29092,79.66525,0.9094369,351.86758,92.884056,0.8625429,356.2726,63.618134,0.8329193,403.97836,83.80112,0.8955458,446.1025,90.55366,0.8706593,443.2904,64.682816,0.8448451,435.29047,112.11144,0.8661489,363.62332,78.4504,0.8423126,471.3805,95.260086,0.9091349,506.70435,110.0928,0.81622833,538.2878,140.96512,0.79927254,575.7295,164.47984,0.9712845
225,327.59155,80.31765,0.8673444,348.26578,93.246,0.79117054,351.85623,65.08463,0.8106385,398.17227,83.711525,0.88417804,438.11038,88.80136,0.951039,435.13495,63.41946,0.8201504,425.83167,112.92846,0.94121945,360.2591,79.115,0.8052752,464.76938,92.86223,0.88003,500.41888,106.4914,0.87424546,532.7774,137.2691,0.8145524,571.0053,162.76031,0.82864803
226,320.53934,80.061066,1,342.72482,92.991196,0.907577,345.44485,64.831604,0.74992025,391.1785,83.25177,0.9104785,431.227,89.72388,0.84224313,429.84723,64.525536,0.8141212,418.56525,112.9025,0.8832735,352.60233,79.99832,0.83153784,457.44446,93.29365,0.95348614,496.18613,105.80702,0.8683844,528.9729,135.19406,0.8120164,565.4142,161.31572,0.9168611
227,315.29752,79.7885,0.8687813,334.45218,91.70052,0.77238655,337.964,64.06045,0.8321582,383.9181,83.25434,0.92351466,425.55603,89.47863,0.86503667,424.70773,64.3865,0.85707575,411.34576,113.420616,0.9160615,345.34433,78.21916,0.807662,451.91888,95.38871,0.90050215,491.1758,105.7174,0.87122655,524.2505,131.87004,0.75804883,562.6812,157.41754,0.8827038
228,312.47522,79.83676,0.86154616,331.45154,93.07644,0.7425148,333.7978,63.327595,0.7743017,379.1075,83.746956,0.88285196,420.51404,89.978455,0.91154796,419.80673,64.452286,0.87726766,406.5211,112.42651,0.8716869,341.9008,78.872795,0.85556734,446.69107,97.77079,0.8641104,485.73138,108.59,0.9418773,520.3064,133.48654,0.8168687,560.4524,152.25752,0.78239316
229,308.04788,80.88412,0.9589969,329.8182,94.099304,0.8666472,331.4714,64.519646,0.8011738,376.68048,83.47903,0.86303264,417.06287,90.39261,0.8143611,416.04782,65.49074,0.86808103,400.72714,112.80415,0.8153169,339.30627,79.93262,0.8474028,442.11694,100.13791,0.92964655,480.01172,112.42204,0.880385,513.10065,136.18047,0.8531011,551.554,156.95586,0.8817329
230,304.28778,81.54996,0.9407345,324.3158,94.64159,0.95058715,326.2983,65.7326,0.7793648,372.5852,83.919174,0.90120935,412.777,90.65264,0.81894994,413.0544,65.208496,0.89298993,395.3699,114.22315,0.8113475,334.52182,81.07092,0.90478486,438.43686,99.538605,0.97086483,475.5695,112.50956,0.9244246,505.41898,137.16689,0.8408205,542.2231,159.96071,0.82187045
231,298.03513,82.01966,0.80259216,319.70062,95.08631,0.86020535,322.54785,67.56156,0.8397761,367.4381,85.60485,0.87763476,408.59177,91.99577,0.8721227,409.27237,66.08614,0.8861776,393.46036,115.17826,0.8266984,330.56024,82.40532,0.888933,434.33096,99.917595,0.96642315,471.606,111.887184,0.9134451,501.84137,137.06454,0.902026,538.22687,158.5679,0.85013473
232,294.20395,80.968575,0.89302045,312.8021,96.82933,0.8835352,318.24432,67.78801,0.80538243,363.77417,87.51897,0.8198921,405.63907,92.79497,0.90327007,404.20932,67.46259,0.9086742,392.1458,116.39179,0.85322464,324.92203,83.04699,0.8643546,431.36768,100.31612,0.92804426,469.42862,112.18235,0.9557867,499.65997,137.13747,0.9318142,535.4801,158.57031,0.8706262
233,288.99585,81.39687,0.97863215,307.0812,95.40528,0.93459845,311.52322,67.006294,0.79304045,358.59564,87.84416,0.80832666,401.50858,92.74261,0.8413458,398.5842,67.27175,0.882765,388.00848,116.20499,0.8901535,318.43292,82.604675,0.9385284,427.11847,100.49727,0.92242223,465.21338,111.17834,0.92043686,496.59286,136.46,0.8840603,532.88605,158.26543,0.9074065
234,281.50415,79.43763,0.8537518,302.4902,94.058304,0.7477899,305.31467,66.31227,0.8023583,352.38507,86.46919,0.86949307,395.61,91.50251,0.87370336,392.0004,66.44958,0.93739414,383.8232,115.89008,0.9284183,312.66696,81.22831,0.82455736,422.02017,94.7281,0.9494277,460.15408,107.55303,0.861471,491.1675,133.58107,0.8357375,529.7678,157.16104,0.8835355
235,273.4423,77.15516,1,293.16373,91.3017,0.9128569,298.5366,64.448654,0.78896797,345.969,85.04799,0.80303943,389.84024,88.98358,0.9645501,386.5188,64.06948,0.92141205,378.70007,113.7603,0.9700216,304.6198,78.95523,0.7837949,416.6581,91.87872,0.9155639,454.34653,102.39463,0.91018945,487.13852,129.75906,0.8520594,525.8694,152.82968,0.813316
236,266.27402,75.727196,0.88868153,286.7135,88.86367,0.7934794,290.87045,61.234444,0.89420754,340.42136,81.43314,0.82321924,384.0423,86.521255,0.87926894,379.69888,62.235497,0.7582906,373.0679,110.15118,0.880898,297.0314,75.82361,0.796653,410.20154,91.266815,0.9281527,450.47583,99.8821,0.95751655,483.55954,126.48535,0.90722793,523.05615,147.03679,0.88432884
237,263.04724,75.77965,0.89836466,279.7566,86.57185,0.87230325,284.03125,57.558487,0.8350043,332.69943,78.5996,0.72403276,376.28323,84.59354,0.88847643,374.29752,60.468254,0.7931784,364.12845,106.968575,0.9398855,291.08344,73.307785,0.87594783,402.27753,89.0746,0.9046629,444.06857,96.808426,0.9060386,480.02078,120.53938,0.81482273,520.25226,138.4701,0.7626324
238,257.60022,74.63243,0.96083057,273.88272,84.66906,0.8553326,277.1833,56.40955,0.83064,325.8055,76.66861,0.7838626,368.2159,82.48304,0.8762943,365.27432,58.64186,0.7643923,356.3199,105.73384,0.88702905,285.44586,71.64114,0.84940094,394.019,87.263016,0.89479655,435.44598,95.142876,0.939054,473.66263,115.15318,0.8824095,514.5633,129.91946,0.8735908
239,248.79094,73.1944,0.8252797,269.1377,84.475746,0.904527,271.9661,56.39435,0.788616,319.50568,75.27308,0.82198405,360.98785,81.67671,0.90229124,361.83054,59.13089,0.732403,347.31586,105.67943,0.8862998,279.05548,70.67825,0.7950878,387.77377,87.19605,0.9524584,428.7408,94.69489,0.8773612,465.9341,113.38801,0.75934905,507.97458,128.15625,0.81014335
240,241.54584,74.396034,0.992586,262.00723,84.76925,0.91137874,261.6808,56.990936,0.8366405,313.62698,74.148575,0.7928756,355.72226,81.29678,0.8837275,355.1819,57.393753,0.88377476,342.55838,104.086136,0.9145839,271.20047,71.26265,0.8182391,382.29053,88.91278,0.88299435,423.7234,95.66864,0.8991427,460.79645,115.00969,0.8506574,499.57657,130.1776,0.8412045
241,239.3338,76.192795,0.83915174,256.6913,84.52297,0.82467496,257.07373,56.05079,0.8108828,307.52298,73.376434,0.80888677,349.21765,80.07525,0.8554452,350.22208,55.863632,0.7833249,335.9403,103.624535,0.88160896,265.74585,70.53105,0.8419213,376.16058,88.72754,0.9510625,417.033,98.183754,0.9898146,453.3499,117.71744,0.79707474,491.86044,133.25226,0.9273163
242,237.07185,77.646385,0.89050364,253.18767,85.3609,0.92136663,253.33342,55.966526,0.7724709,302.46225,73.27796,0.8062522,344.2083,78.98897,0.84722203,345.26526,54.623466,0.7866021,330.719,102.51179,0.9367294,261.5282,70.53008,0.82816404,370.19058,86.94783,0.96213555,410.56277,99.430954,0.9578658,444.17612,120.41064,0.871984,483.13086,136.69666,0.8464765
243,234.57294,80.65069,0.8938603,252.45943,88.02406,0.88479877,251.37811,58.0924,0.7887379,299.25708,74.086914,0.8221101,339.48477,78.61094,0.86661226,339.72308,54.741966,0.854438,326.5855,101.84001,0.8903857,260.37787,72.44126,0.8568909,364.6186,85.875565,0.93994516,405.35544,97.77915,0.99107975,437.32397,120.39563,0.85200137,476.51962,138.69673,0.7970277
244,232.62514,87.080086,0.869954,250.22482,91.843765,0.743105,242.98561,62.31372,0.77711505,294.59885,74.475464,0.79497254,335.6228,78.18289,0.7827064,337.28607,54.686382,0.83938414,320.85507,102.34791,0.85997295,254.21849,75.42804,0.87828046,361.02295,86.01385,1,401.88168,97.02431,0.98106104,433.91217,119.73946,0.8550914,473.2983,138.6433,0.79722935
245,229.55978,89.12788,0.9316105,247.08421,94.30373,0.8141241,240.59277,62.504036,0.79577667,290.67346,75.87237,0.80982125,332.77945,78.36291,0.8341369,334.66815,54.450455,0.7857649,318.9428,102.46899,0.81367666,252.03609,77.277115,0.87947935,358.49573,85.51993,0.9818545,398.20972,97.80269,0.9539427,431.12415,118.99225,0.8085244,470.34033,137.32486,0.87554276
246,227.39429,90.85205,0.8930062,244.74527,95.42352,0.78677887,236.59727,65.984955,0.82291955,287.66888,77.22205,0.83455706,328.8257,78.94523,0.8731004,328.9269,55.798695,0.80297226,316.20874,102.50476,0.8566371,249.02863,79.28754,0.7854123,354.74072,85.816345,0.9964799,395.18387,97.8836,0.939256,428.86392,118.93509,0.8139108,467.58655,136.87059,0.8746972
247,224.82268,93.87435,0.8797233,242.62129,98.1492,0.81550694,233.76663,69.7045,0.77666426,287.27548,79.26166,0.86373866,327.66498,79.197784,0.8578377,326.04706,56.359097,0.85048026,315.3606,103.4519,0.8701289,247.88129,81.99476,0.7782492,353.18814,84.58907,1,393.55923,95.45945,0.8786284,428.20438,117.90189,0.83217055,466.51205,136.18301,0.86917394
248,222.6236,96.24077,0.8731634,240.1888,100.32849,0.81557155,230.44162,71.9498,0.70864326,285.13876,80.08346,0.8657929,326.26596,78.94066,0.8688037,323.3198,56.52527,0.8147004,314.22787,103.86525,0.89025736,245.22499,84.11911,0.79605234,352.3881,83.284424,0.9979921,392.27023,90.66265,0.8892787,427.29355,113.22501,0.8571134,465.77948,133.10709,0.95522475
249,222.03444,99.84864,0.8814721,239.19987,102.06023,0.7794766,228.04239,73.431816,0.72436917,282.95102,79.96685,0.8466935,324.9365,77.9818,0.8919007,320.95557,55.59275,0.78197837,313.6157,103.36633,0.91859365,243.43683,85.28755,0.787394,351.61798,81.88483,0.9552254,392.45947,89.40596,0.8745329,429.55585,110.19086,0.89239645,468.66312,127.13888,0.8709996
250,221.56934,101.3758,0.90791595,239.98978,103.24693,0.7753214,227.40439,74.35612,0.74794847,282.51642,79.9782,0.8488935,324.2091,77.013695,0.91735846,319.72647,55.280212,0.7868759,313.96063,102.871605,0.93492466,242.63998,86.2606,0.7968726,351.5699,79.03803,0.9387034,392.28146,85.07964,0.92472947,428.80914,104.27554,0.8559998,467.74155,120.03366,0.84340227
251,219.32092,100.738594,0.884061,239.34586,104.01536,0.7389048,226.57217,75.65132,0.7784814,280.25037,79.26037,0.84243274,322.8969,76.40548,0.92710096,317.97174,54.72853,0.789867,313.56485,102.488884,0.94621336,241.36725,86.9438,0.7869618,349.9421,77.160706,0.98442596,390.972,82.35029,0.966038,430.32904,100.47604,0.80295354,467.7977,114.41447,0.8402456
252,217.58,98.06197,0.8579213,237.31721,103.929756,0.84574986,226.61009,74.66147,0.8047093,279.51834,79.46465,0.855504,321.26285,75.5995,0.93998295,315.16162,53.348934,0.7926561,313.91962,102.14623,0.9435483,240.58943,86.73193,0.7852609,348.41125,75.1047,0.97534007,387.63834,79.870026,0.92069167,429.15134,95.84661,0.7660798,469.09097,109.425766,0.837358
253,217.17984,98.30589,0.85991055,235.6069,104.42635,0.8211409,225.18521,75.06996,0.81304723,278.1899,79.8047,0.88231564,319.8128,74.75754,0.9061596,313.25882,53.189953,0.7485952,313.3191,101.72748,0.93524694,237.78201,88.17699,0.8276799,346.79437,73.101456,0.8428246,386.3706,76.58302,0.9212021,427.03754,92.777405,0.86175215,466.31433,104.98908,0.78574526
254,217.17961,98.74162,0.877622,235.26282,104.66602,0.7969465,223.84416,75.761284,0.80238605,277.15146,79.52182,0.8718733,317.9443,74.183014,0.8612951,312.4736,53.27106,0.73482347,313.0761,99.40362,0.8998549,236.76935,88.25722,0.8536328,344.25278,71.255424,0.7789067,382.0518,71.98905,0.86862713,425.54816,88.57179,0.89046764,464.19485,101.8174,0.83641696
255,216.86694,95.87223,0.7810298,233.81403,103.52091,0.8564263,225.6177,74.154045,0.8152543,276.925,78.85759,0.87421566,316.8689,73.67301,0.8802841,311.54617,52.588715,0.76108915,311.8727,98.276695,0.881986,237.25533,87.3398,0.813797,341.90048,71.68162,0.8471865,379.3283,70.11146,0.8155721,423.3427,83.50495,0.787771,463.22995,97.7243,0.82680774
256,214.14322,92.979004,0.8307657,232.00204,101.74622,0.80973214,225.93018,72.55569,0.805973,275.65247,78.53485,0.87908417,315.55014,73.73687,0.87433785,309.9882,51.855568,0.8015129,311.58823,97.66783,0.85942215,237.72934,86.866,0.8207778,341.03616,72.039825,0.8486108,378.99255,69.47632,0.84154665,423.4981,79.48916,0.7843959,465.03094,93.273994,0.7865813
257,213.75685,91.54847,0.8441335,230.51947,99.46437,0.85259354,224.65207,68.92961,0.83340377,274.44653,78.351364,0.8910407,314.58978,73.990456,0.8536551,309.82776,51.420567,0.8314085,309.80283,99.31152,0.8743725,236.82462,83.80972,0.8643602,341.89023,72.26053,0.836305,379.43158,69.68225,0.85861284,422.80048,78.38655,0.76921105,465.8489,87.637634,0.79996926
258,213.78252,90.01329,0.8380177,229.42775,97.486595,0.8776651,223.92616,66.27189,0.8424003,274.31073,79.44847,0.8815455,314.40265,74.63681,0.8565052,310.43262,51.81873,0.85400707,308.1865,99.98439,0.8712378,235.82153,81.5607,0.8572384,341.6459,73.64737,0.8881541,380.45905,70.45916,0.87719715,420.70535,78.185875,0.75035405,463.66022,88.55686,0.80944717
259,211.08432,83.21502,0.98209,227.52283,95.11456,0.89401764,227.27895,64.70783,0.814015,273.46445,79.067245,0.8514129,313.61215,75.27822,0.8429422,309.88132,52.35203,0.87931615,306.20755,100.56801,0.8609034,236.1426,80.66526,0.91008353,341.04575,75.698296,0.9318753,381.37628,73.4332,0.9161912,421.18228,80.22193,0.7535256,462.49634,91.20872,0.7684479
260,209.09267,80.45595,1,225.09903,92.96764,0.82238346,225.91716,62.913666,0.79173315,271.77927,78.3083,0.8157963,312.82376,76.26968,0.86214286,309.4546,52.723904,0.89566547,304.26645,102.36414,0.851089,234.20728,78.52957,0.86670995,340.55756,78.15604,0.9636864,381.13306,76.80105,0.9143439,421.0123,84.807175,0.7857763,461.58435,93.98452,0.82162046
261,207.75185,80.45953,0.96717006,222.32643,92.157394,0.7608009,224.30322,61.827076,0.8063944,269.36258,78.46583,0.8500634,311.69922,77.72184,0.9176553,307.78937,53.986244,0.901318,300.0132,103.76669,0.7894367,231.98303,78.45495,0.8153215,338.5275,80.70975,0.9560273,380.4971,79.845695,0.9099967,420.4168,88.701584,0.79952407,461.2662,98.44289,0.8825273
262,207.12787,79.12972,0.90865815,221.82916,92.25599,0.75775105,223.76595,61.719643,0.8033286,268.52505,78.846756,0.83512425,309.9101,78.59899,0.90169245,307.2985,55.358765,0.8551331,299.0883,104.0383,0.7930603,231.39053,77.817345,0.86201966,336.35144,82.7978,0.97161406,378.00525,84.336296,0.878872,417.682,93.62227,0.7443628,457.70078,103.42222,0.8577924
263,205.7201,76.61191,0.90860844,218.53354,91.69127,0.76612276,223.65233,61.40602,0.7992396,267.12903,80.2521,0.84836996,308.82922,79.77647,0.90496516,305.46576,55.3848,0.837226,298.89413,105.48134,0.8605932,229.76215,78.165375,0.8838938,334.81836,82.66065,0.93172723,377.18167,84.59238,0.89558387,416.59726,98.58705,0.72334063,456.85593,109.34734,0.8353786
264,210.17152,73.23975,0.9181165,216.35002,89.99982,0.8254767,227.65868,60.664577,0.8648154,267.66898,81.10493,0.87308896,306.3078,80.47185,0.8875658,302.78802,56.09086,0.7873781,297.02567,107.018036,0.85355175,232.0878,77.5453,0.85299146,332.39215,81.860176,0.936452,375.02435,83.35871,0.9547155,415.95468,98.85455,0.7196804,456.41708,112.36807,0.8307264
265,212.51913,71.62728,0.94224405,217.1468,90.70605,0.90768534,230.35593,61.623737,0.87654716,268.07,82.82292,0.9164449,305.56924,81.24273,0.884811,301.2605,57.68852,0.7702753,297.04596,108.351494,0.9162097,234.141,78.26918,0.839414,332.17255,81.33239,0.9318288,374.12045,81.82079,0.96686846,415.47607,96.98292,0.6733302,456.88632,111.56019,0.83141947
266,215.35399,70.70155,0.93442696,218.18599,90.61298,0.90102184,232.9412,61.076054,0.855794,269.373,83.72161,0.93526053,305.9278,81.8312,0.90687907,300.66003,58.073883,0.7568244,298.32004,109.42957,0.93426305,235.4723,78.8487,0.8645947,332.91467,80.9679,0.93184716,374.3203,80.235634,0.94173825,416.3036,95.305626,0.6823727,457.33832,108.08207,0.8187408
267,219.31493,70.53991,0.98578715,221.24121,90.76534,0.89755565,237.43112,61.75557,0.83940285,271.13098,84.54954,0.92698693,307.35135,82.37732,0.93149847,301.84177,58.55401,0.7475669,300.2209,110.11485,0.954226,238.76566,78.812805,0.9176857,335.36902,81.148094,0.9174435,374.66348,78.82326,0.9167343,416.8993,92.136765,0.7560306,459.34613,103.29892,0.8834561
268,218.68074,71.437294,1,224.7647,90.23815,0.9164518,239.22598,62.584274,0.80837166,272.35156,84.05955,0.93152136,309.31473,82.887146,0.93353826,302.57047,59.477608,0.74584204,301.91724,111.01546,0.9218384,240.50505,78.82007,0.8490003,336.7981,80.50839,0.9230098,376.34598,78.02419,0.8771649,421.18503,91.4674,0.81180733,461.57074,101.50324,0.90456104
269,216.99734,71.275604,1,225.17014,89.93761,0.90247035,238.58557,62.41263,0.78233725,273.32834,83.93165,0.936159,311.19562,83.10181,0.9292243,304.751,59.87158,0.7628588,303.12024,111.49183,0.8913014,240.23871,78.33921,0.83667696,339.07263,80.50422,0.9494967,378.36246,78.04192,0.8693809,421.96143,89.35822,0.8462242,461.73483,99.0039,0.8683545
270,215.83868,72.38336,0.95343053,224.02576,89.41235,0.904396,236.05167,60.598034,0.78729814,273.7403,83.11807,0.9398309,312.8519,83.53153,0.9286636,307.51358,60.019733,0.77126616,306.5157,111.00598,0.9259363,239.496,77.24552,0.82571286,340.78076,80.96765,0.95069426,380.31775,78.4254,0.8878273,423.15927,87.86074,0.84621394,464.50116,97.09357,0.8612191
271,213.28722,73.23247,0.94593,223.85931,89.10603,0.9137961,233.7894,60.010128,0.8378487,274.39066,82.18205,0.9231742,314.54437,82.84601,0.91589856,309.44528,59.801212,0.7961026,308.00098,109.91842,0.93236274,238.18083,76.42108,0.82927376,341.96643,80.54013,0.9152886,380.8393,78.45517,0.887077,423.226,87.9485,0.86110276,464.50598,97.144455,0.86725783
272,209.04796,75.00405,1,223.93909,88.14744,0.84029895,229.69359,59.64231,0.89303464,273.52982,80.60497,0.87431526,315.09097,81.66787,0.9065844,310.16907,58.99946,0.8006554,307.89578,108.76317,0.929569,235.65831,75.1013,0.8483393,341.80157,79.56332,0.93477565,380.6918,77.535484,0.88054574,422.6551,87.32266,0.866194,464.27917,96.29369,0.8417009
273,207.41185,75.98672,0.91862667,221.58243,87.89658,0.8346873,226.7417,58.68272,0.8799766,272.3956,78.66864,0.8095406,314.87872,80.53186,0.90305394,310.20117,58.639236,0.7839598,306.83148,106.61689,0.91234887,233.30351,74.61634,0.8395443,341.13962,78.73011,0.954611,379.78946,77.19444,0.89346796,420.64847,85.31465,0.7732331,462.8946,94.797585,0.836968
274,206.39476,77.75026,0.86485314,218.19481,88.51237,0.86458534,223.63824,57.719936,0.8462627,270.3454,76.95888,0.821987,312.9316,79.86422,0.9108655,308.76132,57.80282,0.7903314,303.7348,105.02643,0.8606453,230.08662,74.50348,0.9260475,339.25165,79.17809,0.9725186,378.20987,77.17724,0.8968458,418.701,85.06069,0.7956392,460.08606,93.06016,0.82249326
275,202.3105,76.67864,0.9020787,215.48856,88.41784,0.86068547,221.21129,57.921818,0.8424359,268.86084,76.09548,0.83028924,311.0199,79.56588,0.88019186,306.44583,57.78832,0.78696847,301.80646,103.91894,0.91586596,227.39519,74.39496,0.9051802,336.4069,79.25107,0.91252226,375.84607,76.152306,0.93000406,416.99515,84.73624,0.7958594,458.3126,93.28901,0.81767446
276,200.63591,77.6177,0.8906771,213.78458,88.99447,0.9222903,218.25371,58.97032,0.84452254,265.10883,76.494064,0.81928676,307.19284,79.49637,0.88385105,303.21375,56.811455,0.73714983,297.14542,104.23286,0.9611407,225.41054,74.944176,0.85505265,333.269,81.088455,0.9282301,374.12778,76.794174,0.9750714,415.51385,84.258575,0.758276,454.32013,93.46841,0.8639146
277,199.41977,79.71881,0.8892571,211.14445,89.946365,0.9361789,213.42204,58.87272,0.83388484,261.96735,77.17623,0.8289329,304.5205,80.63092,0.8636207,300.4153,57.198723,0.7539784,294.65097,104.20661,0.915033,222.91333,75.172615,0.79654896,329.8915,82.33921,0.93619424,371.5996,79.151794,0.9620846,412.37796,85.1178,0.8158342,452.2635,92.845505,0.8665124
278,198.6871,79.54799,0.88569903,208.49583,90.21785,0.91943365,212.7658,58.364388,0.85260934,259.28064,77.73657,0.82818305,300.5814,80.50941,0.8781797,298.25928,57.203453,0.75758463,290.00937,105.27522,0.87185884,220.75406,75.338646,0.8422944,327.56625,85.012146,0.8938461,368.62213,81.96729,0.93740696,407.59665,87.59339,0.8395009,449.35898,94.74407,0.8666369
279,196.48833,80.769646,0.9460991,208.8901,91.30623,0.8862643,211.96344,59.863285,0.8542521,257.90857,78.597145,0.80995905,298.87234,81.55497,0.91600525,299.1309,58.001514,0.72925407,287.4723,105.970726,0.8604443,220.08945,76.2529,0.86517197,326.24152,86.68641,0.9061231,368.2627,85.410324,0.89084536,407.84644,94.56768,0.86853004,447.80984,101.163445,0.87662476
280,194.14015,79.52185,1,207.7356,91.89695,0.8727829,211.96965,60.642,0.8493049,256.7157,79.10683,0.8377361,297.55276,82.37834,0.93920386,298.35574,58.43579,0.7571495,284.80655,107.91703,0.9422237,219.80266,76.99329,0.85499555,325.00873,87.790695,0.9149949,368.92163,89.23972,0.95065045,406.42346,99.91269,0.80460733,446.1031,108.34416,0.8548976
281,193.84077,77.73988,1,206.1464,91.61207,0.83304447,212.68837,60.907063,0.8698154,255.72319,80.47749,0.85726285,296.73813,83.104095,0.9372481,297.4001,58.90079,0.7994691,282.37433,108.94112,0.8802223,219.24965,77.29439,0.85544556,323.08084,89.43693,0.9446847,366.9953,91.875114,0.913042,404.61298,102.19826,0.7980879,443.82034,112.565094,0.83851177
282,193.7036,76.78899,1,206.66852,92.15613,0.8231421,212.35265,61.26748,0.8970552,254.81203,82.44446,0.8703872,295.28876,85.69809,0.91247827,295.75162,60.775074,0.84392923,280.43265,110.110085,0.8225628,217.89224,78.025734,0.8444334,321.67084,90.81795,0.99589473,364.72067,93.37712,0.900668,401.4603,102.90139,0.7734887,440.5294,113.14803,0.84811604
283,192.7599,73.29862,0.9258762,202.34908,92.53316,0.9063809,211.88844,62.100517,0.90776926,253.98642,85.33737,0.89321244,293.08643,87.81822,0.9477026,293.1817,62.23889,0.8723706,279.8078,113.35328,0.81771076,215.92479,79.14322,0.80982244,319.9274,92.107216,0.94571596,362.62775,93.84948,0.8986314,399.9893,102.22452,0.74979687,439.67154,111.30519,0.85769695
284,192.35309,71.18943,0.98829365,197.89153,90.78875,0.9249381,211.9743,62.125713,0.8817733,250.55072,86.910706,0.8532394,290.84967,89.350716,0.9233185,288.76306,62.994335,0.91952527,278.89383,115.15617,0.8216032,214.2506,78.931725,0.8793899,319.0381,93.21106,0.9135875,360.91965,93.58572,0.9399443,399.77725,102.6951,0.76448923,437.69592,108.65361,0.890779
285,191.3796,69.73853,0.97746646,193.21529,88.015335,0.9221391,209.94594,61.02763,0.8400554,246.77873,86.206665,0.8848435,288.96338,90.20414,0.90601057,286.11206,64.16757,0.9183611,278.11926,115.78982,0.8586971,211.2598,78.10778,0.91210306,317.35007,92.88871,0.979867,358.6292,93.07258,0.9795299,396.65417,101.72362,0.8674161,435.32184,106.98702,0.8710718
286,189.78845,68.310905,0.9827738,191.1253,87.55583,0.9232759,207.51753,59.90295,0.80664366,244.29996,85.461395,0.9245831,286.00784,89.981995,0.8455666,282.5678,63.7714,0.92070884,275.9495,115.194244,0.89261407,209.52397,76.798546,0.8947507,315.53098,91.80313,0.9674097,357.7993,91.82052,0.96221524,394.6163,100.70782,0.8738354,433.87756,106.3766,0.8450244
287,184.29776,71.02349,0.9379008,193.16367,86.84259,0.9264129,204.87408,57.21107,0.8063437,242.61288,84.120926,0.92229295,283.8323,88.736435,0.88414854,280.19696,62.507442,0.8739983,273.9442,113.88229,0.88551617,207.57379,75.07284,0.82917833,313.24054,90.28091,0.91761863,355.11887,89.70538,0.96978825,391.60367,99.49624,0.8522592,431.22226,104.464874,0.82970524
288,182.12532,72.25509,0.92071307,190.67574,86.057816,0.89592934,200.28972,56.44855,0.86959547,240.48584,82.803535,0.8930185,281.64954,86.61874,0.9209439,278.60342,61.776085,0.8195571,272.01788,112.46525,0.9126625,204.63913,73.76809,0.8369199,309.7373,88.45762,0.8682623,352.64767,88.800285,0.9424017,389.887,98.17641,0.79247934,430.22375,103.77889,0.87329805
289,180.09532,73.19501,0.88863313,187.20374,86.15354,0.8899098,196.66008,55.732162,0.8497593,237.69052,81.291916,0.8273213,279.808,84.96754,0.90369713,276.49722,60.861088,0.8133852,269.23544,110.84837,0.9568809,201.77094,72.92438,0.8385396,307.397,86.1141,0.89964384,349.66595,87.14514,0.8886033,387.48053,96.93367,0.7922655,427.85562,102.64716,0.9317066
290,177.4679,74.68449,0.87182575,185.47737,86.929794,0.8921877,193.9691,56.379658,0.84040517,236.4135,80.04927,0.81032777,278.0078,83.86239,0.94999474,274.2306,60.519905,0.7972583,267.86536,108.92474,0.9896969,199.42969,73.6796,0.90676737,304.41177,84.71249,0.9221258,345.18576,84.15527,0.85018677,385.49603,94.99496,0.7528958,426.90897,101.04196,0.9235687
291,172.50008,80.87207,0.8306369,182.90388,87.94181,0.8668744,187.3092,57.08023,0.84444857,234.5482,78.42169,0.7852625,275.55957,82.41532,0.8865994,270.2357,59.23527,0.7253168,265.45267,106.4277,0.94267005,195.13446,74.22451,0.8984035,301.91226,83.416245,0.87419116,342.7492,82.90774,0.9239341,382.60507,91.86711,0.76411927,424.6647,98.35899,0.8951576
292,169.69276,82.96519,0.8681575,180.86441,89.47042,0.8340176,181.59047,58.721416,0.8189905,230.50716,76.9262,0.80734336,272.2621,81.2729,0.81548053,266.34134,56.562557,0.75082046,262.64493,103.96713,0.8941515,192.57204,75.120384,0.8450382,297.73776,82.97287,0.82912713,338.94604,82.72042,0.929681,379.21344,90.80752,0.8400625,419.83835,95.77427,0.89948666
293,170.3543,85.98877,0.7991681,179.51599,90.587265,0.7852398,176.348,60.193375,0.80739,227.31055,75.77417,0.8149904,268.34726,78.79623,0.81414294,264.61502,55.681126,0.74055964,258.96332,101.37219,0.9106817,187.51988,75.450516,0.83381814,294.37698,81.23846,0.8331755,334.49377,82.28157,0.87029344,374.17313,91.31465,0.84694624,415.74826,95.86534,0.8502184
294,169.68314,90.2163,0.8001113,181.93097,92.929886,0.7075296,172.33897,63.121563,0.83245605,224.5417,75.44511,0.8589363,264.53394,77.287094,0.8983013,260.83508,55.28463,0.82367796,253.90982,99.9739,0.90391326,186.44472,76.78154,0.85753155,290.23178,79.3363,0.9156839,330.99594,80.68012,0.92611414,371.85458,91.09425,0.7859999,412.74557,99.57452,0.9311402
295,168.27937,91.716156,0.8063196,181.58737,93.87102,0.73027104,169.74474,64.12403,0.86703485,222.8021,75.21039,0.8651337,261.44495,76.035446,0.9272774,258.27042,54.452576,0.8316507,251.82181,100.61966,0.9792794,184.28337,77.22205,0.8207656,288.4614,79.80166,0.9243122,329.9292,80.42673,0.91515857,370.5797,88.9191,0.7680165,411.42737,97.90656,0.90943503
296,166.40271,91.40242,0.87654257,178.76547,93.89028,0.75754946,168.29033,64.3609,0.89952326,221.51675,74.84196,0.87676513,260.47263,76.0121,0.93085796,257.70462,54.345295,0.82169294,249.70625,100.615776,0.9855319,183.13542,78.23199,0.8706173,287.09763,80.93878,0.90277535,329.28088,81.03764,0.9451558,369.20697,89.11733,0.7668686,411.40015,95.28655,0.85346895
297,165.52643,91.474754,0.8943982,176.60123,93.60203,0.7787662,166.59071,64.169106,0.9107448,219.82983,75.3507,0.8862519,259.58606,76.24507,0.9104546,257.45447,54.282692,0.8353143,248.35379,101.061226,0.92733586,181.21945,78.41523,0.9163525,286.97058,81.490585,0.9077687,328.7843,82.297356,0.9540829,367.13098,90.276596,0.76988775,409.2778,96.97944,0.87809306
298,163.02925,87.81456,0.9620973,176.44505,93.343544,0.7941252,168.43523,62.53844,0.87028694,218.93086,76.08828,0.88081414,259.20172,76.7224,0.89409226,257.565,54.951004,0.8491941,247.49812,101.38731,0.88262665,181.79494,78.43485,0.911242,286.50693,82.2839,0.93374544,328.47003,83.58784,0.94728905,368.1984,93.11909,0.7706271,408.82065,99.006325,0.8933331
299,159.90866,79.91973,0.87036586,171.4824,91.65377,0.82810754,174.07877,59.16997,0.8029264,217.82185,76.59491,0.87661916,258.2973,77.31912,0.86883414,256.3788,55.336197,0.8379591,247.1151,101.71487,0.8947614,182.00372,77.05506,0.9358691,285.38318,82.70117,0.94580454,327.9071,84.00427,0.9604222,368.00183,93.889145,0.7736809,407.52634,100.011505,0.89911926
300,158.83026,77.450745,0.8130593,166.92625,90.18084,0.9101954,174.2344,58.21357,0.8116172,216.15816,77.00952,0.85115194,257.0664,77.78694,0.8297633,255.4761,55.860725,0.79894185,245.16542,102.740166,0.8903321,180.50052,76.09496,0.94519246,283.5282,84.01182,0.95199865,326.7613,84.34919,0.9710514,366.9375,93.971825,0.8043601,406.30862,99.257065,0.91266024
301,157.7344,74.76094,0.7866264,165.43024,89.081345,0.93006486,174.35683,57.433483,0.7971998,215.00613,77.356285,0.83526695,255.39833,78.91106,0.78721184,254.71967,56.53734,0.79856783,242.99995,103.96463,0.8618773,179.01895,75.66564,0.92986214,282.51956,85.61239,0.9418441,326.12094,85.56437,0.9393838,364.56427,94.89796,0.8544134,403.57623,99.10753,0.9483682
302,154.9084,73.72703,0.8875605,164.28525,88.260765,0.9271502,173.46211,57.363213,0.8049234,214.25426,77.88443,0.7975306,254.67755,80.36589,0.8453467,254.21771,56.19634,0.82598233,241.6268,105.70121,0.83056206,177.61475,75.41672,0.8936461,281.27115,87.33109,0.9244977,325.13318,88.38138,0.9824349,363.38242,96.895515,0.8573968,402.6497,100.3369,0.8996465
303,151.76523,73.56849,0.90176,160.67418,87.96984,0.9554816,170.07388,56.74998,0.85360414,211.97148,78.436775,0.7752366,252.21758,82.37496,0.92562264,253.45113,58.022896,0.80874217,238.98216,107.74745,0.9207696,175.28831,74.73211,0.83645236,279.47992,89.53555,0.90567523,322.34485,91.157814,0.9818343,359.64444,99.27957,0.85092384,399.7957,103.306526,0.85176283
304,151.54956,72.3188,0.90341365,157.79332,87.91959,0.884299,168.53271,57.175674,0.89665234,209.67738,79.4395,0.8173252,250.22937,83.186066,0.94637805,251.61993,60.157814,0.7965907,237.07881,108.42862,0.9222089,172.92842,74.83574,0.84514815,276.17407,89.59282,0.954225,319.46997,93.01252,0.9599704,357.26892,101.700966,0.8242126,398.38837,105.624886,0.87132037
305,149.51689,73.04469,0.899328,154.92302,86.70177,0.90038216,165.06093,56.099983,0.86896205,206.88208,79.41323,0.8024415,247.25272,82.80046,0.93004364,248.59677,58.663227,0.8294715,234.11867,108.19951,0.92710954,170.35245,73.66841,0.81964815,273.75357,88.80553,0.97599834,316.82037,93.73529,0.9356645,355.08734,103.31489,0.82261497,396.85294,109.00275,0.8742889
306,146.39133,76.52091,0.88098276,154.64284,86.48576,0.8724118,161.13658,55.38128,0.81901455,205.57831,79.46235,0.83306676,245.82253,82.17494,0.93399227,244.97906,58.125328,0.895582,231.83269,107.31272,0.9045669,167.74574,73.089935,0.87331194,271.92694,87.252075,0.9279358,314.19574,94.01792,0.90696573,352.76642,105.1193,0.83027,394.14276,112.79446,0.86528933
307,143.70837,79.95363,0.82591105,150.81451,88.869194,0.8847278,156.39563,57.116394,0.82947904,202.39178,78.83724,0.8236682,242.96848,82.11624,0.91501313,240.78731,57.96296,0.8379888,231.22281,106.631226,0.91476893,163.83525,74.71885,0.92427194,268.98273,85.98959,0.9117076,311.699,92.10969,0.92195994,349.9436,106.41584,0.8881077,391.15976,114.90301,0.85937786
308,142.85999,81.75362,0.7345618,148.82558,90.63572,0.9332281,153.4124,58.664837,0.855028,200.04471,78.51656,0.8093666,241.40533,80.99724,0.86861396,238.0453,57.683533,0.7941415,230.43097,105.770004,0.9133288,162.2871,76.05121,0.88259244,266.78763,84.37097,0.9076956,309.92072,90.85181,0.96229815,348.68356,105.505516,0.9278008,389.8231,114.11393,0.8628679
309,141.72408,84.30162,0.7992656,148.45305,91.704056,0.8738726,150.72644,60.475895,0.83884424,198.92393,78.399284,0.8208183,240.05756,80.1426,0.83824277,237.00621,57.16252,0.78068304,230.2807,104.66115,0.90101,161.14223,77.21917,0.8441391,265.34494,82.34629,0.9068238,308.50153,87.42342,0.9629122,346.36197,100.14032,0.8837508,388.88135,110.43078,0.89466083
310,141.59308,90.34359,0.83077914,151.28546,94.05193,0.7006752,145.67195,61.44391,0.8449722,197.18803,78.06423,0.8453337,237.99901,78.97932,0.80249536,234.08495,56.03578,0.76611036,228.91176,103.69817,0.9320932,159.47778,78.7716,0.7836065,263.718,80.794334,0.8883974,307.03,84.04929,0.94539076,348.17166,96.17117,0.8578472,389.6131,102.766594,0.8864381
311,142.72661,93.408485,0.735293,152.1243,96.69685,0.7767548,144.12068,63.94163,0.84400314,195.92015,78.51776,0.8866459,235.77985,77.92866,0.85923856,231.93427,55.765396,0.7586641,227.71019,102.50375,0.9381887,158.21559,80.40365,0.8227377,262.70413,79.20495,0.8750499,304.43436,80.789024,0.9471911,344.26874,90.07273,0.85185933,385.39087,95.23746,0.85429394
312,143.59369,92.662575,0.7001516,152.79529,97.745,0.8251274,144.17886,65.99174,0.8273587,195.10335,78.66289,0.91101015,233.9868,77.20499,0.88905305,229.11748,54.982834,0.8095224,226.56511,100.89701,0.9113424,158.87138,81.231155,0.84266114,260.47925,76.97901,0.9227967,300.54678,78.3767,0.91579604,342.82025,85.49328,0.8620859,386.4845,89.70592,0.8817977
313,144.88998,93.40823,0.78628397,154.97835,98.708786,0.8765293,146.7383,66.679535,0.8267402,195.84183,78.64213,0.93507445,233.60764,76.50678,0.88775325,228.5728,54.569946,0.80934185,226.59317,100.05147,0.90463585,160.8312,81.79318,0.8236897,259.61517,74.935486,0.9228073,299.57608,75.18139,0.8785444,344.2612,81.28454,0.8525576,386.62192,84.3646,0.93773353
314,145.98041,95.16377,0.81633526,157.4265,99.25734,0.8888466,147.18546,67.68378,0.81747955,196.84688,77.891624,0.92045367,234.34344,75.41781,0.8963179,228.99507,54.352467,0.8055005,228.42952,98.21515,0.8839983,160.60745,82.433075,0.8104924,259.54614,73.29688,0.89649755,297.5809,69.900566,0.833255,339.52417,73.700775,0.763205,385.08636,78.50915,0.903587
315,146.07368,97.1706,0.85603297,159.63342,100.48475,0.8574781,146.86792,70.83254,0.7676958,196.86719,77.126045,0.91392934,234.67413,74.62937,0.8806498,229.8248,53.249565,0.7991777,227.93651,97.15315,0.87927127,161.24014,83.94129,0.84129405,260.2982,73.51977,0.8660368,297.4006,69.01346,0.8247892,341.12433,70.35819,0.8147195,386.88736,73.72647,0.8971555
316,148.07228,99.27115,0.89888847,161.16846,102.134476,0.8152358,147.8951,72.76104,0.72196037,197.41733,76.48005,0.8978587,234.96375,73.896,0.88070095,231.01233,52.211735,0.79545367,228.68102,96.28067,0.847358,162.0291,85.41926,0.8482702,261.30826,73.518684,0.88137865,298.44156,69.16386,0.8294626,341.88022,70.49332,0.8169424,388.44107,71.09658,0.9417989
317,152.07404,104.622894,0.7901983,166.69997,103.75632,0.7881511,147.38956,77.492714,0.7483635,198.25995,75.40691,0.8963134,235.85663,73.69018,0.8667331,232.5704,50.790565,0.79360765,229.93536,96.5653,0.85917854,163.15536,87.40925,0.82123697,262.72726,74.35732,0.9216364,302.54648,71.95274,0.8781417,342.7344,72.13639,0.7577459,388.079,73.77714,0.9258169
318,157.69086,107.200294,0.7360021,172.32251,105.64993,0.75432926,151.05447,80.01268,0.7278053,199.4459,75.420334,0.88959587,236.97534,73.346664,0.82815593,235.0781,50.9452,0.818915,229.03297,98.40909,0.90265405,167.18188,90.21647,0.87964475,264.43283,76.531235,0.98765343,304.94647,74.561,0.9477435,343.67938,76.91353,0.8008177,389.37735,80.09425,0.8675896
319,163.87328,116.145096,0.8112409,180.6439,111.07838,0.65677136,154.20999,86.09662,0.6763591,201.3397,75.6668,0.8631755,238.88206,73.68868,0.7804274,236.99184,51.41977,0.83897537,229.51256,98.27559,0.8149183,173.32108,94.39429,0.9446917,265.93143,77.76693,1,307.3186,77.525505,1,347.7629,82.12212,0.82206374,391.42877,84.512184,0.9073745
320,169.8156,116.6091,0.8002269,187.52603,114.27761,0.68765754,157.22003,92.31481,0.6458285,204.72197,78.2069,0.8655695,241.90506,73.963165,0.8083991,238.47575,52.22067,0.8048649,233.05745,97.85442,0.6766471,177.31583,98.491165,0.8234484,268.49902,78.13509,1,309.67374,79.01954,0.99878865,350.50998,85.726654,0.8157782,392.86,90.28859,0.83479077
321,171.81973,118.89464,0.7767943,188.29088,117.263115,0.7955647,161.54646,97.8684,0.7067229,206.46999,80.05118,0.8979013,244.11322,74.61861,0.87143695,239.4043,52.542088,0.795531,237.95863,98.792656,0.7224703,179.12706,101.278534,0.8736888,271.4639,78.357086,0.99037373,311.74216,79.653496,0.9358371,352.44504,87.36005,0.7883586,394.5009,93.378426,0.8742464
322,175.52943,121.818115,0.7264918,190.09724,119.03246,0.805131,165.287,100.738846,0.7831457,210.17186,81.97359,0.9416049,247.01237,75.357765,0.8660602,242.26117,53.62172,0.80582917,241.68901,100.24702,0.80710983,182.43486,104.37639,0.84731203,274.04678,78.79413,0.99555445,314.75714,79.45478,0.9205562,355.542,87.577156,0.8119338,397.5692,92.274475,0.8937753
323,176.23332,125.876045,0.78869665,193.79982,122.78609,0.91421765,167.05154,103.03667,0.7662892,213.1397,83.82244,0.9466274,249.50505,76.74217,0.8165469,243.87138,54.057865,0.7459633,245.0988,100.976715,0.7951871,184.82599,107.65497,0.9348294,277.0159,78.76148,0.96706766,317.3519,79.3444,0.9238475,358.29654,86.83602,0.8068371,399.90958,91.40165,0.8528426
324,177.96129,126.47456,0.8485848,196.77837,123.964005,0.92664486,169.67027,102.325294,0.7990238,216.32019,85.510574,0.88396114,252.63254,76.61628,0.8144073,247.16333,55.002785,0.6925867,248.34157,101.979385,0.7295102,188.29675,108.58354,1,279.9168,79.425125,0.9888824,320.2029,78.890236,0.9392612,359.84494,85.77066,0.8835177,403.03754,88.98895,0.8780477
325,180.78902,126.62276,0.84791684,200.11128,124.199486,0.83399826,173.0012,103.173485,0.75451654,219.84482,86.556076,0.8700965,255.85622,77.05734,0.84248,248.41212,55.361267,0.6959593,252.54306,102.35983,0.77898866,190.7215,109.8094,1,282.42422,78.76573,1,323.6449,76.9824,0.99707216,362.5396,83.85302,0.8635749,403.8473,86.36094,0.8896358
326,182.5216,125.57469,0.80124986,202.3766,124.26013,0.8730212,176.21304,103.49691,0.81077415,223.60097,87.21719,0.8565234,258.51736,77.08236,0.8894432,249.62321,55.560974,0.7015811,256.02167,102.39452,0.7757025,193.76186,108.63328,0.9820472,285.5583,77.78138,0.9882334,325.6584,74.78487,0.98363715,363.4573,79.945526,0.80337244,406.47498,83.347404,0.90712917
327,183.03902,124.880295,0.8191584,202.76999,122.89965,0.87884814,178.38953,101.156204,0.8531992,225.87546,87.11341,0.88487315,261.29572,76.83399,0.9000463,251.66878,55.63305,0.6929069,257.72388,102.912796,0.8134558,194.93912,107.02133,0.934975,288.22943,77.8076,0.9460979,327.59164,72.25621,0.90925264,364.26727,74.10025,0.78646207,407.07504,77.57992,0.90830624
328,181.33548,125.49679,0.8851199,201.8818,123.90537,0.8820498,177.67084,100.733,0.87131643,226.91689,87.02708,0.88873434,263.80322,76.92728,0.8540924,256.25616,55.315605,0.7211011,259.1533,103.42874,0.80825305,194.45279,107.388985,0.9482592,291.75638,77.64674,0.97033846,330.4103,72.66301,0.894348,368.4933,71.79103,0.7462249,413.09262,72.938095,0.88772213
329,180.44136,126.62253,0.9125026,201.97475,124.984886,0.8687155,177.54373,101.01061,0.8705413,228.10052,86.96835,0.86593926,265.86334,77.24901,0.8496947,258.74686,55.23159,0.70369107,262.05606,103.06185,0.77790374,194.595,108.12052,0.95449305,294.20233,77.61022,0.96872264,333.2826,74.19409,0.93419,370.93604,73.37288,0.76922965,415.04553,73.71066,0.8636988
330,180.12549,128.87256,0.89309347,202.2681,127.121315,0.8176314,177.68077,102.46752,0.83500725,228.69629,88.62602,0.86306834,267.33945,77.78829,0.8474268,259.48575,55.19681,0.69988257,263.61893,104.07977,0.77447855,194.84735,109.8076,0.94696414,296.38577,78.72046,0.96561235,335.96805,75.08349,0.94551855,372.4771,76.02663,0.7393675,415.47534,77.349976,0.85993236
331,178.53868,132.09157,1,201.01547,129.55325,0.8196954,176.93163,105.29317,0.72586054,228.55504,91.42917,0.83341956,268.18088,78.541336,0.8660498,261.77054,57.170265,0.6904436,264.29382,105.60503,0.792605,194.19408,112.829636,0.843737,296.76498,78.96112,0.981447,336.8783,77.09396,0.968641,375.65732,81.26874,0.7930817,417.48328,82.461395,0.92512065
332,176.07487,138.1029,0.912771,199.06653,134.5652,0.84720004,172.56822,112.52645,0.71509594,226.33553,95.47466,0.7647783,267.65192,80.18062,0.8743882,257.0168,59.8847,0.7046313,265.15195,107.42875,0.8525636,191.42172,118.755936,0.8995142,296.16498,79.56097,0.94281846,336.01086,77.19188,0.9346977,375.09357,83.44799,0.8213639,417.7273,84.35287,0.93397707
333,173.01329,141.62285,0.74149275,195.18456,139.7772,0.9310792,169.01642,115.98239,0.7948865,225.30571,98.47896,0.77573633,266.65775,82.68701,0.9364046,256.61053,61.49533,0.7451758,265.73132,109.9529,0.8809408,186.57767,122.53368,0.9361634,294.5912,79.49771,0.94739234,334.1744,78.461716,0.92339134,375.35898,84.44094,0.83775324,417.40164,85.769455,0.9211001
334,170.99898,145.48079,0.8735515,191.93091,143.49109,0.83926964,167.1872,119.915596,0.7822407,223.50058,101.31194,0.7498655,264.7161,85.27577,0.99512655,252.30972,64.576126,0.72750956,264.37317,112.25986,0.8720886,185.4086,126.46401,0.88147426,291.40497,79.92599,0.95153433,329.85226,78.654076,0.8830049,372.08356,84.55955,0.8719844,416.2559,88.01965,0.8250414
335,168.61227,147.82669,0.8998753,191.28543,146.3206,0.8563281,165.51242,123.85846,0.7495217,221.65298,103.95105,0.7232948,261.54922,87.48667,0.93401057,248.0489,67.7981,0.75303763,262.7256,113.17185,0.8516457,183.134,129.8126,0.83240795,287.6062,79.90017,0.8801264,325.48352,77.47032,0.94407374,368.29456,83.09362,0.8162746,412.41653,87.28344,0.85911524
336,165.69618,149.2267,1,187.62347,149.60898,0.86428255,162.49391,126.07206,0.77625555,218.27512,108.2254,0.7130337,257.90768,90.04327,0.9726959,243.04956,71.71479,0.822959,260.5495,115.31505,0.88134,181.5097,132.65378,0.8724698,282.7027,80.4346,0.8839738,320.31412,75.97741,0.87506986,363.53622,79.70285,0.7314082,410.2617,84.110245,0.9254625
337,163.84006,152.48926,1,183.94205,152.22841,0.8728809,160.01509,127.822914,0.84286195,213.72075,112.009315,0.7402252,253.62242,92.88678,0.9137693,237.26779,75.40413,0.7437165,257.59473,117.75544,0.86386126,177.81265,134.58441,0.86948717,277.43073,83.271545,0.8859342,314.462,73.99936,0.87134624,357.2474,72.06759,0.72069347,404.7595,75.19542,0.91182244
338,163.80344,155.10294,0.9056388,184.22346,153.6204,0.86566406,158.84035,131.58841,0.8834829,211.44583,114.383896,0.79752624,248.63058,96.148865,0.9190181,229.21869,79.1372,0.7587038,254.27553,120.89328,0.78571796,176.34138,138.12685,0.95927674,272.4887,85.767456,0.82346207,308.3224,73.85477,0.87618285,354.05573,70.72835,0.7977973,400.7557,67.75066,0.969497
339,163.45772,156.72763,0.9115226,184.14023,155.6076,0.83550256,158.7713,134.17485,0.86510724,210.0854,116.9594,0.8245159,244.81326,98.21592,0.9526973,224.75815,81.8482,0.7154091,252.39787,122.16416,0.86835915,176.56514,140.39531,0.9743887,268.19366,86.63919,0.8066236,303.2814,75.1652,0.87249166,348.1274,70.05423,0.8086937,395.72092,66.89276,0.9807304
340,161.28682,158.5572,0.9208449,183.2608,158.1804,0.8247283,158.66939,136.78473,0.82022995,208.74963,118.86091,0.8153541,242.36859,99.61047,0.935584,223.76854,83.45953,0.72850823,250.62189,123.99818,0.89842296,176.24388,142.68085,0.9808422,264.94748,86.76683,0.81175315,300.49326,73.74068,0.8954595,343.90878,68.06706,0.76644963,392.4178,66.33627,0.9406079
341,158.5346,161.87608,0.9247979,179.95029,161.57971,0.9225525,154.3678,138.77791,0.77238125,206.38904,120.948,0.8219545,241.45415,101.90871,0.89795864,222.90593,85.41492,0.7436251,247.48703,127.233,0.8687136,172.97469,144.41045,0.93842953,264.68265,90.672325,0.90027386,300.35947,74.12679,0.91116023,342.51035,66.238914,0.7988132,389.14392,62.061676,0.9414047
342,159.22818,163.96954,0.9650538,180.2878,164.00963,0.92110616,155.27057,141.44806,0.7834484,205.21266,123.25056,0.8183819,240.6418,104.13599,0.9132065,221.3209,87.37615,0.81364274,246.57826,129.46521,0.849455,172.97713,147.16249,0.9967632,264.57736,92.92457,0.89307034,300.65198,76.88277,0.91349214,342.611,66.701515,0.81689113,387.31732,58.848557,0.9102009
343,160.51495,166.5439,0.96378386,181.11719,166.42384,0.8792953,156.50488,142.77028,0.8565275,204.91658,126.0278,0.7820747,239.83157,106.139366,0.92715657,221.16295,89.94751,0.81190854,245.93167,130.85434,0.8659686,173.76207,149.83305,0.98767734,264.89508,95.851875,0.8723268,299.85382,81.895195,0.85575324,342.21222,71.91082,0.8004053,387.26697,63.231796,0.89235616
344,166.333,172.7526,0.78290915,185.89037,169.64342,0.90948105,157.82375,149.99231,0.83097273,204.8731,127.89348,0.78104365,239.81026,108.30113,0.9095887,221.98874,92.1695,0.8159631,244.84702,133.94704,0.8798951,176.04453,154.09816,0.9550938,265.3568,99.86067,0.8707694,301.38754,87.66492,0.8734949,344.61325,80.885254,0.825657,387.92368,72.62724,0.93694055
345,174.36829,180.80373,0.7526796,192.10732,173.78568,0.8753614,161.90735,158.69681,0.7635871,205.67029,130.84912,0.85956925,239.59132,110.9377,0.87041414,222.15659,94.807495,0.7723636,244.245,136.75351,0.821297,181.62682,159.19044,0.88718534,266.1139,103.064896,0.8383495,303.41483,92.935265,0.8744332,347.41724,90.05009,0.761015,390.4741,84.313416,0.94918025
346,180.93585,188.21762,0.7371845,199.59193,177.23941,0.76817703,165.68466,168.39806,0.8115605,206.57974,134.04927,0.8856741,239.32758,113.82655,0.916981,221.21275,97.23081,0.7264126,245.41493,139.06387,0.8231181,185.47049,165.76584,0.8472519,265.6292,106.461525,0.90771514,303.87186,97.67385,0.8756889,346.85983,98.48831,0.847942,392.62744,96.97902,0.82224256
347,186.68742,195.78387,0.6944888,203.08751,184.54477,0.8606057,169.19492,175.3631,0.8125102,208.27423,138.0646,0.8868533,239.91411,116.81843,0.93001384,221.2932,100.77022,0.7267519,246.84499,141.1549,0.86013293,188.88681,172.3204,0.8401777,265.4633,108.917145,0.926704,303.77774,101.05085,0.8714529,347.5962,103.74083,0.83135796,393.0043,104.852936,0.73719066
348,189.93492,201.77968,0.83747995,207.6856,189.5061,0.92999095,173.46817,183.73988,0.77604556,211.05614,142.57744,0.8993789,239.93025,119.51168,0.8973011,219.30998,104.40933,0.78365767,249.03592,142.90434,0.84684384,192.77002,176.77333,0.80931365,265.5721,109.936844,0.9166374,304.17606,102.64666,0.8682901,348.07806,105.38964,0.8199045,392.0552,109.98044,0.7458801
349,192.70586,208.70906,0.78027195,212.07976,193.49983,0.8996417,176.2979,187.93434,0.81394607,214.24493,146.34737,0.8665449,241.33575,121.2181,0.9768426,220.95175,107.59851,0.83106273,253.65704,143.4317,0.88789725,196.46774,180.82938,0.8155308,265.00504,109.957085,0.88049227,301.69043,101.85571,0.83707166,347.81628,104.35469,0.80093724,393.40964,110.39851,0.7469299
350,194.12752,214.64462,0.89248824,214.04707,199.81537,0.879792,177.9059,192.80038,0.8315742,216.48001,149.79132,0.78579146,243.36783,121.73536,0.9515056,221.50891,111.49014,0.848954,255.50885,144.22942,0.8939396,198.20752,187.54836,0.8404578,265.67633,109.15736,0.9054455,302.82568,97.82232,0.8272127,346.91428,101.2208,0.80444634,393.41895,103.262474,0.728098
351,196.27693,217.82085,0.80201536,216.13116,203.42297,0.866058,181.67072,196.53845,0.829074,218.56194,151.5823,0.74082935,244.11261,123.13443,0.91597027,220.6998,113.92505,0.85801107,258.23935,145.4503,0.98938257,201.55595,191.98225,0.8121996,265.3131,108.96654,0.8755583,301.3621,94.79983,0.80428857,345.30533,92.025986,0.78269637,390.84317,94.2461,0.8218901
352,199.33466,220.51799,0.7965609,218.7334,206.72594,0.90159994,184.09433,198.9785,0.7538559,219.7667,154.09344,0.76217705,244.3901,125.06833,0.88739955,220.36671,116.48039,0.9024816,259.93216,147.26854,1,203.8483,194.59946,0.8864678,264.60538,109.12873,0.8545573,300.5112,92.0753,0.87141216,344.14722,86.1846,0.77827793,388.4755,82.25791,0.970953
353,200.91982,222.75386,0.78441095,221.64276,209.74745,0.89007914,185.6308,202.19199,0.7933072,222.02629,156.45584,0.79366434,245.02888,127.68421,0.9002255,220.60785,119.40318,0.8649207,261.42926,148.29007,1,206.15344,196.67694,0.8850858,263.98392,109.60927,0.8648453,299.42407,89.28276,0.88929045,342.00296,80.52252,0.8249426,384.31924,72.03789,0.8699465
354,201.16502,229.00795,0.8187858,221.83849,214.98656,0.8872548,187.14236,206.21504,0.76441526,222.73174,160.99025,0.789179,244.8548,129.99754,0.93955815,219.8356,122.43504,0.7778794,262.41507,149.85905,1,206.70844,201.66292,0.83683497,262.4655,110.47704,0.8574839,296.4689,87.23745,0.8296439,337.06458,76.12797,0.8110809,379.44003,67.78857,1
355,201.08284,231.98079,0.7383323,223.25304,218.8748,0.99538904,187.85828,211.0804,0.790156,222.06207,164.89749,0.8524422,244.19814,132.3547,0.94312465,219.94934,125.191284,0.81617373,262.4654,151.99178,0.95269495,207.1552,205.67154,0.8114015,260.91296,111.42441,0.8777887,290.87653,86.15647,0.8630784,333.152,72.96179,0.7878986,374.09897,63.423218,0.91855
356,201.42793,237.39935,0.8584968,222.24947,224.35124,0.9063595,186.58174,218.9528,0.8024681,219.90619,169.9963,0.77528936,243.08223,136.26184,0.9112573,218.1962,130.4813,0.86095756,262.1381,154.3494,0.9063631,206.43587,213.05458,0.852293,259.25528,115.03608,0.949176,287.8576,87.05501,0.8355434,327.8431,70.185814,0.87555385,367.86243,59.670223,0.85361636
357,201.96426,243.97835,0.7854512,221.64275,230.64056,0.8458203,187.06255,222.27344,0.79519314,220.81996,176.42168,0.7818676,243.16148,140.38986,0.9379834,218.45456,134.21971,0.8597526,262.30862,159.26732,0.9304882,207.26334,218.34122,0.88048345,257.9034,118.732056,0.90193903,285.1231,88.5117,0.9310942,323.15884,69.45751,0.84862465,361.83832,56.9413,0.83486277
358,201.3588,251.367,0.82584435,223.46445,236.31905,0.98101705,188.10573,230.44089,0.75444025,220.80815,181.28238,0.833731,242.55286,146.74057,0.95534855,218.42531,140.45412,0.894179,261.62686,164.87752,0.956872,206.92314,225.62593,0.84538376,257.01978,124.22094,0.8796995,281.67105,91.75885,0.877339,318.02975,69.615295,0.8263739,356.96545,56.524532,0.85335946
359,204.51057,259.55945,0.834684,225.96736,242.54501,0.9232792,188.46288,239.26791,0.8047177,220.52925,187.64835,0.78647816,242.07956,152.85263,0.92002314,217.33368,147.78569,0.87385136,261.0871,170.3275,0.94329995,207.9954,231.71892,0.8034854,256.88647,131.62186,0.9141046,278.38586,95.23446,0.82587034,313.4481,71.77241,0.8682174,350.67245,55.854538,0.82919466
360,208.32655,266.3777,0.814412,228.03278,249.76141,0.91854817,190.46039,248.04352,0.745716,220.9546,195.49641,0.8310558,241.24998,159.12158,0.88513047,217.59677,154.32358,0.8526415,260.63068,176.6887,0.93848646,209.14697,238.65016,0.77259475,256.59775,136.57306,0.8912622,277.75787,101.589554,0.84255046,311.32538,76.43231,0.79294455,347.1652,54.728256,0.8239211
361,210.3878,271.31482,0.85977364,229.55391,255.94907,0.8877501,192.5774,255.17003,0.8380426,221.53227,203.46434,0.734188,239.56123,166.21689,0.8992759,214.75774,162.2358,0.82166475,260.02588,182.89343,0.99417543,211.05008,246.09927,0.83493495,254.70474,143.93907,0.915671,275.5012,107.15874,0.8417787,309.51028,80.38855,0.8174683,343.70374,55.816864,0.8188357
362,211.17345,279.77417,0.9125818,231.1179,262.5939,0.8588619,195.27461,259.80637,0.916866,223.61574,209.04517,0.8146183,240.34793,172.29897,0.8604186,216.49068,167.52708,0.76536614,261.1307,186.67775,0.89830005,214.84433,252.51016,0.88503796,254.63452,149.62057,0.9060053,273.823,113.247765,0.8104135,305.49017,87.551384,0.8367063,343.35925,64.093346,0.9243851
363,213.90999,285.42294,0.89585245,232.134,268.96262,0.83386904,198.13806,266.671,0.8852779,224.80673,215.96469,0.8323435,239.99988,180.22034,0.8348543,217.61427,173.91722,0.62121606,261.62286,196.00508,0.9440454,216.60464,258.86963,0.8190936,253.92218,155.75163,0.8347551,272.84982,119.547806,0.8182802,306.36865,90.36002,0.78305227,344.06207,67.31197,0.99357957
364,216.95816,291.8344,0.8607479,234.55319,276.25922,0.8910406,200.09158,273.97766,0.865368,225.56131,224.6277,0.8204143,240.8321,187.48631,0.90042454,216.37161,184.0711,0.7635358,262.31918,201.95927,0.8512885,218.47272,265.9019,0.87462646,254.80505,165.24178,0.9511831,273.39383,125.60087,0.83443713,304.2891,95.35762,0.7828551,342.84256,69.0826,0.9760577
365,218.29799,296.51944,0.80616444,237.41795,280.96405,0.880792,201.38766,280.46558,0.82828236,227.38174,231.53659,0.858221,241.65137,194.86876,0.9236676,216.62227,192.22583,0.8367121,263.0937,209.95097,0.8851013,219.82301,272.35825,0.7596717,255.66252,171.95541,0.96896374,273.5352,133.20908,0.7903059,304.0277,100.86655,0.8234877,340.52692,70.561226,0.96195775
366,217.52705,301.91913,0.89189434,236.77066,287.6155,0.8808664,201.68292,285.14133,0.8369531,228.75656,235.20427,0.8777703,242.90707,200.28006,0.92365754,218.68265,198.17888,0.85066134,264.2562,213.05716,0.8810111,220.97092,277.07452,0.8393763,253.05072,176.2934,0.9609512,271.99402,137.9418,0.9297751,302.93857,105.55802,0.79065263,337.3004,73.34567,0.90598005
367,218.38785,306.11703,0.7897912,237.86896,293.60538,0.8689755,202.76418,287.97208,0.81882364,229.33017,242.40216,0.8123657,242.91556,204.78824,0.9870774,218.63144,203.41313,0.9264163,265.884,217.57114,0.8912732,222.49234,281.99133,0.86940014,252.91992,180.85762,0.9939746,267.29074,141.7564,0.9065748,299.09692,108.79462,0.77394754,336.53806,78.74737,0.82390654
368,222.53793,310.23553,0.71105427,242.60973,294.3054,0.84429044,205.70811,292.22815,0.7780591,230.81755,245.396,0.80377376,244.4866,209.02591,0.90988773,219.45795,207.7051,0.8782312,267.59283,221.69974,0.91804147,224.44092,284.39737,0.7831961,254.70013,184.47879,0.9235222,266.13043,144.85002,0.89444095,294.86816,110.73542,0.75879186,332.0324,80.723236,0.93514884
369,226.62839,313.1004,0.8126112,245.8612,296.04617,0.8774038,208.90047,295.62878,0.7862069,232.9118,248.84291,0.7582041,245.5619,212.06831,0.9192919,219.10176,212.94832,0.845895,268.97723,223.9187,0.87187046,227.49428,286.21985,0.7676828,254.20628,185.32115,0.9381041,266.53387,147.15134,0.9164593,294.8854,112.02418,0.791282,329.10928,79.31286,0.89180434
370,228.38023,314.60892,0.82736456,247.47446,297.27197,0.8384138,211.91005,295.1605,0.81626153,235.18864,249.73325,0.72418994,246.10501,214.5366,0.9004341,219.73187,215.68993,0.7804553,270.96664,225.01389,0.8660455,230.38275,287.62802,0.7630307,253.0156,187.62958,0.965549,263.5719,149.94193,0.88419753,292.40048,114.049286,0.828079,327.4042,81.568855,0.89162946
371,230.89832,317.37177,0.8229009,249.50757,300.12173,0.83772326,214.59918,296.96066,0.86651033,237.57793,251.34961,0.72464,247.5459,215.45032,0.8811497,221.32652,217.93243,0.8117143,272.5525,226.25716,0.903824,232.66806,290.29587,0.7791449,253.87062,188.43245,0.9708542,262.3568,150.22583,0.8642104,288.6063,114.18692,0.82963175,324.08383,81.825325,0.9241596
372,235.94885,320.7658,0.8675262,253.89374,302.80182,0.81251687,216.96947,303.46283,0.8273169,239.20848,253.03644,0.73064137,249.20326,216.00565,0.85040534,223.4794,218.08556,0.787738,274.12097,227.6465,0.93164295,235.76596,293.0128,0.7771885,256.15323,189.16035,0.9075671,262.09454,152.10669,0.9119112,285.25854,115.68021,0.8111329,317.44492,79.30874,0.8545223
373,239.33511,325.80374,0.8241721,258.00888,304.89352,0.84549886,220.56209,306.22522,0.87442946,240.47122,255.36623,0.7595895,251.7483,217.94403,0.86206716,225.21649,217.65862,0.81651396,275.5506,229.98233,0.9149135,239.2952,295.8673,0.74961287,257.62247,191.24182,0.90893734,264.4069,154.03517,0.9662156,284.42233,117.20423,0.80155355,311.9603,77.63928,0.87264854
374,243.40628,328.5891,0.82165176,261.32092,308.8772,0.8461253,223.10779,311.4135,0.80651706,241.73392,258.524,0.8238449,253.4271,220.64127,0.91680586,227.00417,220.13075,0.8775799,277.42087,232.02036,0.8668197,241.05858,299.61734,0.71482944,260.35446,193.31982,0.9333938,266.82803,156.7778,0.9530087,285.84692,119.40495,0.7640939,312.35416,79.53581,0.81020236
375,246.0947,330.63214,0.8692359,264.51898,311.2363,0.81506056,226.62178,314.42584,0.8368613,244.02063,260.65967,0.838294,256.16467,223.6454,0.9763183,229.73499,222.8334,0.9256193,280.45795,235.06952,0.8672951,243.963,302.76056,0.75456476,263.435,198.21544,0.91526127,268.70996,161.66019,0.8562241,286.93463,125.49112,0.84439,317.23795,86.29231,0.92111087
376,249.16463,334.17664,0.9154583,266.4896,315.14383,0.7662512,228.96208,318.786,0.8412931,245.98718,264.24515,0.7954816,258.79355,228.28055,0.9712015,232.54451,226.63301,0.83280796,283.05838,239.80313,0.8623322,246.40172,306.01328,0.7706302,265.61276,201.78882,0.9766169,272.10492,164.7838,0.87021416,289.9807,129.43715,0.8608527,319.2266,91.62523,0.86368567
377,253.40063,336.98862,0.8746137,269.62637,318.57672,0.82013696,233.45691,324.67108,0.8371475,248.8023,266.1572,0.8586202,260.71164,231.38136,0.94395757,234.59367,230.83876,0.8671159,284.71664,243.38309,0.8800609,251.43082,310.1119,0.759,268.94916,206.91975,0.96328187,277.11874,168.25696,0.89751375,295.5189,133.21843,0.7864583,324.26727,95.20093,0.894575
378,256.80594,341.46646,0.84614706,272.50778,322.0184,0.8286469,235.29854,327.53326,0.85326505,250.9941,270.70288,0.8262034,261.9392,234.17804,0.8880639,236.28613,233.89285,0.80041546,286.86377,244.79893,0.88381976,253.52641,313.07758,0.7591279,270.8244,209.87048,0.9099214,279.35608,173.37675,0.9091899,300.85806,138.02245,0.80270845,330.2739,101.51654,0.9052713
379,259.65115,343.32715,0.8031465,275.56253,323.88556,0.8390656,237.94121,329.3929,0.84168845,254.39749,273.37833,0.79280674,264.70413,237.6363,0.8804259,238.93684,236.45026,0.88977593,287.98938,247.9937,0.9488034,256.26047,315.98355,0.68779814,274.1411,214.02106,0.94744897,283.58533,177.017,0.8954364,303.71826,143.64539,0.8411663,334.96997,108.419266,0.88893545
380,262.17203,345.6249,0.8592738,278.63235,326.25378,0.8268973,241.07475,331.618,0.8284039,256.06116,276.18085,0.8291302,267.59467,240.7759,0.9154034,241.26077,238.67805,0.9269915,291.0318,252.63289,0.98530763,257.55338,318.2144,0.7243255,279.08914,216.68002,0.93645036,287.96323,179.45018,0.88345015,307.84424,145.73184,0.82960844,338.95914,111.965294,0.85475564
381,263.1044,348.20282,0.87228537,279.4549,328.66827,0.7942262,242.02026,333.69138,0.82022274,259.0288,279.5537,0.8426358,270.88144,243.81413,0.90880364,244.57664,241.90181,0.8401684,295.18814,257.10852,0.86751753,258.97348,320.89954,0.76326966,283.1647,220.05373,1,294.29523,182.19421,0.87612206,314.76266,149.06198,0.7962822,343.78076,115.249275,0.8881375
382,264.91858,350.96124,0.8245773,280.1676,331.0527,0.7532336,242.80917,335.12515,0.83074737,262.42673,281.95074,0.8621572,274.84158,246.71805,0.95002073,248.96169,244.83804,0.80947524,298.54657,260.1921,0.9109485,260.6287,322.76093,0.767048,288.29816,222.76816,0.90105003,299.8894,185.55379,0.9685954,320.04575,152.659,0.7825745,350.3759,118.77624,0.89653873
383,266.29727,351.4149,0.8633208,281.947,333.3806,0.72033244,244.22852,335.25766,0.8577272,264.73,282.124,0.8161738,278.78497,247.68185,0.8584869,252.96506,245.42819,0.84455293,301.90692,263.28116,0.9168684,262.23227,323.86133,0.74794126,294.14532,225.4598,0.92285675,306.10843,188.14899,0.8890087,327.54108,155.4694,0.8233147,358.562,120.82784,0.83363754
384,265.35522,351.00095,0.8413957,282.0204,333.80228,0.7422189,245.47656,334.58704,0.8557314,268.5157,282.63055,0.82744056,281.8199,249.26033,0.87332726,256.0895,246.02449,0.80877143,305.43918,263.5204,0.8587253,264.33774,324.1167,0.7586656,298.60464,225.586,0.9127823,313.52414,191.18723,0.88366306,335.4171,159.07811,0.82277876,366.52985,124.21805,0.8964554
385,264.19925,351.4137,0.8064386,282.31277,337.2398,0.83476835,246.34189,334.60483,0.8020279,271.9083,285.40308,0.82163215,285.69434,250.84592,0.8531971,259.4222,246.53102,0.81082535,308.39188,266.37775,0.86467016,265.87018,326.26077,0.8419617,304.09042,229.09805,0.8648504,319.73923,192.33025,0.80208033,343.12,161.48389,0.775498,376.2997,128.59605,0.8781423
386,264.46783,353.73892,0.81070423,283.24524,340.0019,0.90546954,247.76726,336.99164,0.8104368,274.0622,288.01248,0.8899358,289.35757,253.4981,0.8958379,263.55927,249.15044,0.70546585,311.50214,268.41644,0.83736867,266.61847,329.00803,0.8844576,307.6181,230.73317,0.9205779,325.4676,193.68187,0.8747329,351.48642,164.92268,0.8363952,383.95004,134.57451,0.8753394
387,264.78067,356.16522,0.80181134,283.954,342.60712,0.894621,248.9575,338.84454,0.8377248,276.96854,289.47284,0.8411869,292.84232,254.88469,0.90729254,267.9828,249.80034,0.7344292,315.60757,270.7868,0.8076029,268.41843,331.38467,0.88438,312.91406,233.1822,0.8988178,331.09537,196.5939,0.8611695,357.06165,168.36513,0.7994005,388.5954,139.74223,0.9195891
388,264.77936,358.39764,0.8081906,285.18625,345.67786,0.9864723,250.20325,340.96906,0.82644933,280.78842,292.55545,0.8173535,296.36545,257.17456,0.8274186,271.83054,252.6532,0.69702435,318.6256,274.1095,0.89251405,269.26065,333.81464,0.854732,315.46832,235.84401,0.9413725,335.42017,200.59422,0.8213891,361.85858,171.04492,0.76422817,392.00525,141.79297,0.9242581
389,263.06842,362.16837,0.80682844,283.8964,351.62436,0.9616927,248.9469,345.04703,0.8403557,282.55374,295.49036,0.7719748,298.9731,261.18933,0.8700444,275.81274,253.13757,0.5827779,321.19995,278.4184,0.9523063,269.2277,339.12506,0.89127815,318.76505,240.05399,0.88267636,337.16168,204.34566,0.80421346,365.0033,173.16963,0.7662899,393.67422,145.2294,0.9453262
390,262.55118,365.59274,0.8557006,283.52448,355.67288,0.9055518,249.15807,348.9511,0.8232419,283.68875,300.40375,0.7499669,300.438,264.90265,0.80252445,277.17557,258.7722,0.57350826,323.173,281.9741,0.9417713,269.05194,344.0453,0.94314736,319.3632,242.95628,0.86135393,339.26297,207.28764,0.8325009,365.85574,177.74251,0.7857483,393.95093,147.52396,0.95264655
391,262.95496,370.0336,0.88279647,284.348,360.597,0.94145256,250.30284,351.6144,0.79970706,284.97934,304.59467,0.7616445,303.1705,268.81952,0.8193716,278.62115,262.47647,0.55747646,325.14227,286.92505,0.8992565,269.23636,348.55457,0.9375508,321.27554,247.39835,0.8484804,340.81427,211.27715,0.86069053,366.85236,181.90746,0.81247276,393.99255,149.9627,0.9049381
392,264.67554,372.54333,0.8209666,286.80734,363.33563,1,252.37593,355.77213,0.80593175,285.4068,309.11667,0.83100486,304.04745,274.59598,0.84326106,279.00272,268.9075,0.6151447,326.5023,291.78558,0.9807249,271.00583,350.69016,0.8181624,321.61273,251.05347,0.89399934,340.99185,216.05313,0.82643354,367.74808,184.90083,0.74561304,393.45532,152.72641,0.86517566
393,265.29605,377.2251,0.8805364,288.1634,366.8277,0.9968791,253.08751,359.87656,0.7548002,286.1326,312.83167,0.7885625,305.17148,277.5837,0.95444244,280.56546,272.91263,0.81078297,327.23904,295.25964,0.9441915,272.254,355.1748,0.8083735,321.04138,254.81972,0.9182475,340.6646,218.98761,0.86909455,367.97882,187.80951,0.8173291,394.41617,154.22983,0.8799361
394,267.47754,381.7937,0.970552,289.71478,370.34048,0.94093066,253.0993,365.734,0.7456758,286.81284,316.89038,0.82248485,306.61682,280.97946,0.9142507,280.90347,276.71915,0.86755675,328.4829,298.20483,0.8709575,272.87622,360.86877,0.8730479,321.4646,257.3329,0.91393447,339.5138,221.36131,0.8477711,366.51538,188.83162,0.8025325,392.64984,154.15819,0.85031617
395,270.71548,386.2094,0.811254,290.29935,375.68326,0.87995774,255.31702,369.40823,0.79115224,287.2821,320.87976,0.81203794,307.84634,283.48987,0.9442864,282.3014,280.58615,0.8934682,328.45544,299.9856,0.86697274,275.0124,363.84903,0.90687656,321.24875,261.0151,0.9362828,338.3111,223.65524,0.8655327,362.2433,191.33522,0.7368301,387.3718,155.99663,0.92326695
396,272.3665,389.7091,0.83764994,293.18494,377.71423,0.8977606,257.26443,372.41437,0.8927086,288.11996,323.2229,0.842074,307.84033,287.25162,0.9182541,282.21445,283.84476,0.9561387,329.72174,302.80765,0.8924427,277.9774,365.40207,0.86007977,320.98184,264.04224,0.89583737,337.28806,226.30453,0.8871148,360.1546,191.68407,0.7665786,383.00012,157.04747,0.8568388
397,276.0699,393.82303,0.8491857,295.43802,380.28586,0.89636964,260.39615,375.1743,0.8656109,288.6363,327.3949,0.87478685,308.1582,291.62955,0.93601936,280.83954,289.3805,0.8849558,330.31757,305.8891,0.84090316,279.86465,368.55045,0.8195425,320.19897,266.38757,0.87889117,335.9853,229.7328,0.84419286,357.344,194.48769,0.8131911,380.2847,159.24953,0.88614225
398,279.7761,397.20892,0.84432536,296.6252,382.9228,0.773732,261.65845,380.06592,0.9010782,288.68353,330.64838,0.8651119,306.98492,296.06693,0.92277116,279.66568,293.6479,0.9105778,329.3885,310.61163,0.82515013,281.39093,371.9659,0.84627825,318.72455,271.4766,0.9044024,334.90704,233.294,0.8666755,356.13477,197.84453,0.8311984,377.92767,162.46935,0.93508035
399,281.58688,400.18204,0.78459334,299.0675,387.92856,0.853837,263.63934,385.69962,0.8975724,288.42197,335.61343,0.8440007,306.60413,299.64267,0.91923726,278.57266,297.85165,0.8785402,329.29657,313.7856,0.83318734,282.9404,377.21118,0.8875751,318.36688,275.34256,0.9191423,334.07724,236.91847,0.91588634,355.29138,201.57375,0.88183516,377.24814,165.26411,0.9069534
400,282.9937,404.6217,0.8412415,300.9395,390.927,0.8603789,266.26288,389.61334,0.8723204,289.65378,338.1327,0.86266804,306.91336,303.02182,0.9592479,280.65857,300.10654,0.9529713,329.04214,317.32532,0.81810015,284.86392,381.05994,0.8447865,319.02383,279.6909,0.9068096,333.0768,240.37927,0.8765088,353.96432,206.09476,0.9143184,375.9919,169.34668,0.8890063
401,282.38583,407.94254,0.90376604,302.32596,395.3735,0.9220474,267.3984,391.92798,0.8126814,291.0567,342.9767,0.86907774,308.1249,307.62924,0.95038706,280.70312,305.13602,0.95293534,329.8613,322.48755,0.82440984,285.46057,384.686,0.7852062,320.9591,282.72897,0.92705554,334.31125,245.14003,0.8573649,353.33936,208.49033,0.8582347,375.15762,172.1483,0.9614694
402,279.4356,409.02103,0.9040499,301.5276,400.25986,0.8656097,268.53323,394.22647,0.7451849,293.28647,345.77106,0.88248193,310.84055,311.42816,0.89086133,282.99426,308.20535,0.9560129,333.3972,325.96783,0.94356096,286.70938,389.11047,0.80616546,324.68842,287.68674,0.97339743,336.16202,248.38892,0.8456087,353.85165,211.15805,0.82834536,373.87582,173.78653,0.95763576
403,281.3585,412.1251,0.92940134,302.43668,403.16293,0.83828485,267.5539,397.05368,0.7560672,294.94608,348.0237,0.8628819,313.1471,313.5427,0.8744233,286.1755,310.4078,0.9309772,335.54898,329.828,0.9301874,286.50546,391.35007,0.85818386,328.22595,289.98358,0.9285615,340.28375,251.55986,0.9066465,356.95465,213.92656,0.80942863,377.75647,177.9086,0.90401876
404,282.42902,413.88113,0.93716735,304.27567,404.33707,0.87888116,269.18304,398.51456,0.7453625,298.0326,351.78018,0.83132434,316.76865,317.4191,0.8969075,290.003,311.93484,0.8928091,337.88055,333.79633,0.9662048,287.4892,394.2753,0.88142717,333.55203,295.26944,0.9290647,345.55328,256.01358,0.8888441,361.9204,216.69374,0.75226575,382.99823,182.77066,0.90696824
405,282.51395,414.21136,0.8766866,304.8682,406.3751,0.8585751,270.74838,399.15234,0.7171326,300.88998,355.01547,0.8281604,320.32642,321.97998,0.9286693,293.80637,315.48196,0.8769173,340.445,340.8289,1,288.1855,395.73795,0.884105,338.79932,298.92435,0.94767267,350.95816,260.19162,0.83648807,367.48364,223.15604,0.8303359,387.57413,187.04416,0.98747253
406,280.89487,416.46054,0.85230803,305.08868,409.98218,0.9595215,271.8109,398.5185,0.70091337,303.44287,357.55133,0.87655604,322.59482,324.82504,0.9533868,298.38657,319.099,0.8826305,343.67975,344.37122,0.9021201,289.1942,396.60367,0.8927923,342.9644,303.2302,0.94303393,357.72052,263.47858,0.85103375,373.98987,226.08194,0.80329525,395.80597,191.62546,0.8871793
407,282.16104,418.76236,0.8754972,305.5058,410.98212,0.9924713,270.6562,400.08447,0.7153357,306.29663,358.43326,0.8823763,327.77924,327.04584,0.93347114,304.0576,318.27142,0.82079077,348.11655,346.35443,0.8617316,289.7404,397.14993,0.8909308,347.98425,305.4494,0.876041,364.22025,267.42184,0.9507737,381.41327,230.87897,0.78896064,403.65247,195.96976,0.9774868
408,282.17258,417.94687,0.8644519,306.05453,411.24527,0.98248243,271.19324,398.79517,0.7439569,309.0552,359.80432,0.8455379,330.98352,328.97705,0.88210326,307.73224,319.87906,0.8166916,350.55206,350.33224,0.7884151,290.26312,397.05035,0.9174317,353.77432,309.85376,0.8822688,370.28198,271.14923,0.86152786,388.42316,233.68594,0.86923456,410.18436,198.97722,0.9060661
409,278.39703,412.11786,0.91070473,303.98297,409.94702,0.9299174,272.26288,393.82202,0.79477054,312.88568,360.91476,0.7792034,335.29074,332.0992,0.85389864,311.03677,320.0368,0.7829005,351.87283,351.80423,0.84907424,290.46518,394.72388,0.9361793,358.55685,312.99377,0.88503385,376.0718,275.54993,0.8656205,395.08066,237.67548,0.7373766,417.31528,204.29375,0.91367424
410,274.10397,400.42532,0.9252342,301.66382,405.24182,0.90537506,277.4849,384.93597,0.8085597,315.38275,361.50473,0.7968163,338.1365,332.9018,0.8946739,314.26367,321.20294,0.74761814,355.95178,353.8809,0.8966837,294.46323,389.22403,0.8251806,361.34955,314.02277,0.8838938,381.03513,277.81207,0.85598004,400.17426,241.03018,0.8336972,424.9685,207.35442,0.91891503
411,270.04062,390.39478,0.704026,298.13058,402.72678,0.91659236,280.58005,377.9324,0.7092603,320.43454,359.5851,0.85887927,341.86075,332.38107,0.89893466,319.28217,319.74026,0.76950264,359.40704,354.26892,0.82258,294.66913,385.47168,0.87862086,364.67804,314.84885,0.9144094,384.2001,279.03113,0.7693336,404.71603,243.04512,0.8221074,429.85696,209.59566,0.9030399
412,267.02356,380.5578,0.8068583,292.3152,398.6188,0.861427,283.5003,373.8859,0.88868165,323.03235,358.79416,0.864098,345.1068,332.5224,0.8940861,322.93802,319.61774,0.8411285,361.31848,354.58487,0.7878208,292.9923,382.71967,0.9319772,368.51843,314.66785,0.869484,387.05933,279.94644,0.81437373,409.07468,244.92023,0.77908605,434.0436,210.8055,0.9597378
413,264.24524,377.7232,0.7641263,288.81778,395.48505,0.85332495,280.23315,369.27777,0.85094637,323.05893,359.73593,0.84445953,348.75644,332.64203,0.8829849,327.3777,318.58694,0.7903883,363.72647,354.4677,0.7772218,290.69193,379.26724,0.9015609,371.54208,314.67624,0.9055111,390.02908,280.01144,0.81255066,412.2823,244.23433,0.7973222,436.5784,210.57144,0.9755001
414,262.48245,375.33368,0.7946022,286.1235,392.28366,0.88014776,279.73325,366.9033,0.8271707,323.4367,358.7414,0.79254144,351.84357,333.9366,0.9110634,329.70502,317.42566,0.73479694,364.0577,356.67062,0.77618515,288.96127,376.53305,0.8221022,374.72574,316.50977,0.88340634,394.35043,281.29034,0.90266454,415.2513,245.13335,0.84708834,439.082,211.4496,0.92039573
415,258.5464,372.219,0.8525192,281.34225,390.87946,0.9184449,277.02557,364.9898,0.8911318,321.45975,358.6873,0.7782822,352.42838,335.5531,0.9304201,332.12357,318.04202,0.69168,363.1691,359.68143,0.79325676,284.87454,375.56485,0.83667827,375.06406,318.47348,0.8346488,398.40207,285.3272,0.85408884,419.0101,248.27261,0.8101247,442.60553,214.194,0.9341891
416,254.24374,370.641,0.8137101,277.97455,390.7642,0.9101103,273.07596,363.45752,0.8944461,318.96613,361.2523,0.8179729,351.92255,338.0957,0.90320677,331.94662,320.09015,0.70987827,360.5267,364.44067,0.80705446,281.19434,375.27722,0.8772127,375.66574,322.4908,0.83133954,400.02722,289.25705,0.8214919,422.466,253.3628,0.82103354,445.70868,221.28279,0.9168557
417,252.04762,369.7903,0.84552056,273.73413,391.04666,0.8535091,271.16833,362.9021,0.834759,317.1105,362.13095,0.83594126,350.38092,340.63232,0.8927594,330.92368,322.13196,0.73289317,359.07413,367.87915,0.8309063,278.74512,375.0782,0.8711514,374.14926,326.09744,0.87576693,400.4337,294.63608,0.8174486,424.66083,260.8883,0.74323136,448.34393,227.73169,0.907671
418,249.36092,370.65445,0.8238852,268.9137,389.92764,0.87167126,268.53278,362.6787,0.86898947,314.865,362.89948,0.8092558,348.3334,344.17395,0.86169404,330.44522,324.5686,0.7954615,354.6477,370.67328,0.85930985,276.00357,374.8605,0.8749672,372.6689,329.9362,0.91190964,400.77185,300.79453,0.8070399,425.87683,266.16452,0.7197755,448.07077,232.8375,0.82508206
419,245.87239,374.1584,0.881736,267.21527,391.15533,0.92480767,262.7486,364.75146,0.78799504,311.4272,364.39804,0.81209147,347.54654,346.48895,0.87403256,329.7512,327.1295,0.80357355,351.5379,373.46063,0.845893,273.3274,375.24347,0.76460445,370.23175,332.67615,0.90195805,399.3579,305.07077,0.84796727,425.92633,272.817,0.72330004,450.00854,239.52258,0.88078487
420,243.93355,376.8077,0.8118081,265.02182,392.4384,0.92856634,259.2053,366.26425,0.7994681,307.73523,364.89108,0.8503934,344.19525,349.07544,0.9048099,326.6212,329.546,0.8776231,348.83624,374.7001,0.83215934,268.7659,376.5717,0.758201,367.57077,336.90753,0.8407766,397.1273,310.1154,0.874921,425.92087,280.5108,0.7286969,452.18695,247.33307,0.9027777
421,242.99792,378.27206,0.83025587,263.83765,393.7263,0.95796615,256.7547,366.9508,0.7688227,303.7456,366.3791,0.8615832,340.30212,350.9228,0.9260574,322.8549,330.9426,0.82050896,345.20425,376.4039,0.759905,266.14206,377.23358,0.8221428,364.00296,338.6103,0.9140773,397.46225,314.54507,0.879119,426.62125,285.55707,0.73370403,451.8169,255.42688,0.9339464
422,241.09357,379.51953,0.8289333,261.95395,394.0037,0.9660404,254.80267,367.29984,0.7337109,301.09595,366.3659,0.88163453,336.97498,351.6703,0.8792617,319.90585,331.03815,0.7708994,341.58847,377.22894,0.82487935,264.15622,377.74924,0.83036685,360.73325,339.5887,0.9074914,395.67453,318.2721,0.8278301,426.7155,291.83337,0.75909764,452.4554,260.6837,0.98431885
423,236.79843,379.2535,0.84259105,259.29007,394.51968,0.95811516,252.50563,368.23254,0.74911255,298.31833,365.70755,0.8542371,334.0679,351.5314,0.83386505,316.21744,330.97906,0.7795839,337.211,377.45493,0.8418528,262.4142,377.80966,0.8481962,358.26797,340.21375,0.8902797,392.45084,318.37497,0.7786922,424.68216,295.50885,0.7718986,453.64246,263.8216,0.89893115
424,233.7285,382.35345,0.816054,258.26834,395.38007,0.8452005,247.20375,370.2734,0.74071574,295.43878,365.708,0.88854474,331.99335,351.66077,0.8349526,315.55023,331.16232,0.8112667,332.1325,379.8063,0.93127114,259.49533,378.93176,0.84231967,356.9837,341.65817,0.8957972,390.5516,318.8229,0.7929391,421.50504,296.09872,0.7675609,451.15152,267.8972,0.9129338
425,232.77696,384.24005,0.76722956,258.81647,395.83304,0.79283637,244.63612,370.59146,0.7826285,293.68884,366.51486,0.892921,330.26865,353.12643,0.8833881,316.09384,332.04333,0.8337853,328.64127,381.9622,0.899472,256.15073,379.96173,0.83293754,356.6264,344.32098,0.8939814,389.93637,319.85947,0.84529954,419.67886,296.25238,0.76901513,447.21054,267.6594,0.9079052
426,230.88812,385.04315,0.7768047,255.82825,398.19318,0.87646395,243.53416,371.87912,0.77795196,292.72812,368.46768,0.86740685,329.11276,355.29077,0.91170764,314.72778,333.48965,0.8524734,327.67133,383.1456,0.8780182,254.84799,381.8245,0.7951133,355.80453,347.1105,0.88290495,388.90982,323.33508,0.8960599,420.43457,299.80502,0.7921521,447.95444,271.29642,0.8437875
427,229.06308,386.9827,0.8465227,255.00253,399.8943,0.9126614,242.90614,373.8227,0.7516833,290.7888,369.39758,0.88412035,328.23218,357.4327,0.8992173,315.32657,333.98953,0.8691545,327.10187,384.28677,0.8170648,254.42433,383.49582,0.7209892,355.18106,349.83032,0.8715022,387.80948,326.8422,0.89485204,419.9784,304.1953,0.7571789,450.38812,277.81458,0.9768597
428,230.54912,393.39944,0.79182494,255.96275,401.88464,0.8737219,241.06654,377.58432,0.70910835,289.7981,371.33423,0.8776705,328.22397,360.3299,0.86045086,315.5974,336.0181,0.8999886,325.48932,386.52368,0.8366934,253.47086,386.35867,0.82244706,354.2729,353.4796,0.90967745,389.04672,331.74823,0.8680561,419.15958,309.53943,0.79149574,450.46924,282.45474,0.87280095
429,231.1463,396.85474,0.7595468,255.627,405.577,0.905218,240.99419,382.20734,0.75449127,289.99008,373.59033,0.88555425,327.40213,362.3056,0.9000162,316.67142,337.52783,0.89878136,324.55307,388.54648,0.84541583,253.29457,389.9846,0.8122896,353.4065,355.03214,0.89318633,389.94223,336.15277,0.86032563,420.6848,315.04868,0.79105,450.65796,287.8114,0.8822766
430,230.37614,400.83865,0.80837905,257.77795,409.74118,0.8264157,240.39725,386.43048,0.7467733,289.98743,377.02014,0.88385355,326.94858,363.87292,0.88825804,316.30685,339.9028,0.9019051,324.43375,390.3073,0.81037366,253.10948,394.0287,0.85697496,351.77188,356.85,0.9064588,388.78827,340.7722,0.9189304,420.12146,320.78485,0.75233907,453.649,293.96658,0.9543718
431,229.7618,405.69962,0.8254436,254.91345,413.5699,0.79597706,239.2039,388.9243,0.7436925,289.11835,380.23618,0.8689666,325.61124,366.67273,0.8947392,315.51855,343.36588,0.8499118,323.82504,392.76868,0.78865016,252.13206,397.4921,0.7960933,350.79758,360.31876,0.8255757,388.42816,344.09586,0.8934341,420.67252,325.10654,0.79693574,454.252,297.16348,0.8814435
432,228.76077,410.4173,0.8433306,255.46117,417.47815,0.8164938,237.96136,394.72177,0.7174645,286.25504,384.45593,0.8281327,323.2559,370.90945,0.8777776,312.9379,348.5704,0.7440216,321.73834,397.0548,0.7660695,251.18321,401.9477,0.8543228,349.9776,365.50638,0.87361026,388.48584,348.64395,0.8900023,421.43307,326.5849,0.79028684,453.82413,297.6968,0.9194265
433,226.92587,414.1257,0.88335115,251.5026,421.2217,0.83593225,235.96074,397.80957,0.76164037,284.89288,387.61337,0.8688773,322.72128,373.9036,0.91902846,311.7522,349.8085,0.79521215,321.10904,400.12967,0.7938337,248.69691,406.17337,0.8124473,349.4778,367.76254,0.9090988,389.06543,351.3322,0.8836686,423.04587,329.342,0.75551313,455.22128,298.7834,0.9288993
434,224.8506,415.45428,0.8874484,249.10036,425.04355,0.9138576,235.22633,400.89908,0.75359243,284.2674,390.5076,0.8375629,321.57413,375.54727,0.8797571,309.4011,351.7252,0.87692916,322.0591,401.00555,0.7763598,248.41563,408.62558,0.83839095,347.90015,367.15945,0.87916106,387.2719,351.72217,0.89760417,423.982,330.98254,0.77135414,455.71204,301.19504,0.9585062
435,222.16304,417.3012,0.8745965,248.14339,426.69583,0.88468,234.37317,403.11243,0.7897523,283.53632,392.6793,0.7966608,321.22055,377.3401,0.8842633,307.3761,354.51196,0.8987228,320.53442,403.69342,0.8007498,247.5454,411.0732,0.89190495,345.0947,367.08588,0.8855275,383.20407,351.75348,0.89184093,420.6432,331.21426,0.7661278,455.74548,302.52124,0.94830596
436,218.20953,416.6868,0.7731633,245.11258,429.70114,0.8493173,232.83716,404.2903,0.76306075,281.3063,395.74164,0.8255327,319.00842,378.9602,0.8403465,303.18106,357.6655,0.7839627,320.5148,405.50897,0.8316362,244.83452,413.55026,0.85616946,342.61273,368.0456,0.8632241,380.2529,349.67923,0.9307478,416.2689,328.69577,0.80775696,450.06168,298.41373,0.9062835
437,214.53362,417.79205,0.834508,241.87816,430.2648,0.91431385,229.72726,404.01477,0.79749006,279.44318,398.57004,0.8206785,315.9254,381.02725,0.88262355,299.14548,360.96323,0.7899629,319.28452,406.93845,0.81792283,242.16142,414.20795,0.81129503,339.75818,369.17032,0.8771995,376.41458,348.74188,0.8888613,412.74078,324.01007,0.7993546,442.69565,291.71417,0.9436375
438,212.19798,418.943,0.912899,236.89763,432.5324,0.98795277,226.7861,405.53775,0.774612,273.5507,401.61212,0.82750714,311.93475,384.18927,0.8241692,293.27048,365.3955,0.8077373,316.99805,408.72415,0.8255846,237.75723,416.30646,0.75105995,335.99677,370.74924,0.842019,371.45883,349.08075,0.8701758,405.80344,322.14716,0.7715731,436.88467,290.29752,0.91344786
439,211.00397,421.96057,0.88952297,234.7249,433.7711,0.9333844,223.29485,408.63257,0.76639587,269.61996,402.02686,0.8660044,307.6024,385.4173,0.8752045,290.6716,366.97208,0.72697103,313.3576,409.95944,0.85596156,233.45428,417.53552,0.84396565,330.6091,371.62817,0.89448154,366.7132,351.56076,0.89273536,400.48416,323.76358,0.82315886,431.67096,289.86603,0.8677633
440,207.97165,425.54254,0.77657086,232.065,435.98346,0.92171025,218.60199,410.7509,0.7716767,266.52863,403.3201,0.84909284,303.78973,385.93588,0.8733234,286.38113,367.11188,0.7377836,309.50476,411.04034,0.86343634,231.14616,419.5725,0.82611847,326.4233,373.58517,0.8660702,363.32864,352.41272,0.9273185,398.3755,325.1726,0.8196012,426.88336,291.0089,0.91384554
441,202.22049,426.69666,0.87302715,227.9224,438.64407,0.908023,214.47533,413.93097,0.8023974,262.41904,404.4596,0.8320045,299.92532,387.82855,0.95856714,283.1654,367.88498,0.8082985,302.57516,414.61047,0.9309079,227.46727,422.14658,0.833842,324.68732,376.67358,0.8504811,360.30435,353.53873,0.9097348,395.4714,327.19595,0.7981595,424.01117,292.9798,0.89016926
442,201.94925,431.32962,0.78562343,227.17424,441.06998,0.91477436,210.49443,417.03098,0.7928048,259.7269,405.90244,0.851123,296.036,390.9495,0.91029215,280.9283,369.30566,0.8464299,298.19836,416.92764,0.8868763,223.34789,424.29523,0.842819,321.78387,380.1717,0.84660095,356.98962,356.97513,0.93389124,391.1421,329.67215,0.7438465,419.1769,294.81903,0.9051274
443,201.43823,435.42703,0.78684646,224.92464,444.5076,0.8551478,206.94681,419.39233,0.74649686,256.7179,408.3533,0.85948384,293.8975,393.5908,0.90564716,280.7153,370.7204,0.84552443,293.6122,419.25073,0.8258815,220.1496,426.77414,0.8604072,318.57944,384.84998,0.8871678,354.1104,362.59006,0.8672045,387.5151,333.4787,0.85067207,414.4773,298.09528,0.8924731
444,201.95432,439.51923,0.7707687,226.23079,446.1476,0.8270912,204.2624,424.10294,0.7882022,254.42493,410.70407,0.82549894,291.41983,396.54385,0.91891104,280.4515,373.291,0.8144796,289.69595,422.54428,0.82121396,218.27231,429.70587,0.7974362,315.879,387.86548,0.8901897,352.71994,367.1189,0.8833466,384.5997,338.3989,0.8434488,412.4998,303.1238,0.9132663
445,206.17796,445.48584,0.79868615,225.82199,449.302,0.9139016,201.28645,429.14987,0.7543088,251.21924,413.57462,0.8367158,287.34967,400.21457,0.8104753,279.09293,377.42978,0.73383784,284.57443,427.2801,0.8617838,217.46223,433.03235,0.88828444,313.43954,394.90955,0.7629943,351.4098,374.7551,0.9845491,383.22433,346.7518,0.8043434,410.98257,312.00095,0.93237275
446,207.47739,449.6783,0.92996705,227.45793,453.19897,0.9501256,202.90848,432.89447,0.88652366,248.41747,415.47485,0.8536875,284.31244,403.27502,0.8889473,275.7489,381.4998,0.75983554,283.0002,429.3954,0.85658854,218.7164,437.20312,0.9396647,310.3153,399.46057,0.8629729,351.4295,384.0918,0.9125499,384.44,357.82712,0.83341813,413.4795,324.3006,0.9533715
447,209.01637,453.0233,0.8299027,227.15895,456.88904,0.90556484,202.95155,438.05737,0.8987031,246.83064,417.5014,0.90724784,282.91797,405.32892,0.89741963,273.66156,382.3529,0.78654194,282.89066,431.0456,0.8904851,218.9399,440.95984,0.93111885,309.73416,400.60297,0.91524166,351.8698,389.3897,0.904051,388.30054,365.95114,0.8196514,417.72635,335.85245,0.9094381
448,211.3148,453.27664,0.8249596,231.04451,458.68335,0.89106154,207.86734,439.45428,0.78249854,250.15393,419.3041,0.94595206,283.30383,405.85205,0.9233672,271.63995,383.04193,0.76274866,285.7152,431.54547,0.9236834,223.83263,443.584,0.8965414,308.8197,399.2132,0.9035473,349.47623,389.58563,0.9326255,388.8497,370.66064,0.810704,424.21356,344.68948,0.8636168
449,217.23494,455.37787,0.81762075,236.33041,459.6068,0.86230636,211.21837,444.07474,0.72743016,252.51053,420.83722,0.9302343,283.74625,405.84906,0.9088759,269.7354,384.4207,0.7999032,288.0555,431.79227,0.90155905,227.8948,446.2392,0.89843786,309.31857,397.72595,0.86430293,347.85474,386.25,0.9116998,389.45853,371.726,0.85654426,427.11212,350.3162,0.9115407
450,222.75401,456.8766,0.75727355,242.46661,461.7383,0.7816358,216.26895,446.97278,0.70069814,254.56996,422.00504,0.91678023,284.8689,405.28668,0.8930698,266.52277,385.75873,0.8111389,291.1694,431.19983,0.842636,233.42287,448.1184,0.77927566,310.4667,395.6485,0.8851551,348.3281,383.31183,0.84985393,387.47794,368.71393,0.8093541,425.4117,344.09247,0.9007779
451,229.23918,459.26263,0.6412251,250.58899,462.0079,0.83212745,221.71513,449.65576,0.70744514,258.44116,422.73438,0.95372164,286.68762,403.85562,0.84690475,263.0189,385.3953,0.7336822,295.93222,429.19653,0.8254027,238.30559,448.17584,0.7555491,312.4882,393.12802,0.8319655,348.2958,378.70215,0.9291544,385.47467,363.7308,0.81956893,421.84827,335.95694,0.9045273
452,235.35632,460.82877,0.77915424,255.48615,462.59872,0.8073252,226.75655,450.25443,0.7108823,263.07855,422.3466,0.8964457,289.68057,403.70795,0.88418466,265.59082,385.6133,0.69039553,299.33215,427.44843,0.91277695,243.59505,448.39737,0.76640177,314.6822,390.8154,0.85286075,348.25864,372.48416,0.88906085,385.1262,354.3389,0.8248372,420.92465,326.83112,0.949847
453,242.22899,461.63535,0.72227395,260.4449,463.52646,0.8186971,231.79956,450.19266,0.79575056,267.18243,421.07297,0.8643712,292.95502,402.11566,0.9028943,269.707,384.699,0.7342536,304.50992,424.7248,0.8508189,249.4068,448.7074,0.7814854,317.27612,388.6781,0.91920537,350.745,367.96997,0.7901147,388.01932,350.8567,0.8253502,421.66595,323.98288,0.96793365
454,245.48651,461.9247,0.7452439,264.73605,463.18997,0.8499381,237.42557,449.89572,0.7811694,270.9008,422.39886,0.89583015,296.70236,400.10715,0.82344985,271.77942,384.9323,0.81576973,308.36575,424.40454,0.8861032,253.46611,449.49936,0.8197732,319.82465,386.66895,0.8936271,354.04654,366.1112,0.79068434,392.55127,349.7043,0.75175846,423.54645,321.82617,0.9064534
455,245.89142,461.22516,0.76487833,267.02875,462.74966,0.88610643,239.88715,448.79007,0.7068155,273.8826,421.70032,0.92366725,300.34372,398.66748,0.8357955,276.8892,383.64716,0.8524288,312.41687,422.349,0.84011173,255.1646,448.7775,0.794241,323.02454,385.73886,0.9342353,356.11218,364.25812,0.80188364,396.99313,348.78537,0.7827379,426.9673,322.50043,0.94063187
456,246.68182,460.3336,0.8331518,269.5105,462.11523,0.88798463,242.6787,447.3706,0.7565006,277.21817,421.86182,0.9135624,303.6352,398.8576,0.82560337,279.6908,383.71106,0.80607253,314.27405,422.03162,0.8433977,257.96133,448.3276,0.828783,325.56067,385.17172,0.91250485,359.12985,363.7452,0.79391044,399.24973,349.58948,0.80362684,430.00726,322.14407,0.9289465
457,243.24835,457.11368,0.90234005,267.30032,462.70538,0.88984984,244.99126,443.7098,0.77653027,280.51895,421.9326,0.86694956,305.862,398.47137,0.91898793,283.5124,383.54477,0.8493571,317.31293,422.0878,0.85841745,259.4042,448.09418,0.84598655,328.08514,384.44824,0.9307086,362.545,363.33813,0.8585771,401.41098,350.2666,0.85284895,433.72083,322.30533,0.9459422
458,240.86682,455.00812,0.905753,265.413,462.77292,0.9257183,245.91539,440.44595,0.78939664,282.7652,421.87964,0.8948966,308.6958,397.75867,0.91059905,286.55835,382.66748,0.79365396,319.669,423.3241,0.8650518,260.2076,446.73483,0.8621104,331.92978,384.36975,0.9274542,365.69604,363.3083,0.858717,404.74405,349.80762,0.83573073,437.21466,321.94833,0.9808901
459,237.31789,452.5265,0.91244316,261.85263,462.1433,0.9350751,244.66165,437.7595,0.841539,284.09528,422.07697,0.8777553,311.9268,398.18024,0.8548274,290.24,382.57068,0.84576505,321.52676,424.2803,0.8697202,258.3589,444.84894,0.88268733,335.2293,384.7876,0.90709835,367.9978,364.67657,0.78734744,408.14203,349.73218,0.7471676,439.9914,322.24338,0.90100753
460,235.35611,452.42813,0.8900307,259.22134,461.21097,0.889235,241.37236,436.69656,0.82627153,283.94034,421.60458,0.88091356,315.13226,399.503,0.8358286,294.351,382.33365,0.85753965,322.78714,425.66742,0.836305,254.99489,443.8265,0.85177463,337.87048,386.6427,0.93207604,370.95642,364.91544,0.798716,411.783,348.78656,0.7877137,442.61575,322.85986,0.9444299
461,232.14893,450.5629,0.8569475,259.006,459.9025,0.87064654,240.3173,435.41757,0.77526206,284.78018,422.40274,0.8555566,316.40262,400.59946,0.869716,296.729,382.8304,0.8094552,323.4769,426.90436,0.8109627,252.78615,443.4759,0.8336182,339.58286,388.05542,0.9261773,373.49698,365.98532,0.7994165,413.50812,349.20267,0.7968222,444.10898,323.54306,0.9883218
462,228.8255,448.0906,0.89401114,254.23866,461.37976,0.9898698,239.24843,434.70145,0.73085934,284.7513,424.54123,0.79865205,316.89142,402.04056,0.913341,296.54688,384.1346,0.83606523,324.07315,428.59494,0.8314091,250.30368,444.28818,0.84361416,340.77292,389.98282,0.89065254,374.44016,368.6182,0.8530271,413.3528,351.4422,0.8017261,444.05817,324.5642,1
463,226.77762,445.9941,0.8492876,250.4761,462.66412,0.969179,239.96025,434.24484,0.76761156,284.4855,425.81833,0.8067416,316.55652,405.14783,0.9265623,298.92566,385.5557,0.82554716,322.002,432.74887,0.84917516,249.16595,444.68112,0.8461512,341.54752,393.99704,0.8629042,374.0367,371.22983,0.88367087,411.83282,352.47598,0.8154245,442.82867,325.8377,0.9777523
464,225.86514,447.50836,0.9152494,248.28133,462.64752,0.9511246,239.12999,435.62244,0.7801114,283.1942,427.68683,0.8091761,316.5349,408.1528,0.89522094,300.0358,388.71817,0.78368396,321.81418,434.5531,0.87263453,248.52121,445.4943,0.88225174,340.9599,397.3656,0.8358165,373.45886,375.6985,0.8714,410.39337,354.20422,0.8455669,441.26245,325.96445,0.9399891
465,223.41934,447.0926,0.8989257,243.067,463.33145,0.9694913,238.07765,436.2501,0.8452188,282.3661,430.57062,0.81573373,315.77197,412.649,0.94646496,300.21475,391.85785,0.72475415,319.1034,439.15158,0.88402325,244.89128,448.1595,0.90225846,339.68237,401.60825,0.8587002,372.65768,379.5641,0.8785225,408.6586,356.74622,0.79327446,440.16306,325.91766,0.89942384
466,221.20096,445.8993,0.90934247,240.13492,463.59088,0.95230573,237.81303,436.0551,0.8584733,279.70242,433.15256,0.8205359,314.95734,416.07114,0.90533096,299.50418,394.45676,0.73494416,319.88998,440.56714,0.8750139,243.28517,448.86554,0.91055834,337.80743,404.0294,0.86955446,371.38965,382.1962,0.8628814,405.97058,358.84198,0.79804987,439.92484,326.6233,0.8833488
467,221.33946,446.98013,0.9047169,238.57085,463.95346,0.9194834,236.60991,436.01837,0.8682,278.73697,434.86487,0.8461434,313.21628,418.42545,0.95159763,297.7294,398.1222,0.80873907,317.54837,443.90427,0.96203345,242.5155,449.0691,0.9113978,336.4294,406.57547,0.852094,371.72034,384.81674,0.9248629,405.78217,361.6336,0.7620531,438.26584,328.84888,0.8804592
468,221.38902,445.79425,0.91070026,238.15913,464.20047,0.9226572,236.96436,435.47183,0.87319714,278.61603,435.46582,0.8572159,312.127,421.29666,0.9381102,297.11267,400.52026,0.8304278,315.9859,445.88742,0.96444666,242.40216,449.10992,0.9071717,335.9104,409.51132,0.7989372,370.66306,387.71384,0.94310707,406.10052,364.18158,0.7887004,437.24155,331.3554,0.91591156
469,220.51234,440.1799,0.9994107,238.4418,463.19373,0.92318636,238.41702,434.45532,0.8919497,278.33032,436.8522,0.87045413,310.3422,423.81674,0.8934185,294.92816,402.34082,0.8586033,313.59903,447.75885,0.8746652,242.53876,447.2113,0.8958824,333.0579,411.14532,0.86559534,369.0704,390.137,0.9206635,406.24683,365.85196,0.7915128,437.78214,332.85867,0.9278305
470,220.23837,434.64716,1,236.93005,461.4277,0.9311128,240.10599,434.97028,0.92266446,278.88797,437.92926,0.86989504,310.3736,424.09534,0.9113236,293.69568,403.41278,0.8294397,312.7719,448.867,0.8491594,242.89792,447.3206,0.90446424,331.99634,411.614,0.8811664,368.7383,391.3807,0.9200433,406.9169,366.82123,0.7660004,438.6898,334.84885,0.8992338
471,220.4752,430.83447,0.95608926,235.01385,458.807,0.9565239,239.61201,432.4322,0.88295287,278.89987,437.22797,0.8979974,310.94165,424.1088,0.8885865,295.27112,403.00302,0.81751865,313.70126,449.97006,0.9220345,242.92725,445.40625,0.9474522,332.3005,411.75403,0.86580235,367.99518,390.86728,0.95449424,406.6251,366.98984,0.759165,439.1437,337.592,0.864084
472,219.50783,427.50552,0.95660657,232.91571,455.84995,0.8533077,239.08492,429.76913,0.85577327,277.91812,435.89474,0.91964847,311.22076,425.0694,0.89482176,297.5269,403.3314,0.82177866,312.07056,451.40167,0.8911568,241.89407,442.46915,0.9205848,334.0833,414.2494,0.8709404,368.55295,390.41864,0.9391713,406.04892,365.94934,0.7855558,439.1853,336.22897,0.8870368
473,220.42792,421.2825,0.955053,231.78395,451.93085,0.8671153,240.04214,427.05875,0.93312144,278.47565,435.52826,0.9057671,312.4816,425.74918,0.87015647,300.98416,403.1716,0.82297724,311.72977,451.2571,0.8653815,243.1019,439.64853,0.921417,336.57474,416.68884,0.8534968,369.14978,391.89847,0.8794793,406.0998,366.63943,0.8261925,437.14267,335.6033,0.93704426
474,221.08435,413.13287,0.91924953,229.1022,448.19318,0.8945883,241.69467,424.11163,0.97899276,279.04486,436.73325,0.8488391,313.2509,427.1704,0.86421406,303.40665,403.2737,0.8281571,312.4482,452.71283,0.82483083,243.66722,437.5753,0.9806284,338.48322,418.61823,0.8986528,371.4747,395.0805,0.8811615,406.371,368.7693,0.78651065,438.48724,339.9409,0.9535613
475,223.31166,408.27545,0.858313,225.95325,441.68445,0.9512461,240.71838,419.74094,0.9199311,277.57486,436.80637,0.82556117,314.37604,428.88202,0.8776691,306.18103,404.38583,0.88137823,313.17014,453.66858,0.8289298,242.06635,432.7978,0.88180625,340.31024,421.05066,0.8917979,374.89444,399.32385,0.8365438,409.59723,375.38394,0.88033783,440.33185,346.84357,0.89446014
476,223.00177,405.89362,0.8697012,222.33392,437.17773,0.9163907,239.31995,416.92365,0.9298527,276.92096,436.3484,0.8101101,315.92963,430.46368,0.88863575,308.7184,405.28452,0.87137455,313.08228,455.67392,0.7790942,240.79897,428.34845,0.77681196,341.88388,423.9044,0.8305842,376.7931,404.68906,0.8639288,411.4639,381.9608,0.7945644,443.51993,356.0944,0.97601163
477,221.66219,403.32355,0.8722178,222.85661,434.13998,0.9770293,239.68419,414.3798,0.9473642,276.7919,434.76944,0.8243461,316.92017,431.6469,0.855004,311.6565,406.26886,0.8482148,312.65076,456.84988,0.7632102,241.29704,425.781,0.8021054,343.29114,426.55478,0.83128774,378.3669,408.69327,0.8999023,413.17276,388.7203,0.941871,446.31854,363.2292,0.9276177
478,220.58882,397.8629,0.8613462,221.6826,433.38333,1,240.02753,412.25098,0.93773454,274.6816,434.04257,0.7742844,316.6385,432.07504,0.8428929,312.3154,407.50208,0.80400586,311.04785,457.38892,0.7230977,240.7602,424.58643,0.8547343,343.43634,428.31415,0.8439518,378.12784,412.13422,0.8856107,413.66547,394.04617,0.88236016,447.56757,369.6642,0.91608226
479,218.56293,392.8989,0.8352442,217.95976,427.5465,1,236.5209,408.096,0.8835374,270.8993,432.98703,0.7450084,314.61862,433.7606,0.88331705,311.3726,407.90735,0.78881127,307.52734,457.86136,0.7014227,237.84998,421.03375,0.8538953,341.91855,431.4823,0.90823305,378.61127,417.3148,0.8536326,414.0605,397.58838,0.8071275,447.90506,374.60153,0.92487603
480,216.71445,390.6849,0.83092093,214.35439,423.972,0.9731824,233.38391,404.70142,0.8170901,268.5295,431.16995,0.8230794,311.97427,434.38928,0.92104644,309.34265,409.4031,0.81197417,303.74686,457.81525,0.67480755,233.96768,416.4792,0.7392908,338.15356,433.8901,0.93751985,378.06384,422.44144,0.8539068,412.55295,404.40964,0.90410835,445.39587,379.61185,0.9019674
481,213.57776,387.93222,0.93576217,211.82036,419.68027,1,230.75957,401.5351,0.8447345,264.8141,428.10196,0.81354845,308.43814,434.63773,0.9631362,307.0455,409.31723,0.87406504,299.58014,456.89508,0.70752406,231.34863,412.22516,0.7569346,335.27524,435.54715,0.9470138,376.2482,427.9744,0.82998186,411.75275,410.32162,0.846564,445.27734,384.8621,0.86105263
482,208.4604,386.10144,0.9022371,209.8618,416.8158,0.99158114,228.19446,397.1019,0.9908566,260.1648,424.19913,0.77848864,305.0473,434.0688,0.86925393,305.19037,408.61606,0.86790806,293.68042,454.79657,0.6993607,228.63545,409.28326,0.80262345,330.94376,436.8345,0.92934865,373.4823,431.84894,0.8312562,410.62967,416.0939,0.7675436,444.1638,392.19635,0.8835953
483,205.56253,384.44473,0.90439403,207.34166,415.3078,0.9154218,225.23267,393.83176,0.9433293,257.3453,421.6782,0.80751216,301.8726,432.77582,0.77899086,304.656,408.7048,0.819528,291.4813,452.25754,0.7972979,225.76166,406.24237,0.91752744,327.67197,436.86896,0.86316603,369.17285,434.50995,0.8691837,408.70175,423.13687,0.8442657,445.26523,402.18536,0.875172
484,203.60608,381.9212,0.9425812,204.72432,412.92987,0.95611835,222.21097,391.08533,0.9238393,255.0194,418.71915,0.8135601,298.0954,430.4898,0.81258327,300.34692,405.30276,0.844948,287.65137,448.75876,0.7858149,223.51741,404.5134,0.91130936,323.4039,435.4461,0.9053078,365.5252,436.73947,0.80713916,405.9833,429.61206,0.79962516,442.9661,409.4603,0.86503184
485,199.06372,378.22607,0.87804216,202.00269,410.6725,0.9360367,219.09724,388.18808,0.8820123,251.87527,415.68546,0.84765315,293.33643,425.8197,0.85750544,296.1777,400.03412,0.7954479,279.48193,446.9052,0.82435495,220.25148,402.28494,0.790788,320.12067,432.26212,0.86128134,360.77173,436.63507,0.81859076,403.06036,434.556,0.9222781,441.95688,417.24927,0.89463204
486,195.22998,377.59378,0.93547285,201.22238,409.8944,0.8660273,215.73717,386.38165,0.9040145,248.78796,412.22177,0.86175644,287.96188,421.72375,0.8731161,293.13666,398.6275,0.83825934,272.29495,443.91736,0.8709097,217.42393,399.51562,0.75924945,314.5511,429.981,1,355.6491,434.57422,0.93431294,400.48767,435.30573,0.94892377,439.36807,420.28815,0.8606941
487,190.94392,377.6048,0.86459976,198.30893,408.13184,0.8672226,211.46297,382.19156,0.8887486,245.28598,407.93384,0.8488725,285.05994,419.2542,0.89121574,292.425,397.04642,0.8808183,266.6831,439.57617,0.7816304,214.03038,395.97015,0.83303905,311.18335,427.96167,0.9961894,351.7575,431.68515,0.8725108,397.06485,430.90875,0.86883295,436.39297,419.7455,0.9087023
488,189.50758,376.747,0.92249084,195.93658,405.45282,0.96249044,208.31677,379.56747,0.92763853,242.92543,405.3562,0.8951659,284.01276,417.39938,0.85456055,292.4407,395.61,0.8330136,266.20193,436.79678,0.79785967,211.23111,393.07626,0.83716494,308.7381,427.06375,0.99687475,350.4677,432.17654,0.8470774,393.55966,429.81497,0.7708627,433.93347,415.9681,0.8670578
489,187.72232,374.5162,0.9538097,193.53096,403.8857,0.92072934,207.02763,380.0584,0.9530926,241.62357,404.9917,0.8987249,283.38486,416.21298,0.7938933,292.52637,394.77515,0.7933393,265.34177,435.17563,0.7905349,209.91489,393.15546,0.82613766,307.115,426.14926,1,348.1209,433.04044,0.88227326,392.52524,430.78867,0.8064113,432.50397,415.68948,0.80463886
490,186.20753,371.85623,0.96900535,191.32394,404.16394,0.97047514,205.27686,379.96082,0.9768638,239.33731,404.6426,0.85570437,282.00006,415.16635,0.7703383,291.52673,393.47244,0.7861659,263.61618,434.79373,0.8249643,207.94989,393.215,0.8299733,305.67664,424.873,0.97037774,347.56927,432.83243,0.87392765,391.75137,432.099,0.888753,430.7538,418.32834,0.8234492
491,184.06529,370.8056,0.9196509,189.6587,404.41696,0.99198693,203.70558,380.66394,0.955199,238.59052,405.69733,0.8262049,279.95734,414.70117,0.78999907,287.784,391.0384,0.7857693,260.97287,434.7039,0.8459147,206.61476,393.39584,0.76754814,304.07324,423.95654,0.91152257,345.29944,432.15356,0.8297303,390.07706,431.38464,0.88275903,428.75656,419.07193,0.86096644
492,181.73936,371.0592,0.9811244,187.35147,403.94394,0.9472835,200.6666,380.56613,0.9321542,236.30586,405.22208,0.84513086,276.9585,414.35767,0.83430815,284.99246,390.4437,0.8180707,258.04333,435.2716,0.8230089,204.05595,392.9438,0.70517206,302.25165,423.90613,0.8768572,343.8204,430.80878,0.8478916,388.1334,429.35547,0.8843726,427.26163,417.49985,0.89947844
493,179.74301,370.4489,0.9943801,182.24779,401.76913,0.9559396,197.94112,379.90036,0.99865013,230.04594,404.12048,0.82118064,273.5267,414.821,0.8225704,282.1499,391.12885,0.7918899,250.02998,434.86966,0.6659514,199.90309,392.1452,0.82767546,299.20804,423.89108,0.896592,340.4224,429.50372,0.8849136,383.13586,427.23245,0.81697553,423.7054,413.3362,0.92029244
494,176.02438,367.9829,0.95808065,179.42024,400.3722,0.9504562,195.83516,378.35992,1,226.72691,403.1076,0.86265576,270.40228,414.62146,0.77745485,278.03024,389.66415,0.82340026,247.64441,434.37686,0.7148803,197.2385,390.6025,0.90600574,296.68567,422.49426,0.90885234,337.54572,427.99725,0.86298054,381.1521,423.50778,0.9356406,420.60693,408.4168,0.9061167
495,173.2306,365.2634,0.92315954,176.62965,397.27112,0.8578463,191.8086,375.6519,0.8934704,223.85645,401.8061,0.83391875,267.67017,413.42258,0.8184403,273.55557,387.98605,0.90470046,248.26859,433.37894,0.7062816,193.37456,387.7909,0.920491,293.96448,419.81824,0.9507374,335.32697,423.99884,0.8263375,379.70938,420.70056,0.9611859,419.89822,405.8757,0.9242178
496,170.91185,360.71423,0.8681305,170.18867,392.33423,0.9245198,187.97406,372.17148,0.9110028,221.13672,399.76068,0.830393,264.0625,409.05096,0.80914897,269.05887,384.1451,0.97886693,245.48836,430.47266,0.71403456,189.18652,384.96713,0.7898303,291.4857,415.56595,0.9548654,333.09534,420.76266,0.8608769,377.3119,419.34244,0.9506918,416.64163,403.89172,0.90127206
497,169.37202,356.956,0.9187731,165.96779,390.14758,0.9530199,184.8969,370.41977,0.83023816,216.38005,396.99112,0.81000113,261.44296,405.82498,0.9215329,263.595,379.54047,0.9927947,247.45259,427.44003,0.76275283,184.88472,382.0874,0.7440027,287.9737,411.6292,0.96792454,330.35284,416.7345,0.8718286,374.6592,415.63354,0.8404333,415.227,399.21027,0.7881057
498,166.93524,355.39737,0.9099988,163.72934,386.81735,1,183.00766,366.7456,0.8867816,213.05075,392.961,0.8011457,258.02194,402.8734,0.89385545,259.74078,376.49094,0.95706445,244.32854,424.58423,0.7782819,182.89212,378.03513,0.79840946,285.43088,409.0545,0.9664588,327.29257,411.3318,0.8500858,371.39136,407.82532,0.9201951,409.98337,391.7608,0.8816449
499,162.61685,352.7024,0.9416866,161.44969,383.82092,0.9313198,178.9977,362.62418,1,211.53781,389.99573,0.84853584,255.24208,400.16937,0.7760033,256.03375,374.27524,0.8943835,243.66698,421.25974,0.87292486,180.01926,375.04773,0.9058796,280.6013,404.76895,0.9141686,323.37396,404.92282,0.91140634,366.65738,399.94855,0.8331343,406.20798,381.37015,0.9067657
500,158.00195,346.18423,0.9037192,158.50438,377.7438,0.8374426,176.69409,356.23453,0.95839816,208.20154,385.23532,0.8245095,251.1456,395.8433,0.7997034,250.10078,367.7624,0.90262103,240.37729,417.09232,0.80587083,176.69707,369.90903,0.88344765,276.786,400.07407,0.886533,318.73148,401.21942,0.8857942,361.75232,393.7368,0.83015937,400.9787,372.87384,0.9053324
501,153.5429,341.10645,0.9267733,152.23407,373.6204,0.8914935,171.65466,353.19708,0.884054,204.26845,380.57584,0.90411925,246.51352,390.91003,0.8589448,245.03894,362.00687,0.8852698,235.67511,412.277,0.88126624,171.60748,365.09882,0.7358212,272.38837,395.74857,0.86212367,316.77383,397.61514,0.846344,358.92776,390.14148,0.9053868,396.9312,369.51688,0.9342369
502,149.98524,337.42566,0.9679265,149.29521,368.79666,0.9243,167.7716,347.7769,0.992541,198.72296,375.11615,0.81687933,241.0135,385.60367,0.8447903,240.30588,357.3927,0.8784204,228.62001,407.75665,0.836299,167.84885,360.32242,0.8402169,267.79688,389.468,0.91764337,310.90964,389.17484,0.885886,353.8073,384.90826,0.826734,393.08743,365.377,0.8867588
503,146.34865,331.6817,0.94075817,146.30229,364.31543,0.9477938,163.28333,342.18088,0.9555092,194.14008,368.65366,0.8676617,236.54585,379.81595,0.8184996,237.66512,352.38763,0.92856544,220.56197,400.6804,0.85299516,163.71591,354.6909,0.91867715,263.51273,385.53555,0.8849151,307.44687,384.11685,0.9139096,349.71423,377.29083,0.8418241,391.13278,359.08917,0.8814664
504,143.18044,326.04135,0.94179356,141.50465,359.5412,0.8670891,159.8854,337.72787,0.89470166,191.7282,365.69162,0.83727825,233.47998,375.87656,0.84274626,236.70323,350.6634,0.97079307,218.27124,396.9322,0.86374545,160.28131,351.30246,0.8145927,260.1946,383.3145,0.9154404,304.46158,381.06363,0.84990984,346.2353,371.18466,0.9029501,385.19672,351.86893,0.85673857
505,142.04796,321.0436,0.98397064,137.87541,354.7169,0.9612932,157.57089,334.61954,0.94919366,188.69868,361.82495,0.9095632,230.4076,373.56943,0.89797515,234.89667,348.83295,1,213.60406,394.6234,0.82645214,157.07211,346.75186,0.80069274,256.5585,381.35242,0.925069,301.7188,379.37607,0.87187654,340.63272,367.46112,0.7949,379.47308,347.09082,0.92059386
506,139.80557,317.07422,0.9463943,136.10033,352.17825,0.98433226,154.75182,330.75085,0.9352084,184.9038,360.36615,0.9173507,227.06873,372.4308,0.89541805,232.72186,348.15442,1,209.64606,392.9751,0.8253595,154.0184,343.67935,0.8119662,253.2006,380.90707,1,297.04163,378.53278,0.80315447,336.27942,366.52762,0.78648645,375.02237,345.3341,0.8689299
507,137.19313,313.4462,0.8347332,132.20378,347.51077,1,152.11697,328.37714,0.8565931,180.29614,356.86832,0.8977335,223.48952,370.30002,0.8521661,230.98598,347.50195,0.9547479,202.51323,391.42743,0.8130597,151.55896,339.49478,0.8883746,248.67204,380.91815,1,293.22025,379.2184,0.86234796,333.9563,365.7882,0.7944649,370.4618,345.50546,0.90447795
508,134.63148,310.9259,0.88483,127.961555,343.84592,0.92165476,147.66017,323.78674,0.9018285,175.83072,353.34344,0.89465183,218.5983,368.914,0.84083897,227.4634,345.7587,0.9240406,195.4061,388.52966,0.87279207,147.05566,336.36163,0.87908167,243.15504,378.73975,0.98456115,288.2797,380.11557,0.7618906,329.19302,368.43527,0.7500747,364.77124,347.60873,0.91810596
509,127.64363,309.49896,0.9407824,125.60117,340.73587,0.95869887,143.4105,319.7904,0.9225042,173.96571,350.6451,0.87875265,212.99834,365.81564,0.849075,222.18184,341.9116,0.87377584,189.32703,384.76263,0.7448485,143.99335,332.11578,0.815907,238.03407,377.78802,0.9713698,283.03137,382.54587,0.75165105,324.5241,371.95724,0.85210717,361.3751,352.53174,0.9134585
510,122.93081,304.34396,1,120.83553,337.00043,0.94326,140.65262,315.36,0.9980873,169.18857,346.15598,0.88246083,208.1046,362.9225,0.847461,217.18979,338.17422,0.9092453,188.10602,381.4898,0.8324861,140.01697,328.5362,0.8427257,233.41049,374.72488,0.9322638,276.99152,384.43875,0.7913251,320.54285,376.64117,0.80479175,359.03366,358.2195,0.88560677
511,118.222984,300.3246,0.95297414,117.2178,332.2838,1,135.27412,312.06226,0.9074698,163.73952,341.46957,0.8854124,203.95158,358.33398,0.897567,211.74748,334.4217,1,184.00012,378.2203,0.7487886,135.56049,323.5136,0.87252253,229.3915,369.5031,0.9042318,271.2473,383.44806,0.79291314,318.1637,380.3442,0.7647426,357.70392,366.70715,0.8700392
512,116.10093,298.2264,0.8718065,110.75375,328.6657,0.9331185,131.44548,305.26593,0.9264044,159.29994,337.35342,0.880495,199.53372,355.33804,0.87413543,207.46118,331.5522,1,180.03128,374.90274,0.8804996,130.60103,320.03302,0.8565938,225.16492,364.9076,0.9864132,267.22632,378.60425,0.8297531,311.51297,381.90195,0.85700727,353.2719,375.27365,0.86352086
513,110.99685,296.75806,0.89038926,107.25338,325.78183,0.9624548,127.999214,304.19394,0.9522635,156.8336,334.52274,0.88675976,194.76959,350.43555,0.8356109,199.75415,324.04877,0.900675,178.0214,370.1256,0.866713,127.09676,316.50278,0.86318433,221.76439,359.72247,0.9629617,263.50705,373.61795,0.8634232,305.66727,382.00464,0.87539667,349.12418,376.822,0.8760738
514,104.21062,294.69653,0.9362422,103.915924,324.00357,0.91775244,122.88144,299.7899,0.99145234,153.68365,330.18018,0.9025188,190.90701,346.44946,0.77935714,194.64343,318.25833,0.8745418,175.6762,365.9606,0.83250713,123.737686,314.0716,0.77065027,216.69066,355.20993,0.8432608,258.0385,369.0749,0.8627648,299.91028,377.96182,0.79528606,342.9984,371.35104,0.9300678
515,97.800354,293.69357,0.97821176,100.68044,321.46378,0.9216548,116.62317,295.2581,0.95478934,149.27805,325.0352,0.90105605,188.12302,340.9097,0.86972266,193.47258,315.73923,0.89054304,172.92992,360.99,0.88463575,117.86439,309.79294,0.88697207,213.01616,349.9665,0.94864005,254.28902,365.93155,0.8158747,295.6929,373.57864,0.89167184,338.3106,364.05484,0.9241389
516,94.49008,294.08853,0.8708484,98.03696,321.23877,0.8964361,110.66724,293.01608,1,145.89616,320.53906,0.8861418,183.87883,337.0297,0.8004982,191.82986,313.249,0.7528669,166.79338,356.1308,0.89772844,113.58936,307.58887,0.9749688,207.96239,347.33334,0.95566505,248.46416,360.73584,0.8138026,292.00208,367.194,0.8764103,334.59085,358.95132,0.8792689
517,91.046906,295.13248,0.82718396,95.62996,320.62775,0.8827175,107.95928,291.4181,1,142.42606,318.71326,0.80177295,180.15747,332.2178,0.8432527,187.97594,307.7768,0.7636468,161.45235,351.65558,0.8592236,111.146545,306.63632,0.94103706,203.7649,345.2925,1,245.14975,357.397,0.9221288,285.97076,363.59348,0.7799499,330.42795,355.04984,0.9383153
518,88.00345,295.6144,0.74991274,92.47697,320.7103,0.87974197,104.29212,290.90533,0.885927,140.53508,317.10718,0.8764199,176.07086,328.98987,0.7741446,184.14969,304.99023,0.8600724,158.2068,349.34332,0.8787143,108.17969,306.01743,0.8732573,198.96785,341.4959,0.9000213,240.18907,355.33667,0.86882704,282.25174,361.05768,0.85488,325.08957,352.0892,0.8870946
519,83.62911,298.45804,0.8599117,90.696754,321.07855,0.9465895,99.97212,290.81027,0.9357387,137.14151,315.54932,0.8556769,173.03674,326.2972,0.8510135,181.266,303.70438,0.8372853,154.22105,347.4459,0.79935664,104.25632,306.5337,0.8337224,195.04468,338.388,0.93906015,235.738,354.97348,0.8293471,278.37973,359.95642,0.8300085,320.87445,351.84686,0.86195374
520,79.197815,298.19614,0.7974923,87.154205,322.28702,0.9009976,95.56454,292.49826,0.9804465,133.07877,314.63193,0.865355,169.75351,324.212,0.87730867,178.37692,301.4828,0.802564,149.23224,346.08328,0.82792985,99.302795,306.60553,0.9249929,191.65477,336.48877,0.88633174,232.65347,351.36685,0.822951,275.54105,359.3263,0.8641544,318.91138,351.86853,0.8441512
521,75.47901,298.19437,0.8092908,82.71051,322.0755,0.9095045,92.20119,292.41595,1,127.83426,314.28983,0.84335244,165.22318,322.53278,0.89278466,172.45612,298.73187,0.8589283,146.77608,344.7519,0.83763766,96.42325,307.02603,0.9440341,187.31184,334.54672,1,229.70935,349.5245,0.8952422,269.74704,358.2146,0.8854237,313.26212,351.0932,0.8893398
522,72.56038,297.10202,0.7831561,79.77271,321.95673,0.90656275,88.8717,291.3566,0.8921884,125.52087,313.42462,0.90297544,160.69122,320.40494,0.81379837,166.15007,295.34018,0.90828604,144.50874,342.59625,0.80619776,93.47446,306.95035,0.89706254,184.16624,331.15076,1,226.48853,343.80658,0.8905986,266.63165,354.28244,0.88184386,310.65405,347.37103,0.94224215
523,68.468254,297.07147,0.87113047,75.73038,319.76102,0.8995581,84.986046,290.02704,0.9072357,122.531815,312.97577,0.8793436,157.4606,317.79883,0.7650376,160.07999,292.1297,0.91251403,144.7486,340.8299,0.8479521,89.18858,305.18765,0.8460953,182.6971,325.16052,0.9408849,224.81673,337.80685,0.9210611,266.43573,348.3164,0.80790967,310.96555,342.6325,0.86616707
524,64.24193,295.63303,0.86460865,71.95379,319.34766,0.8663571,81.749466,291.05194,0.93803984,119.08576,311.90613,0.88270634,154.65732,315.3272,0.8386605,154.05377,288.50317,0.9537674,142.91165,339.59,0.91903865,84.80385,304.4437,0.9077579,180.45473,319.50266,0.9225252,223.54587,329.87268,0.8693557,262.81448,339.58948,0.8987466,308.49146,336.38464,0.9252105
525,63.359165,294.2741,0.8634362,68.2325,319.7295,0.9029444,78.85515,291.1307,1,115.3685,311.0585,0.9297048,152.16158,312.65707,0.87427974,149.32225,285.21902,0.9209053,141.01346,337.84253,0.9336276,82.039345,304.91757,0.9315587,178.46918,315.6776,0.9729587,222.44144,321.38422,0.89217466,264.3466,328.7922,0.78114325,306.82843,323.42197,0.96314967
526,61.412724,296.21545,0.85412633,66.5204,319.95425,0.914344,76.53139,290.53036,1,112.72801,310.18774,0.92171603,148.80455,310.56387,0.99745446,144.4189,282.42566,0.88895124,139.50514,335.27573,0.9829382,80.55831,304.8937,0.95546633,175.6873,311.85468,0.856878,217.6937,314.36917,0.87371963,260.03925,319.00735,0.8621333,303.53394,308.3768,0.9116341
527,58.905552,298.65207,0.89719796,68.3104,321.6112,0.8965933,74.751816,290.8496,0.9748928,111.7372,308.43085,0.89543957,146.59819,308.24368,0.952761,141.54382,280.8596,0.86813986,137.63486,332.9429,0.9849749,79.984665,305.28442,0.9450345,172.56155,307.70145,0.9311916,213.79733,307.6928,0.9306119,258.72253,311.0375,0.9155315,301.35352,298.30182,0.9155043
528,57.226303,305.12622,0.8060862,70.45538,322.45816,0.9593025,70.65621,291.76282,0.8332821,111.144905,305.94696,0.87060994,145.11868,306.5646,0.91156656,139.24559,278.22833,0.8509343,136.48245,330.72446,0.95118964,78.98323,306.63437,0.9329283,170.19124,305.71536,0.9009574,212.30678,304.40512,0.9116007,255.75531,305.4666,0.85875684,298.76175,292.2396,0.9510591
529,57.384132,312.1924,0.75203973,71.92517,324.14032,0.98923486,65.364975,294.60367,0.79777193,109.68068,304.3843,0.8734831,143.97456,305.91898,0.8756016,137.93625,277.97946,0.8390131,136.58829,329.3163,0.87457895,76.788925,307.7378,0.8795923,168.78212,305.44135,0.8656923,210.74876,303.53137,0.8789014,253.61195,301.05798,0.77051544,296.7401,287.5976,0.8895472
530,57.87869,318.92355,0.79718137,72.8295,328.1542,0.890192,60.3827,301.77365,0.716181,107.82065,304.73444,0.9063324,142.6268,304.40182,0.8282204,138.41486,278.15335,0.8030613,134.0655,329.22922,0.8640297,74.45503,311.48886,0.85670674,168.10329,305.7224,0.8815239,209.05417,303.28537,0.87247473,251.61734,300.55762,0.7737085,294.9632,286.39893,0.880924
531,59.154568,324.37027,0.8393036,74.8788,333.0069,0.7549599,60.984116,306.9522,0.7921851,107.194984,306.32037,0.9503509,140.44574,304.25104,0.8397793,136.5073,278.2003,0.82815415,132.53444,329.65387,0.83288914,74.32728,314.84882,0.87839586,166.21431,305.8685,0.921345,208.56366,303.97775,0.87562966,251.70935,301.97574,0.79250365,294.11655,288.4265,0.9005022
532,61.160286,332.00833,0.749722,78.42343,336.77402,0.8080798,61.162968,312.46896,0.7239848,105.4666,309.33832,0.9453257,138.65837,304.70233,0.8582851,134.77823,279.67712,0.8139167,129.78218,330.7424,0.84248984,74.796844,320.33096,0.9027903,164.69533,306.7181,0.95370466,207.58182,305.77142,0.8777689,249.63829,305.28632,0.8800518,293.63736,291.64523,0.9360111
533,64.28179,341.59952,0.80296487,80.61081,343.9645,0.82425505,60.18004,320.7341,0.7924556,104.13886,312.89987,0.8927723,137.19566,306.35477,0.87148756,131.33453,282.57776,0.8435721,130.4394,332.55902,0.8457167,75.33937,327.1048,0.93385017,163.06824,308.33878,0.9971306,205.90483,308.748,0.8747799,249.36586,309.1796,0.8982598,292.16464,294.94836,0.90696466
534,67.407196,349.73,0.7368936,85.76441,350.87006,0.77267563,61.347187,330.78027,0.6593815,104.92211,316.17953,0.8972287,136.79686,308.5293,0.8848674,128.71332,285.7234,0.8408137,133.4955,334.1162,0.795187,77.209236,334.83728,0.9771901,162.32402,309.7337,0.9864322,205.01875,310.35846,0.87634,247.96309,311.75595,0.8839415,291.15906,300.9959,0.92791104
535,68.90812,357.3832,0.78708506,87.36238,358.6176,0.7772222,63.40005,339.94373,0.758644,104.8726,322.3756,0.8743551,136.7502,310.55652,0.8845791,125.59196,288.54547,0.76484925,135.5667,337.26865,0.73057693,78.87939,343.5868,0.8496021,161.94446,309.99014,0.96955,205.178,310.75143,0.89626014,248.83867,314.27957,0.7919959,293.45987,305.98026,0.9246004
536,69.75799,363.84216,0.71740115,89.05323,365.31705,0.8026107,63.54932,347.31113,0.68710965,108.26481,326.0818,0.80426884,138.4896,311.50827,0.86479783,124.99876,291.74664,0.8356317,141.00276,336.7694,0.79442334,80.22638,350.50775,0.9245517,163.17265,310.0874,0.94768304,205.31001,310.26547,0.86202085,248.31122,313.74246,0.7785663,292.14505,307.15485,0.9502858
537,71.50344,369.99866,0.7495353,90.58228,370.1834,0.88251,65.2713,351.60983,0.70355064,108.77998,330.42105,0.77772814,137.867,312.52463,0.8504392,122.6879,295.36884,0.79373354,143.5972,337.02573,0.78103304,82.54168,353.82565,0.9460889,162.55273,309.5426,0.95337087,204.3092,308.23056,0.8627104,247.94304,312.64072,0.76691926,292.3656,306.52048,0.9550191
538,70.793,373.92963,0.7689777,90.474976,375.53903,0.87835526,66.27728,358.04434,0.80740356,108.36091,333.4308,0.7632596,138.35712,313.71182,0.9249857,122.32099,298.74408,0.7665409,146.09366,336.0483,0.80778944,82.776566,359.9072,0.93060464,161.81082,308.3693,0.9161368,202.10414,304.39572,0.8807984,243.7515,308.1757,0.8971244,290.7493,302.33255,0.8641984
539,69.35864,378.90167,0.7905593,90.3466,379.93222,0.899849,65.48272,361.7207,0.7400823,108.406296,336.7213,0.7883392,137.6135,314.0453,0.9371711,120.11088,301.2227,0.8010984,144.7929,338.6526,0.8578309,81.70461,365.0636,0.9708512,160.36647,306.57736,0.874699,201.42787,298.54977,0.84334755,240.95851,300.66415,0.7961554,284.0124,294.41925,0.9139756
540,69.429535,380.66446,0.802137,89.50645,382.62994,0.8364546,65.23281,362.83337,0.74073976,108.43122,339.47308,0.80758584,136.66122,315.39273,0.92108303,117.21428,303.91733,0.78221923,145.70265,339.80304,0.91880304,81.7783,367.80777,0.9380125,158.76117,304.13446,0.8719565,197.25134,291.3616,0.889965,236.59862,289.7983,0.8715768,276.6436,279.88696,0.90887994
541,70.87822,382.9008,0.7796471,90.906296,384.7128,0.89920795,65.36409,365.95547,0.7303409,107.72831,341.71857,0.7919787,135.2279,317.5157,0.8699298,113.52609,305.32144,0.7993023,145.72314,341.1537,0.9447159,82.388824,368.5726,0.9234489,156.7807,303.6846,0.9266021,193.50873,286.4013,0.8160257,230.68114,277.52737,0.9013807,268.57544,261.5092,0.98875904
542,70.52743,385.5571,0.8061497,91.10737,386.54803,0.8955829,65.19191,368.05063,0.75743765,106.73199,343.79126,0.7699897,134.37936,319.61438,0.8552971,111.008286,307.58737,0.782574,145.56807,342.57687,0.950963,82.66671,370.41617,0.9474681,155.09596,303.48987,0.9068315,189.1403,280.87274,0.92889696,224.89946,267.08505,0.817307,258.7046,244.96117,0.9908081
543,69.37697,387.91504,0.8665312,89.94763,388.96143,0.82634825,64.32975,371.16782,0.85807115,105.8871,345.3131,0.7113435,133.34395,321.1699,0.9091067,109.256836,309.66296,0.7913651,144.77678,343.9637,0.9277931,81.809,373.6823,0.92026454,152.01762,304.03772,0.8701002,184.51752,278.2839,0.86297834,218.20828,258.04718,0.84540117,249.06459,231.56367,0.88843143
544,67.34627,390.84378,0.81552446,86.90297,392.50742,0.8200783,62.19915,373.1425,0.8966278,104.31801,347.63446,0.75904053,132.18437,322.51645,0.919482,108.38278,311.1825,0.7645078,144.06367,344.9283,0.8835866,78.19893,376.669,0.95961124,150.63013,305.22034,0.88252145,181.3045,276.00867,0.9028702,214.12842,253.20651,0.8283602,242.84114,224.0029,0.9185033
545,67.11995,394.8286,0.8268227,86.637,393.721,0.78304195,60.442234,376.46222,0.8387709,102.90354,349.76672,0.8268006,130.64134,325.4499,0.9212524,107.684265,313.7166,0.69059783,144.43997,346.1022,0.87920535,77.26311,379.15372,0.9758712,148.34743,307.85397,0.9607888,177.27313,276.99268,0.89019483,209.98169,251.53238,0.82140917,239.08064,221.79282,0.900934
546,66.07693,398.67227,0.8386943,85.80783,398.06372,0.8295704,58.767033,379.7564,0.75472814,101.10361,353.75842,0.8680648,129.16267,328.7578,0.87762034,107.62165,316.6965,0.78106403,141.8059,350.4145,0.9102083,76.67105,383.3959,0.93377703,146.90298,311.6775,0.9312148,175.6858,278.48465,0.80499977,207.35847,251.50491,0.77789325,237.3807,223.23923,0.91248125
547,65.24545,402.69702,0.86434567,84.73357,402.13544,0.9591416,57.745876,384.75394,0.80983526,100.23107,357.18524,0.8679007,128.69638,332.2441,0.83696526,107.9801,319.93546,0.7934993,140.50334,352.76736,0.8333278,75.284775,387.27335,0.9955058,146.13985,315.3816,0.86641186,174.16785,283.60358,0.8699999,205.77402,255.5256,0.7629462,235.24542,227.12462,0.9772514
548,64.51633,406.45877,0.77212685,82.76131,406.5932,0.8308987,57.332417,389.7078,0.8341983,99.44971,361.51205,0.8906902,127.75187,334.91522,0.832596,105.93702,323.4608,0.79261434,138.7142,357.7226,0.85465884,74.401436,391.9514,0.9148973,145.27191,319.9993,0.8616797,173.41393,288.34918,0.8296996,203.73596,261.62476,0.85019517,233.50682,230.58673,0.88594323
549,62.776886,409.77948,0.7590275,82.95288,411.01285,0.8375829,56.442387,395.79803,0.7093929,99.04253,366.21506,0.8999393,125.95489,339.87814,0.90115285,105.25022,327.4194,0.70584255,137.55154,361.78424,0.8139566,73.64051,396.60748,0.88052124,144.33862,323.73917,0.79731184,173.58803,293.78116,0.86435145,205.37569,266.89304,0.7786451,235.79428,238.09781,0.9426874
550,62.8262,412.7823,0.7121177,82.566284,415.06314,0.88848996,57.384064,398.5955,0.6707474,98.170135,370.86008,0.8858467,124.71944,343.80493,0.8687656,104.72076,330.93253,0.6523477,136.96423,366.80484,0.8188776,73.04443,400.82294,0.87235826,144.78166,329.25092,0.79071254,174.65936,300.97504,0.8359075,205.1892,274.86887,0.85874087,237.36496,246.64558,0.943099
551,61.566177,417.39175,0.7873859,81.20801,419.30005,0.92795223,56.556713,400.91245,0.75044054,98.21482,375.6357,0.8650115,124.001625,348.97256,0.838476,105.35927,335.4729,0.54873437,135.77501,371.86862,0.81058145,72.626625,405.1373,0.95467937,143.1849,332.9999,0.7558586,174.37926,306.70926,0.8614784,206.28918,282.38513,0.78964716,238.41101,255.32393,0.8646194
552,60.11087,421.77652,0.7937976,80.65648,423.85037,0.853035,56.389534,406.1434,0.7606637,97.931816,381.25797,0.9095137,122.364784,355.45798,0.816219,106.682144,339.69263,0.4941506,133.49898,378.10825,0.82609725,72.34373,409.30374,0.9028865,143.10924,341.72455,0.73852503,175.58633,314.96365,0.9160979,207.06705,288.542,0.8181173,238.77412,262.81494,0.92608833
553,60.0858,425.26492,0.84134334,80.480606,428.79083,0.8382889,55.619034,410.28653,0.7480377,96.317635,387.2386,0.89133334,122.44774,363.51532,0.9110293,104.49122,349.19373,0.6563257,133.40178,385.46756,0.85937667,71.312614,414.15015,0.9378855,143.35399,349.12057,0.8072271,175.32016,320.9032,0.8201491,207.29578,295.7791,0.83358115,237.74364,269.2326,0.9250504
554,59.584717,428.975,0.79778135,79.58552,432.26572,0.90497357,54.502163,413.3861,0.712178,96.20781,391.9852,0.8656037,122.644325,368.6954,0.87546426,103.2838,354.16318,0.82947457,132.80856,392.06125,0.87362486,71.27553,416.8147,0.9376558,143.42818,355.0416,0.9088822,176.25847,328.64117,0.8232196,208.20764,303.34744,0.80858827,239.03992,274.8511,0.9269668
555,56.65911,430.27197,0.8442718,76.86531,435.57455,0.9777126,54.19617,413.87173,0.7418632,95.63225,396.23785,0.93406284,121.90394,373.56784,0.9144333,102.19672,358.74374,0.78254014,133.11975,395.8466,0.8769022,70.48599,419.08627,0.9220245,143.14546,358.64813,0.8374636,175.62721,332.95175,0.8149852,207.79065,309.89587,0.8608534,240.04161,281.88293,0.8786108
556,54.516323,430.66544,0.8736911,74.40249,438.33044,0.9583674,54.505417,415.0806,0.7383157,95.22814,398.89987,0.89417744,122.021904,376.4116,0.91535944,103.33058,361.9121,0.72976696,132.73152,399.71954,0.8679291,69.93075,421.2155,0.9042908,142.15448,361.66455,0.81048274,174.32994,334.96295,0.78483963,208.06488,311.88336,0.8399148,239.84612,285.36612,0.88978636
557,51.901073,430.91183,0.870438,71.58245,439.02637,0.9210646,54.387802,416.4683,0.7505544,94.3598,401.91312,0.8824545,121.89115,379.36365,0.941596,102.042076,365.8826,0.80417556,132.94336,402.40536,0.9096279,68.688805,423.23416,0.87965345,141.9569,364.38876,0.837713,173.53183,336.78302,0.8283555,206.6436,312.96854,0.83365726,237.30687,284.58936,0.9278367
558,50.46995,431.80176,0.8600993,69.664505,440.21646,0.91388965,53.337536,417.20575,0.80879074,93.46678,404.23645,0.8603511,121.23013,382.56702,0.8957532,100.012695,368.3143,0.8389486,131.73077,405.19086,0.9191381,66.48643,424.02045,0.8805826,141.45152,367.2733,0.87591374,172.16942,338.8406,0.85119253,204.76266,314.26852,0.81191593,234.67435,284.68915,0.9293677
559,50.05498,431.9122,0.8481587,68.53416,440.9334,0.90713257,52.97461,417.1758,0.8230713,92.56242,406.4899,0.8303238,119.88596,385.6441,0.8782838,98.299614,371.23483,0.91089386,130.31146,408.48734,0.8782251,65.75542,424.5519,0.8826804,139.863,369.11462,0.93581086,169.91888,340.1247,0.86639637,202.53677,315.42996,0.78130895,232.8659,285.6071,0.8837143
560,48.767845,430.2758,0.81609243,67.02711,441.28897,0.94422764,53.38942,416.68253,0.7848788,92.41164,407.88525,0.8169923,119.79547,388.6438,0.87031424,98.269714,373.388,0.8842354,128.92464,411.53485,0.88824314,65.49756,424.6739,0.8625999,139.22754,372.7665,0.9519617,168.41426,341.85373,0.85035616,200.3812,316.96616,0.7738637,229.06604,286.67148,0.95158815
561,47.22584,425.89133,0.76684785,63.520226,440.59003,0.8918322,53.1152,414.386,0.7223404,92.00489,408.9541,0.78778297,119.161804,391.36673,0.8709913,98.61025,375.75275,0.84382576,127.47551,413.38306,0.88134843,64.875244,424.21283,0.8278202,137.86508,374.7897,0.91339624,167.64168,344.3934,0.83607674,198.58878,318.6568,0.8042015,226.47517,287.74152,0.9221047
562,43.716225,424.06018,0.8169237,58.50816,437.99957,0.9638108,52.561615,411.66632,0.7501425,91.60184,410.4095,0.83242697,117.9361,393.44406,0.909661,97.99447,377.23386,0.85007685,125.144066,415.49652,0.8487383,61.98424,422.31335,0.8735744,137.55643,378.08115,0.8194469,168.74141,347.3119,0.8486762,198.48793,320.1383,0.78149754,226.52951,290.6933,0.9573691
563,41.990837,422.23718,0.7758883,57.31693,437.1077,0.9345116,51.10856,409.66238,0.73691404,90.28325,409.81213,0.84981686,118.52195,395.29446,0.917816,100.56633,377.74713,0.89029425,123.0778,419.49057,0.83241874,59.86864,421.9463,0.9113194,138.73961,380.89783,0.8367647,168.75253,350.54816,0.77121073,199.25362,323.98212,0.77473354,227.06905,293.64984,0.942361
564,40.0491,420.41797,0.83649147,53.935246,436.75406,1,48.426804,408.1722,0.72171885,87.99504,409.92737,0.8492883,118.319916,397.4756,0.92793584,101.149216,378.85535,0.8604526,120.194824,423.26654,0.81448674,57.209415,421.52936,0.91485035,140.48491,385.04968,0.85322046,170.52052,355.6427,0.85560304,200.89192,330.15073,0.7765049,229.12143,300.04764,0.95131934
565,38.872993,416.43362,0.8443341,50.693375,435.24588,0.9717544,49.14203,406.0933,0.7945138,87.58914,411.4331,0.87715805,117.94211,399.09158,0.9090026,102.68966,379.45276,0.86167115,120.12576,423.95312,0.8302028,56.303997,420.07156,0.88829637,140.87097,388.406,0.90644175,174.39348,360.8465,0.9082961,206.19525,334.44662,0.72093356,234.26526,305.95932,0.94238234
566,37.3162,411.92444,0.8829241,48.07114,433.51862,0.9453345,50.66165,403.7633,0.8883932,86.964905,412.71997,0.90326154,117.65829,401.6642,0.8953977,104.50125,380.3897,0.8579909,117.59114,427.09787,0.8714768,54.73176,418.03964,0.86937773,142.1678,393.06738,0.82179374,175.91469,367.56158,0.80399925,208.33968,343.42575,0.8320289,237.02547,315.54828,0.9488465
567,36.175186,410.2204,0.8971398,47.214718,430.9222,0.93005186,50.047134,402.4439,0.86308026,85.916176,413.3749,0.93355024,117.40795,404.41678,0.9430118,105.434204,381.26602,0.8263324,114.65918,430.71475,0.84852564,53.46204,416.6762,0.86262167,142.48479,398.3885,0.908769,178.1424,373.41748,0.8793966,212.42204,350.30267,0.8146433,242.03105,323.59943,0.96570385
568,35.819363,408.96057,0.916632,45.86165,430.05682,0.95525354,49.092224,400.5892,0.8030229,85.02113,413.68668,0.93286335,117.6096,407.06244,0.94304556,108.076485,383.142,0.89488107,113.0439,433.43335,0.77043116,53.709305,413.98776,0.8771432,143.33849,402.7537,0.94662917,180.6373,382.34247,0.834619,213.70271,360.93674,0.81451327,244.33867,333.07635,0.9067037
569,35.518898,407.88568,0.94532573,45.40349,429.01862,0.96203077,49.20454,399.2503,0.7853598,85.281845,413.58173,0.91560674,118.94648,409.0183,0.9617203,111.7814,384.70502,0.866253,112.127594,435.0135,0.8088561,53.733795,412.98196,0.9049037,143.10562,405.43246,0.91684145,181.44647,389.24213,0.88304144,216.84853,368.48123,0.75871426,247.51952,341.80743,0.908646
570,34.839676,406.5074,0.9896164,45.021423,427.88846,0.9602887,49.360687,398.75363,0.78453493,85.45382,413.97614,0.9017602,119.69243,411.01855,0.95051104,112.9274,387.78378,0.910642,113.28922,435.5703,0.8527242,53.409687,412.474,0.9231107,144.04521,409.60385,0.82761014,182.5564,396.41364,0.88394004,219.23059,376.8941,0.91435665,250.7524,350.256,0.92150795
571,33.70659,405.35147,1,42.97011,426.74332,0.94926596,48.75066,398.67667,0.77361304,84.8624,414.81674,0.8621222,120.11532,412.86258,0.91260064,114.75654,389.10327,0.9025282,112.47424,437.72513,0.82883286,52.278275,411.74246,0.9344976,144.91467,411.1474,0.87251824,183.82768,399.21317,0.83377045,221.12753,382.0489,0.8147433,253.99025,357.91595,0.95756435
572,34.068993,404.24078,0.99001306,41.862534,426.75668,0.9451797,47.76814,398.528,0.7862407,84.35781,415.17355,0.8606795,119.757034,413.87405,0.9014608,115.12565,389.64572,0.912574,111.67303,438.85513,0.8299782,51.34458,411.7137,0.93516624,144.50888,413.3763,0.8595075,184.27888,402.41043,0.8767099,221.85153,386.0332,0.87460595,255.385,363.12875,0.8976036
573,33.818832,404.17145,0.9992026,41.285526,426.4401,0.9370367,47.3902,398.15115,0.77891636,83.953125,415.60852,0.8609419,119.382965,415.12482,0.896179,115.09658,390.59683,0.9196749,110.410355,440.24442,0.8637081,51.038296,411.4683,0.93999356,144.87354,414.8565,0.84582424,184.45042,404.52734,0.86404335,221.5367,389.95645,0.9114768,255.63281,366.06955,0.8707261
574,33.286934,404.7185,0.98988235,40.180115,425.6286,0.933219,46.51758,397.16434,0.76390904,83.68479,415.37646,0.8593042,119.395966,415.65088,0.8927768,115.71977,390.45108,0.9494553,110.31882,440.63275,0.86829036,50.4587,411.04694,0.95009035,144.63878,415.70343,0.8665859,184.00385,405.78113,0.8471077,221.82668,392.11566,0.89890677,255.91411,367.49432,0.8266855
575,32.070843,403.47034,1,39.507965,423.95148,0.93919617,46.283825,396.94156,0.7534092,83.54013,414.97244,0.8587477,119.62478,415.75647,0.8990902,116.50334,390.88556,0.9334307,110.80113,440.42886,0.8790803,49.976913,410.4927,0.94855654,144.82173,415.81573,0.87533176,183.95497,406.52646,0.82798165,222.347,393.10464,0.8711363,256.55917,369.43622,0.88048697
576,30.668436,401.46848,1,38.25959,422.62494,1,46.20749,395.83524,0.7963203,82.724014,414.32617,0.8592671,119.17444,415.46564,0.8907125,115.856544,389.92636,0.9528524,110.28939,440.11453,0.8779332,49.50818,409.58734,0.953446,144.5673,415.83057,0.86327136,184.08443,406.2289,0.82635766,222.36252,393.7432,0.85470784,256.49335,370.67227,0.89918774
577,30.48498,399.29953,0.92696905,37.96395,421.2903,1,45.609673,394.38904,0.8644855,82.053024,413.51022,0.86697114,118.13795,414.43927,0.91970277,114.31106,388.89426,0.9788252,110.3896,439.04944,0.89755213,49.688484,408.60522,0.9172312,143.62148,414.62457,0.8621373,183.25725,406.02805,0.8390979,221.94594,393.03006,0.87889975,256.0314,369.85965,0.88234156
578,29.977356,398.53558,0.9067138,38.057602,419.87305,0.99385107,45.147915,393.05255,0.9155813,81.85456,411.97867,0.8953756,117.557594,413.74866,0.94382507,111.85031,387.67514,0.91942257,110.27112,438.2023,0.90742725,49.56254,407.20383,0.8982155,143.04913,414.1514,0.86473954,182.77998,405.17868,0.8568442,220.66383,391.60202,0.91057146,254.2287,367.26572,0.8579942
579,30.72353,395.80075,0.8599935,36.813137,418.31232,0.97401524,45.66892,391.67313,0.9915076,81.15222,411.0477,0.9215858,116.53105,413.0158,0.9607479,111.76611,386.44522,0.8967568,109.653076,437.1101,0.92677104,49.084373,406.08185,0.93611646,141.32153,413.00662,0.85235167,180.90773,404.47693,0.8820468,218.62566,390.04373,0.9106162,251.95714,364.97745,0.9305379
580,31.998163,389.0948,0.96692175,35.108204,414.27057,0.9601904,47.85359,390.97745,0.9409885,79.7287,409.40567,0.9280215,115.3398,412.0408,0.9716242,111.15665,385.72037,0.92065054,108.40877,435.60922,0.917696,50.09333,404.18704,0.9631641,139.77661,411.94827,0.81482935,178.62505,402.6541,0.89172804,216.85143,387.59262,0.8456925,249.71469,361.13773,0.9027932
581,37.465706,377.9284,0.8866651,31.095425,408.5548,0.9750799,49.2278,386.80243,0.87430483,79.32679,409.1249,0.8847982,115.3644,411.2942,0.9701183,111.68294,384.23264,0.90644246,106.95373,434.4251,0.8898786,49.64523,400.0529,0.9241508,139.42102,411.98663,0.8141111,177.79398,402.12653,0.87752277,214.47878,385.2113,0.78645474,248.19774,358.8807,0.8596517
582,40.859398,369.6442,0.88826996,30.788708,402.0701,0.9437627,49.97436,384.91446,0.8534871,78.61746,407.94473,0.9174657,114.816826,411.13647,0.9213995,110.961395,383.23538,0.9025532,104.83946,434.49585,0.8629698,50.022217,396.47656,0.8954325,139.12187,413.4449,0.85682315,177.97336,402.5665,0.8923785,213.48643,385.35904,0.79099005,247.01535,358.96118,0.8751422
583,42.6873,360.03543,0.7641449,32.747486,395.29245,1,52.33349,378.94925,0.91696113,78.79527,403.7325,0.975081,113.41813,410.73138,0.86132956,112.043236,382.6753,0.94022685,99.94634,432.93228,0.85941154,52.070263,391.63828,0.90858114,138.54045,415.12775,0.87468576,177.46306,404.53824,0.8992433,212.40448,387.53204,0.8442324,246.54796,361.16418,0.8910078
584,44.922176,353.10626,0.8834388,32.95482,390.3111,1,53.578762,375.03928,0.9246038,79.045555,400.41077,0.8702954,112.99868,410.26935,0.8487823,114.053055,383.06955,0.9517303,94.76494,430.80197,0.8230168,52.870506,385.51944,0.8790946,138.09961,416.70142,0.8463996,176.98431,409.2348,0.84907204,212.25516,392.97452,0.8559573,247.11043,368.22067,0.9080236
585,45.81195,347.88025,0.82119447,33.369514,384.13477,1,55.19102,368.21323,0.8634656,78.90649,396.38193,0.8441356,112.685974,409.5918,0.8313806,116.88962,383.95715,0.97404045,91.29777,427.51447,0.739783,52.780407,379.72766,0.84810865,138.01917,418.8897,0.9023129,176.7042,413.99,0.889034,213.00685,399.64523,0.7881093,248.32799,376.9748,0.8967676
586,47.04427,341.63623,0.90943515,33.978542,377.41418,1,56.045204,362.44394,0.8132615,79.66044,392.1045,0.8052623,112.13075,408.61108,0.85543203,118.27016,385.1288,0.9387936,89.46171,425.63412,0.7302443,54.39865,372.6747,0.8682359,137.63565,420.46057,0.9141473,176.66449,418.50687,0.93035626,214.3267,408.224,0.8970395,251.35004,388.23865,0.9646584
587,47.829453,336.26978,0.97311497,34.483887,371.47778,1,57.22986,357.2928,0.8358976,78.68556,388.25156,0.8147684,111.5781,408.08353,0.8522323,120.167984,385.73264,0.90484905,88.93569,424.66904,0.7467159,55.040478,367.24023,0.8011346,137.0286,422.0242,0.8814437,176.35858,422.61807,0.84547573,214.84364,415.15207,0.79449195,252.34503,398.74515,0.8931769
588,48.541916,328.81805,0.9390928,34.617146,364.1487,1,59.499657,349.11063,0.8747181,78.30937,384.2685,0.7734377,111.051994,406.28265,0.8839893,120.85047,384.99008,0.9356124,89.598595,422.00125,0.7918679,55.656998,361.28836,0.8777169,134.054,422.19595,0.83189833,172.78818,431.56525,0.863603,213.62776,422.47046,0.8932174,251.5498,406.46805,0.91473734
589,48.403126,321.7914,1,34.538284,357.61966,1,57.889153,344.4663,0.8513486,77.76772,379.79474,0.7373732,108.859474,403.38626,0.9018379,118.52524,380.94598,0.97756356,86.522644,417.44858,0.7858646,55.16591,353.8514,0.82568073,130.26549,420.36072,0.873311,169.44041,432.46103,0.84354943,211.30933,429.09723,0.88672996,249.99388,417.42035,0.8795853
590,48.537098,313.7256,0.94650614,33.233444,350.57675,1,58.907097,335.91574,0.84541506,75.744225,373.76218,0.75070876,106.44221,399.21896,0.79814076,116.89359,376.0948,0.9403303,84.838554,413.28198,0.78495836,53.624443,347.3516,0.81663674,127.24394,418.02277,0.84503645,166.7228,434.52386,0.8366561,207.73842,435.882,0.9404255,247.12947,425.64493,0.84920347
591,49.231155,306.61435,1,33.346073,342.78516,1,57.103615,330.2024,0.88868535,74.51359,367.5054,0.7598269,103.63097,393.1911,0.7891293,114.09707,369.92413,0.9795763,81.42252,406.9121,0.7755535,53.571125,339.77264,0.8892567,123.51218,414.00284,0.9184301,161.3656,433.06924,0.7468721,201.7058,438.1506,0.94406706,243.40463,432.5835,0.90221244
592,48.997837,301.09283,0.93651545,31.96622,336.57095,1,57.509945,323.92337,0.9154951,72.16086,360.87903,0.7465289,100.43907,388.9558,0.82499427,110.96416,363.13544,0.9640251,80.16064,402.0887,0.781494,51.90614,333.77087,0.8914193,120.87415,408.3907,0.91155726,156.62206,431.2008,0.79154646,197.0024,439.20132,0.9708532,240.3519,435.35077,0.9349648
593,48.583725,294.1454,0.9415358,31.177456,328.65417,1,57.39269,314.01624,0.9237244,71.400635,353.5375,0.7924687,97.70599,381.98276,0.71299154,110.122955,355.11295,0.9239278,77.06725,392.625,0.56224394,52.01855,325.07532,0.9850956,117.4675,402.77145,0.7466373,151.79338,427.0076,0.7259742,191.11342,438.50323,0.97555965,235.25945,435.864,0.9631771
594,47.107235,286.41217,0.9048664,30.228115,321.72903,1,55.531204,309.30112,0.9950517,70.81995,345.09,0.7790529,96.25972,373.37634,0.78173834,109.03644,346.00162,0.94606876,73.83238,383.19037,0.5236574,49.647697,319.07568,0.9456196,115.413536,395.11826,0.7466957,149.77078,420.6995,0.79902256,187.67014,435.67725,0.9255412,231.03148,435.0993,0.94295716
595,45.955856,278.87192,0.8873995,30.220488,313.2375,1,55.519062,298.50787,0.98000365,70.494286,336.96692,0.8313549,93.68531,363.71558,0.77423775,107.98558,338.76767,0.9892819,71.21094,375.07468,0.71708494,50.790634,310.2268,0.97725266,112.46114,386.7696,0.9296339,149.19135,414.94183,0.78042895,187.32002,429.3348,0.9700822,228.57184,431.4561,0.9117981
596,46.670013,270.58844,0.8895397,30.057428,306.16632,1,53.92054,294.14902,1,70.10429,328.2922,0.7837997,93.62784,356.4247,0.80159664,108.59347,331.81238,0.85610116,72.13578,368.53024,0.6826078,48.89348,303.84595,0.9603088,111.710724,381.62878,0.8894191,148.58301,407.36334,0.8172933,186.01665,422.61044,1,227.89601,423.2735,0.8701162
597,48.36981,266.28305,0.9462225,29.449781,300.07224,0.9630031,55.332798,285.63278,0.98123664,69.59032,322.94,0.87087643,93.76329,351.0255,0.8274569,108.14147,327.94272,0.9367295,70.74784,362.2473,0.6294736,50.209072,296.9243,0.97009647,109.77273,377.10144,0.86116,143.42754,402.66046,0.78486186,185.03264,414.8977,0.9034694,225.36023,416.5704,0.96074384
598,47.685814,260.26285,0.9562056,29.582426,295.54437,1,54.230995,282.584,1,68.92297,319.03952,0.78014517,92.97083,346.69266,0.78947484,108.50039,324.98404,0.9551125,72.237274,358.82697,0.6919992,50.33574,291.13135,0.9375305,107.958916,372.81006,0.90123206,141.43333,398.7431,0.7009793,183.15166,410.25635,0.903764,225.14606,410.55087,0.915144
599,47.895157,254.03427,0.9048502,29.590786,290.17358,1,53.843277,279.05756,1,67.71203,314.75745,0.77868843,93.23051,343.28232,0.78412217,107.873535,321.26163,0.9324464,68.93694,353.94238,0.71384656,48.05331,288.30084,0.94323385,107.16327,368.85953,0.88786125,140.31216,395.7607,0.7362292,181.50175,407.82407,0.9373428,223.47527,407.37866,0.9266351
600,48.66685,248.82677,0.8332453,29.19668,284.83746,0.9377763,54.64795,272.1954,0.99219984,65.52853,310.0295,0.86089337,89.389465,338.29785,0.83090717,105.12952,317.96912,0.9206476,62.423023,347.1629,0.73009384,48.59112,283.58847,0.9272242,105.571175,363.68228,0.91579884,138.97937,391.83762,0.7958932,179.67604,404.6841,0.9714311,221.67607,405.26535,0.9456942
601,48.652725,244.74742,0.96998787,28.90726,279.95273,1,53.970192,267.76746,1,63.974213,306.45337,0.8110788,89.07241,335.10748,0.7866314,103.85239,314.3277,0.9137214,62.65892,345.26013,0.70293593,48.57634,276.82416,0.9582365,104.35514,359.72046,0.87854236,137.456,386.40012,0.7820726,177.86229,398.5426,0.9243382,218.76501,400.53983,0.94593716
602,49.623745,239.19528,0.94196224,28.209166,273.2851,1,53.63012,263.80646,1,62.45708,302.297,0.69488823,87.75277,330.7637,0.8009426,101.471054,311.27487,0.7727099,61.08453,340.25275,0.67004645,47.434395,271.74768,0.95185494,102.50501,355.92035,0.9696432,136.86945,382.97498,0.74225473,176.56265,393.3124,0.8723611,218.67726,393.51218,0.9505025
603,49.90749,231.51988,0.8650032,29.144613,267.12842,0.9842141,55.114773,254.5811,1,63.11876,296.18414,0.7327557,86.458405,325.67834,0.8209027,101.24075,303.68927,0.8040163,61.824368,336.58795,0.67076385,48.284687,266.10754,0.9363785,100.10897,351.1693,0.8661532,133.78033,379.20096,0.7235386,174.64906,389.37976,0.8284438,217.24539,387.653,0.9299873
604,50.455677,223.86266,0.98544586,29.882565,258.01678,1,54.940697,249.2631,1,62.338505,289.28305,0.77477705,85.05109,318.6423,0.85204625,101.72672,296.69174,0.96791416,61.80581,329.59152,0.67179793,48.14226,258.45953,0.906003,100.32413,344.49146,0.96622777,131.8621,373.82535,0.75810534,173.23279,385.3084,0.73729926,216.56982,384.23795,0.90492576
605,50.649834,214.75,0.8642291,29.15886,249.94724,1,55.688896,238.61513,1,62.927128,280.52182,0.7304668,84.616005,310.09222,0.8461045,100.014725,287.83722,0.9280206,60.84763,321.4037,0.71754116,48.22721,249.79784,0.9306508,99.97903,337.73837,0.93458295,132.15251,366.66086,0.7623616,171.83676,383.22882,0.8135707,213.2118,383.87723,0.93141174
606,51.715015,209.39148,0.9973665,29.699188,240.79683,1,54.883884,233.29411,0.9818019,62.365368,272.65903,0.79437137,84.06298,303.02924,0.7997094,101.01025,278.70575,0.97367245,61.138653,312.93622,0.6379502,48.286186,241.1029,0.8882878,100.018394,328.9597,0.99656683,133.48648,358.54028,0.8789663,170.16086,378.30954,0.8699979,211.11264,383.96182,0.918987
607,55.340862,203.75108,0.93344235,30.382723,235.25203,0.9740928,57.23563,224.15547,0.8573352,63.298935,263.84967,0.776353,84.20809,293.48505,0.8017565,100.79087,269.31314,0.9804397,60.647594,305.99487,0.63518274,49.119198,235.00179,0.86140025,99.16877,321.7249,0.94998795,131.99835,350.39438,0.8310061,167.81532,371.72446,0.81205165,210.0921,378.9727,0.92162085
608,54.30412,197.11407,0.9341317,31.686428,227.33081,1,56.941235,218.79643,0.8961714,64.624535,256.59763,0.8848142,86.600845,288.70572,0.74106824,103.020325,263.66556,0.9078012,61.19632,295.1484,0.49234763,50.12602,227.41922,0.8955639,102.598976,313.79382,0.8326317,132.4368,343.32663,0.85041755,167.73723,364.52454,0.8662477,208.71207,370.2695,0.9286948
609,54.782974,189.36435,0.92845833,30.875034,220.04999,1,59.151928,210.2008,0.90165144,66.18891,248.26506,0.8120401,87.40933,277.07227,0.79950505,103.81981,253.13512,0.9549057,61.804497,288.7041,0.6281045,50.960644,219.2859,0.8809967,100.73139,305.0308,0.92601186,132.22052,335.42355,0.78893757,166.99458,356.51337,0.7902878,210.24933,363.0745,0.8769682
610,52.751236,181.58745,0.9422754,32.174942,213.06819,1,57.820255,202.92924,0.8711949,67.188416,240.59004,0.86944187,88.65036,271.07053,0.74428505,105.51335,247.68561,0.9264183,62.992157,279.65714,0.70349824,52.624374,212.08615,0.9007195,103.15525,297.57657,0.9678234,135.38452,327.2638,0.8765096,171.7491,347.7724,0.8311051,212.71423,357.4723,0.9274658
611,53.437878,176.07158,0.9270016,32.894547,207.33522,1,58.93742,196.35222,0.8694474,69.184555,232.75682,0.7974489,89.89703,263.0131,0.72527534,106.43404,241.48413,0.9214881,63.82285,272.29456,0.7341988,53.27992,206.03676,0.8471161,103.671394,293.65933,0.9562196,136.64346,319.66202,0.8364421,174.95065,338.4384,0.8007021,214.51021,350.12033,0.8745545
612,57.499657,170.79274,0.9103031,34.32586,201.75783,0.9586634,60.46942,190.32764,0.8525267,69.50585,228.40167,0.88182485,90.10843,257.1511,0.7433111,107.30703,237.69159,0.91641575,65.82167,265.8904,0.68074816,54.11677,201.32697,0.87484837,102.08337,286.50443,0.90787095,136.2149,315.47128,0.7493369,175.0437,331.2694,0.8390571,215.25964,340.865,0.9061456
613,54.805088,164.94937,0.84418225,33.299316,196.8044,1,59.024017,185.63641,0.8224674,67.81989,223.38564,0.8499854,90.28108,253.00452,0.6903696,106.98734,232.39066,0.8910638,65.35182,262.54807,0.68664265,53.47902,195.79866,0.88038796,101.90498,281.895,1,135.10898,310.68738,0.8612027,171.93242,326.13727,0.86994296,212.02504,336.26733,0.8878567
614,52.173973,159.15858,0.95056725,31.956852,191.15411,1,58.560276,179.56128,0.861093,66.93947,218.2671,0.8382927,89.26327,247.07463,0.74756926,106.44917,229.19934,0.86518735,62.44987,256.41736,0.6493762,52.173885,189.59811,0.85050815,100.89176,276.9407,0.95848876,132.78671,304.3259,0.8809696,169.64368,322.94568,0.82055306,211.29031,333.54367,0.9023756
615,54.4773,155.01572,0.9699006,31.410515,187.39537,0.95754856,57.58339,172.86752,0.8871308,66.09263,214.03062,0.86478555,88.450966,244.03374,0.78740996,105.43267,224.52873,0.83546823,61.26787,250.4883,0.65496993,52.3858,184.77185,0.9133506,99.93548,271.26248,0.9731031,133.23303,301.1639,0.7862102,169.57036,319.7801,0.86637247,209.93628,330.04077,0.9012209
616,54.317738,151.01869,0.8341364,32.401344,180.61606,1,58.195137,169.3995,0.87074536,64.825615,208.66801,0.7975841,86.51615,238.80457,0.74281085,103.94248,220.80943,0.8227426,61.835552,247.29373,0.6239406,51.981167,179.03067,0.8805082,97.34916,265.79684,0.98170245,130.4267,293.90222,0.82501304,164.97995,314.4028,0.8896326,206.16266,325.82687,0.9406787
617,52.612305,143.98735,0.95661604,31.463724,174.99554,1,59.044167,163.79076,0.84585094,65.056786,203.47418,0.7673697,85.44838,231.66806,0.8520866,103.58522,215.72438,0.7885584,60.80768,241.82973,0.65431565,51.464905,173.60512,0.82896113,97.48622,261.10553,0.89940876,125.77606,291.77115,0.84822893,161.46138,311.78552,0.8188417,204.64502,321.38547,1
618,54.60027,137.94049,0.99678296,31.464037,167.82005,1,59.779446,155.88802,0.8420084,64.931435,196.71646,0.8424452,84.468636,226.5082,0.853908,102.6285,207.92566,0.8415148,61.138863,236.03929,0.5450568,52.270634,167.28348,0.91220784,95.70172,254.90277,0.97482425,122.52833,286.86682,0.79684514,157.0244,310.94394,0.8061346,201.82875,320.45395,0.9422021
619,51.95704,131.17758,0.98232913,30.897812,161.86798,1,58.77614,150.42577,0.88705677,64.565,190.21642,0.79254687,83.69885,218.73164,0.86070645,102.78995,201.01584,0.94601667,60.150818,228.73262,0.691506,50.91217,160.9461,0.84698534,95.991295,247.00554,0.8980436,120.992355,281.54953,0.80818176,152.6491,308.1607,0.8849721,198.06557,321.31473,0.92310786
620,52.727066,125.874084,0.93258953,31.123423,154.06064,0.9752427,58.45381,141.19908,0.82502514,64.10945,180.69942,0.8115654,83.74491,210.66254,0.85823536,101.38537,191.06152,0.88564765,60.56245,220.74359,0.6293825,51.094128,152.82852,0.89824,96.3924,238.72752,0.9715425,121.09197,272.1339,0.8242448,148.3093,304.86023,0.93257457,193.92113,320.8358,0.95242035
621,51.251884,119.41403,0.8421869,29.61358,145.41795,1,59.00745,135.27106,0.9900443,63.833694,173.82378,0.73871154,82.095184,203.23221,0.8168631,99.78804,182.1219,0.84452736,59.735897,212.9315,0.6585511,49.36245,145.64117,0.8931534,96.57306,230.26854,0.9188035,121.77734,263.34375,0.88210636,147.59906,297.90167,0.877765,189.44597,317.69888,0.7540265
622,46.892044,114.03907,0.8017044,28.727068,141.05423,0.9061141,58.65335,128.44542,0.8245712,62.90993,165.53398,0.8205137,83.36346,195.1692,0.8263984,100.487206,174.20645,0.8685668,58.352047,205.59593,0.57716966,48.12461,138.4135,0.8354414,97.11984,220.52354,0.7957568,120.5229,253.53526,0.82793075,147.08813,290.0372,0.9251024,187.88805,310.04047,0.9083996
623,47.62587,108.025345,0.82728547,28.20959,134.77443,1,57.31281,121.942955,0.8537114,62.296436,158.49312,0.77013683,81.85192,186.00253,0.8155895,99.2208,165.762,0.85506576,57.271046,194.75928,0.6035054,49.386894,133.28738,0.89937246,96.956795,211.62466,0.7974606,121.38177,243.62253,0.86422485,146.56303,278.3444,0.8791781,188.96172,299.9466,0.77935743
624,42.269215,104.568085,0.7081665,26.846603,129.65237,1,56.215576,114.35202,0.8331372,64.92069,150.72984,0.8114563,83.124275,178.15176,0.82423264,101.66046,159.52773,0.7841311,57.52096,188.29088,0.5520598,47.79787,127.08211,0.8416133,96.52176,204.36171,1,123.5027,236.24277,0.77713954,149.6325,266.16763,0.827628,193.26048,288.66754,0.9276342
625,41.73402,101.80632,0.7370535,26.55797,125.78097,0.9186763,55.769936,110.00958,0.80716795,63.419754,145.44322,0.85950613,83.709564,172.12303,0.8875097,101.37962,153.00224,0.8115974,59.08067,181.63205,0.65877277,47.656,121.59916,0.8664253,97.40957,198.98091,0.89065623,126.09824,228.05382,0.9491586,152.90106,259.0501,0.81689554,196.09164,277.06876,1
626,40.715813,96.57172,0.8713332,25.064926,119.77816,1,55.19272,106.292534,0.8683955,63.695927,140.3672,0.78456515,84.465225,166.99617,0.8273343,101.75509,149.2947,0.7990637,59.063557,176.16518,0.69845366,47.29492,118.414955,0.9063742,96.63554,192.93828,0.94198436,127.58954,221.92352,0.8496292,155.14943,248.0518,0.8832487,197.47218,267.25912,0.8351178
627,42.049442,87.94036,0.76725376,24.39335,114.55457,1,54.593353,100.87878,0.844954,61.61695,135.39705,0.8418429,83.39951,162.39806,0.8530368,101.59473,145.21898,0.7897108,56.68016,170.98618,0.6421256,45.97203,113.396164,0.8920805,97.17269,188.11125,0.9822183,126.99491,217.54904,0.83645874,154.9107,244.0108,0.82028776,198.55121,260.02682,0.9908558
628,39.4674,85.1875,0.8967371,25.125086,111.0545,0.92650414,54.176216,96.78394,0.83853745,60.590378,131.87962,0.91067564,82.602066,158.78517,0.8952815,100.94893,141.14737,0.82867676,55.24355,166.9885,0.7186477,45.700443,107.53253,0.91838074,96.957756,183.31746,0.86718076,128.01659,211.70818,0.93798304,158.20564,236.74323,0.8735795,199.61656,255.4715,0.89158654
629,38.989887,81.108696,0.91504157,23.002337,104.489716,0.9578175,54.07387,92.30564,0.90119225,59.109898,128.19516,0.84056544,81.555016,154.23924,0.8673589,99.35997,138.00119,0.7713672,58.407932,165.61009,0.7115579,44.890133,103.90764,0.9153118,97.47544,178.74747,0.891323,129.15364,206.07979,0.8441884,159.68689,231.70015,0.7942102,201.06824,247.67245,0.9061557
630,36.78309,77.88896,0.8749647,22.246899,99.33395,0.96478957,54.46399,86.849815,0.80117357,58.09306,123.89605,0.79555553,80.26076,151.82326,0.7749679,97.23905,134.71371,0.78121674,56.18161,160.70552,0.69051355,44.105503,99.380974,0.906901,96.05344,174.86693,0.88084954,127.61089,202.32329,0.8434877,159.00471,226.74011,0.8009488,202.0671,240.85956,0.90458995
631,35.823532,73.72454,0.8547138,22.802336,94.78368,0.9131158,55.551388,82.40704,0.87834114,58.282375,118.92831,0.8169541,78.25851,146.18594,0.7972767,96.782326,127.810165,0.8198243,55.480423,157.61809,0.67925763,44.29648,93.648605,0.91703194,95.24663,170.38106,0.9208753,125.67711,197.98706,0.9219063,157.18759,221.42484,0.85105443,200.6678,237.58907,0.94289625
632,35.09394,72.73675,0.8722385,24.16245,92.56522,0.832169,55.85089,80.37345,0.8195801,58.313457,115.078255,0.8783705,78.48326,140.54396,0.89775616,95.93601,121.911316,0.86300844,54.46725,151.6741,0.7343108,44.967068,91.18123,0.8781819,95.917725,163.37352,0.9531121,124.57992,192.0429,0.9095476,155.6924,217.91287,0.86471,197.4353,235.2618,0.9203266
633,35.25113,71.53023,0.91378415,24.663643,89.541756,0.7771945,55.827877,79.009125,0.85414594,58.057823,111.87913,0.85616374,79.82653,135.56438,0.839293,96.8016,116.70224,0.89236337,56.672745,147.48755,0.7857382,44.716213,88.90677,0.8572677,97.398544,157.88542,0.9310224,127.302345,187.3292,0.8441078,155.6972,214.35907,0.78796506,196.10161,234.72101,0.91532826
634,35.361553,70.976234,0.90975654,24.81125,89.041016,0.76785403,56.02353,77.75528,0.8552829,58.989994,109.779564,0.7969117,81.54599,132.43344,0.86020344,96.85605,113.03079,0.8761974,58.680206,144.9384,0.872192,45.037136,87.90448,0.84186095,100.9133,152.15666,0.9747621,130.14256,181.99826,0.918519,156.96892,210.03282,0.8294167,196.22649,229.57454,0.92646486
635,38.41712,70.72106,0.8781636,25.272251,89.44118,0.74354523,57.255936,78.5231,0.8025473,60.698097,108.52725,0.870549,83.23035,130.02106,0.8773412,98.504616,108.78314,0.90602285,61.16726,143.65825,0.87127316,45.607853,88.09439,0.853065,106.365,146.32759,0.94445914,136.17242,173.95493,0.7549722,162.09729,201.78583,0.8783687,203.1101,221.01779,0.86484736
636,42.555443,71.33202,0.8308876,26.58308,90.23108,0.7306807,59.82365,79.67875,0.71562684,63.220154,108.37139,0.87213236,85.78778,128.04759,0.83151615,98.90728,105.40982,0.86611986,64.07231,143.38367,0.8761873,48.23958,89.43966,0.7542301,110.02489,142.2684,0.98822606,141.95677,167.60194,0.9295741,170.12894,191.94733,0.87761265,212.09554,208.74896,0.8893253
637,48.78898,69.19925,0.80901,28.444822,88.65134,0.78227335,61.708286,78.905396,0.7575249,64.67021,108.606995,0.8921087,89.59499,127.34952,0.77101845,99.692635,103.41697,0.8679476,66.82507,142.9294,0.865198,49.49765,90.53244,0.8246001,113.02923,138.96019,0.9264937,148.72787,161.29701,0.9025231,180.11328,183.10333,0.8729655,221.8627,193.98782,0.9020378
638,52.224106,69.23976,0.793643,29.92948,87.22307,0.79959935,64.95613,78.51409,0.72650194,66.62458,108.01145,0.91664004,90.96033,126.3393,0.7669557,101.64882,103.84708,0.8538348,68.78316,143.21895,0.8415374,51.700882,89.69368,0.8384716,116.6121,137.4851,0.9320627,153.67236,155.17604,0.8130086,186.99399,174.0785,0.9109981,231.98308,182.73575,0.85292816
639,50.937145,70.51843,0.8181349,32.322823,88.24681,0.82442653,66.9472,76.77824,0.7975256,69.312836,107.41746,0.89234334,93.73316,125.774216,0.85886914,105.16863,103.53468,0.89167434,72.31422,141.4798,0.9107883,54.76077,89.23017,0.84273416,120.60919,137.11234,0.94100624,158.61299,152.41724,0.9049595,193.26155,169.84953,0.86624765,237.7113,173.04257,0.921972
640,49.54262,71.43842,0.87097436,33.92748,89.09639,0.8436313,66.897415,73.99205,0.836319,72.41945,104.40794,0.92415553,97.13703,124.38651,0.89969736,108.91658,102.41916,0.85631555,74.90931,139.9271,0.9489508,56.581528,88.07395,0.8443386,123.679344,135.95944,0.9905903,160.84526,150.2611,0.9205164,196.83754,166.76404,0.93766266,241.49391,168.4298,0.8735715
641,48.11595,71.83088,0.8363135,35.18321,88.682144,0.8412309,66.4157,71.40778,0.80479246,76.46966,103.58596,0.94146323,101.37297,122.91369,0.8395644,111.97986,101.378975,0.79909277,78.470505,137.92807,0.8706394,57.589355,86.534744,0.81867015,126.66906,135.37187,0.95817125,163.10847,150.4985,0.9104999,197.07248,166.1513,0.9120708,243.01468,169.24612,0.9048505
642,47.22558,71.909676,0.7698096,35.872803,88.770195,0.8282286,65.16765,69.96545,0.7873591,79.14634,101.12587,0.9163153,104.250885,121.38547,0.7501443,115.2718,100.13458,0.83762324,81.02642,135.5247,0.85026646,58.120773,85.87931,0.7967362,128.76067,134.71028,0.8975757,164.17346,151.69875,0.88140917,198.29465,167.44688,0.90107137,243.16875,171.74118,0.91350716
643,45.901604,72.521675,0.66001487,36.58518,89.17755,0.7851592,64.65854,68.50869,0.71724254,79.847015,99.11358,0.95154256,105.895195,119.641785,0.75207925,117.63187,98.34325,0.807221,82.724915,134.57349,0.85417503,58.70793,85.72427,0.7416896,128.62836,132.42654,0.87655103,164.84398,151.2254,0.89699847,199.06859,168.73392,0.8364518,242.1514,174.9269,0.85393494
644,47.750317,72.9853,0.6786061,38.25959,89.40518,0.802859,65.21117,67.87247,0.71065027,81.363594,97.57865,0.96388805,107.331184,117.25873,0.7855046,119.20561,95.52864,0.81989807,84.15338,132.24152,0.8359819,60.00595,85.61309,0.75337017,129.82074,130.26967,0.8806099,165.49963,150.40797,0.90514785,197.68396,169.29044,0.89633626,240.65419,179.09424,0.92009777
645,48.158375,72.70921,0.6727455,38.834763,89.5512,0.8022965,65.22564,67.13065,0.70787483,82.25343,96.35136,0.93746805,108.4165,115.00077,0.8314826,120.324715,92.81703,0.81542057,85.855736,131.21098,0.84598726,60.51663,85.33151,0.743446,131.24876,127.93563,0.89017695,166.19328,149.87373,0.8897045,199.04271,170.08955,0.89914423,240.34262,180.95894,0.8820968
646,48.594196,72.89371,0.6788892,39.926994,89.92808,0.80195624,65.591705,66.62062,0.70561403,83.394485,95.0077,0.91196597,109.3716,111.4298,0.7928178,121.82594,89.733345,0.8619178,89.16574,131.24667,0.8954655,61.60303,85.249954,0.7466928,131.73761,127.06841,0.9317035,167.20291,149.074,0.9162904,198.46695,169.07796,0.92913806,240.89005,181.68231,0.8838592
647,49.89411,72.64038,0.6649189,40.631348,89.237686,0.7580045,67.21137,66.700165,0.70427215,86.06044,94.70541,0.87695384,111.43921,110.901794,0.7960181,124.670845,89.12249,0.8241254,89.66523,129.48936,0.8154952,63.28932,85.43333,0.73996925,133.2281,127.26213,0.9344355,167.74884,148.55112,0.90404755,199.7745,168.2058,0.92581207,242.77344,181.11163,0.88297635
648,51.33759,72.37453,0.720682,42.922146,88.93481,0.75703263,69.25034,67.398445,0.72936344,87.62449,94.743286,0.85399044,112.97681,110.665344,0.814078,125.88464,89.23152,0.8278781,87.54608,128.84908,0.7728354,63.986393,85.32249,0.78778446,134.53062,127.13072,0.90078646,169.24976,148.9942,0.95125383,202.12947,167.92598,0.9137831,244.2966,180.4256,0.9160427
649,54.21299,72.1514,0.6175608,44.817646,89.027824,0.7336243,72.030045,68.13697,0.70061874,88.095276,95.012665,0.83511686,113.52326,111.3113,0.8414699,128.03842,89.511024,0.8138943,87.9293,128.4687,0.77190584,65.85296,85.91709,0.79718685,136.01288,128.19995,0.9059212,170.92363,149.66072,0.9777959,203.67285,168.43497,0.88580763,246.39255,180.70955,0.8919109
650,58.546196,70.88269,0.7666617,45.34548,87.90504,0.7968724,74.77999,67.79488,0.7190117,89.39728,95.55411,0.87616396,115.081665,112.0657,0.84817827,130.19154,90.29541,0.9042776,89.42825,129.3543,0.78626245,69.57212,85.096985,0.8566506,137.98068,128.9893,0.9216961,172.33842,150.30753,0.96270365,204.68285,168.72356,0.86014307,247.94907,181.21797,0.86546737
651,61.25088,70.81601,0.793973,48.047268,87.92234,0.83366966,78.61633,68.95363,0.72083324,91.84178,96.0893,0.9169457,116.58019,112.44174,0.85578907,132.29918,91.40632,0.9208285,91.563736,130.20435,0.8111526,71.89714,85.07181,0.8413907,139.70506,129.94676,0.9412589,174.71683,151.28624,0.91914016,208.22777,169.61658,0.8495216,251.24785,181.36655,0.9293453
652,62.970547,71.779686,0.6938269,50.283085,88.71976,0.820967,79.41587,68.61359,0.72462994,94.54517,96.584915,0.9201729,119.29971,113.21151,0.858243,134.05138,91.81079,0.91515183,94.31507,130.5308,0.82383287,73.46282,85.866714,0.76845986,142.45067,129.83278,0.90184075,176.95305,149.98412,0.9029714,210.53505,169.42606,0.89975697,252.84561,181.451,0.9142985
653,66.48089,71.98735,0.6911556,53.131817,88.7759,0.78971314,82.059135,68.22203,0.7364809,96.71422,96.426285,0.919738,122.200066,113.70356,0.8531218,136.22267,92.51031,0.8975401,97.543686,130.63235,0.8993256,75.31402,84.45516,0.78984547,145.05734,129.1548,0.89707834,179.84369,149.76505,0.93105185,213.61984,168.83572,0.8925827,256.04965,181.83293,0.87779963
654,69.82288,71.25051,0.69603145,55.929134,87.63483,0.8258359,86.451454,69.356415,0.7394983,99.37911,96.73357,0.9092607,124.67202,113.541695,0.8454278,138.41013,92.85688,0.9084006,100.14351,130.25163,0.88159144,79.03162,84.74753,0.81862724,147.80878,129.40526,0.9685229,182.32059,149.93353,0.91653264,216.02586,168.78119,0.9299023,259.27426,181.44469,0.8775388
655,72.69258,70.50236,0.6591098,58.58729,87.949936,0.799588,88.4529,69.01675,0.7203869,102.116325,95.99445,0.8800835,127.24036,112.58136,0.83634037,141.42543,92.529495,0.87295914,103.027626,130.06349,0.82671803,81.19242,85.4304,0.847069,150.5894,129.6541,0.95719934,184.81882,150.24419,0.9121219,218.74146,168.73509,0.9159672,262.36368,181.39827,0.8866594
656,75.80373,70.291275,0.67706454,61.083126,87.618256,0.78831035,90.49184,67.9225,0.72195876,104.051865,95.337524,0.85988253,129.78203,112.56209,0.8492698,144.73212,91.36236,0.8787815,105.92234,129.65959,0.75235796,84.36344,84.87409,0.88790077,153.36438,129.80914,0.9217878,188.04375,150.34622,0.96443194,221.04347,168.94644,0.856486,265.72168,181.48024,0.8955259
657,77.545395,70.957855,0.685177,63.46393,87.66177,0.8048706,93.500275,67.6366,0.7250635,108.0048,95.139404,0.9003123,133.17357,112.016945,0.83557975,148.22035,90.90852,0.9082989,107.75899,129.5722,0.7982327,87.43279,84.45112,0.83369297,156.6846,129.75874,0.9392219,191.44705,150.08545,0.94951177,224.5443,169.20007,0.8683639,268.14948,181.51828,0.92142713
658,80.35063,70.24813,0.6957222,66.74913,86.45228,0.80226225,96.12101,66.25294,0.74280375,110.87146,94.70775,0.85930175,136.02182,112.093575,0.8250377,150.20595,90.18935,0.88426757,111.00989,130.07646,0.79673445,88.99559,82.15309,0.7889071,159.33842,129.3131,0.8763601,194.11966,148.74599,0.9496012,227.95615,169.06305,0.9005439,270.98914,181.89893,0.87863183
659,84.19814,69.46137,0.68153405,69.76785,85.11676,0.7684126,101.04718,67.12746,0.7402764,113.657104,94.73964,0.8779957,139.33237,112.233154,0.80989,153.17307,91.33215,0.86892337,114.2323,128.31686,0.8104023,92.81418,82.209915,0.8000139,162.50073,128.87206,0.95664,197.32472,149.49739,0.9432613,230.94307,169.05894,0.92674977,274.0624,182.04912,0.8795406
660,86.73258,69.8313,0.6080065,73.40065,85.718895,0.80055505,103.16801,66.75865,0.7385098,117.37195,93.92895,0.851105,142.70596,112.28082,0.8133215,156.77972,90.893074,0.8562682,118.02369,128.37935,0.7562984,95.45473,83.30365,0.8027719,165.7624,129.08292,0.9730435,200.0703,149.5205,0.90703803,233.39503,169.42241,0.93168086,277.13934,182.15535,0.8789857
661,91.45557,67.93218,0.69136596,77.09223,84.708084,0.81093234,105.87839,66.38928,0.7303855,120.05597,93.7758,0.8752447,145.11295,111.304665,0.86938196,159.93208,89.8567,0.83464676,119.37996,126.8555,0.7421884,99.382225,82.368454,0.86873794,168.23544,129.45828,0.93633646,203.27007,149.80167,0.98341936,235.69121,170.08865,0.8995794,279.5996,184.31007,0.84530824
662,93.991714,67.587776,0.72085655,79.45696,82.929565,0.8218439,108.63672,65.68696,0.73590386,124.02185,92.88244,0.87940085,148.45366,110.57946,0.87473047,163.37952,89.06984,0.8582921,121.87015,126.088104,0.7865773,103.44088,81.12449,0.8453857,171.486,128.8376,0.93665415,206.46878,149.53557,0.98986936,238.61653,170.78827,0.8831326,281.94614,185.44345,0.8619879
663,95.09387,69.38538,0.66630614,82.28329,84.56142,0.82052284,111.12255,64.16269,0.71506417,127.041855,92.82494,0.87207866,152.3464,110.51796,0.8198808,165.61174,88.55036,0.8527327,126.56293,127.68754,0.82365084,105.63038,80.45539,0.7859843,175.29958,128.60086,0.9090793,209.2706,148.18353,0.9658556,241.7117,171.31696,0.9158792,285.0723,184.54088,0.8297522
664,99.35881,68.114365,0.6684252,86.22445,83.49474,0.76222706,116.12167,64.28971,0.72599864,130.23186,92.8713,0.89976025,154.76698,110.28848,0.7410412,168.02553,89.34229,0.8170749,129.12804,126.698906,0.7878748,110.677,79.40957,0.8325614,177.48236,127.628494,0.9441975,212.3264,148.18098,0.97594774,244.59682,171.25446,0.9269734,289.03018,185.3011,0.78180635
665,102.15704,68.68671,0.63206154,89.80546,82.86231,0.83552665,119.08566,64.900635,0.7349563,134.47926,92.77746,0.87947404,158.1402,110.61842,0.80908746,171.77867,89.12121,0.81074595,132.5814,126.43368,0.7714485,112.9987,80.489395,0.8127313,180.79886,127.898705,0.97037154,215.86166,148.63582,0.933139,247.19493,171.39241,0.8865542,290.78418,186.6514,0.84509027
666,107.16483,66.773476,0.6850598,92.7434,82.51148,0.8142583,121.433464,64.54126,0.7068644,136.20961,92.19455,0.89869165,160.41937,110.13675,0.8683742,175.41167,88.64195,0.7795709,136.33165,126.58867,0.75229657,116.15193,79.946045,0.8480019,183.42407,128.82066,0.94044656,218.85245,149.38507,0.9875749,250.01395,172.272,0.8922309,293.10983,188.02106,0.8798773
667,109.54589,66.93302,0.69940424,95.529274,81.96533,0.81129175,123.82138,63.879185,0.7309147,139.60693,91.90712,0.89121413,163.47435,109.89182,0.88314897,178.3682,87.87962,0.832118,136.69415,124.879715,0.7538607,119.20902,79.71633,0.8456967,186.4818,128.87073,0.9346031,221.56071,149.588,1,252.58737,173.0223,0.91701424,295.60275,189.85475,0.8932543
668,111.373375,67.293945,0.66525924,98.207756,82.46066,0.82675576,126.67562,63.709732,0.7220493,142.42546,91.699715,0.85206896,167.4466,109.73393,0.8356001,181.06766,87.80713,0.84614,140.93549,126.01417,0.7936615,121.61191,79.62603,0.8076266,190.23987,128.41191,0.9272831,224.50858,148.44102,0.9761142,254.97046,174.53105,0.8837412,298.65997,191.14973,0.8856222
669,114.41125,67.17366,0.6594348,101.65713,82.8031,0.7671917,131.16643,63.23979,0.72215635,145.48631,92.02906,0.89027154,170.15756,110.04158,0.7375022,183.68326,89.1438,0.8115257,144.57028,126.85274,0.7694974,125.37826,78.52006,0.8302657,192.53442,128.07762,0.91765976,227.54567,148.79918,0.9867831,257.52585,174.70628,0.9289825,300.33243,191.22064,0.84905183
670,117.794876,66.95047,0.6602015,105.341225,80.67147,0.78567696,134.89226,63.681507,0.73153996,149.54947,91.70376,0.87713385,173.6244,110.30288,0.7902966,187.4581,88.74459,0.7783229,147.0601,125.64347,0.7551117,129.02911,79.46591,0.8408602,195.92676,128.39827,0.9885355,230.76921,149.35791,0.95517427,261.19916,175.31,0.9373625,303.70148,192.3997,0.8304829
671,122.44221,65.08123,0.6883775,109.3426,80.54328,0.7878726,137.32033,63.3146,0.69499654,151.4551,91.07049,0.8779624,176.008,109.62583,0.8594419,191.11047,88.171715,0.75460774,150.89822,125.5301,0.76133513,131.26906,78.60693,0.8536544,198.84799,128.50179,0.9554202,233.60805,149.7372,0.96408963,264.00592,174.81029,0.8991296,305.84525,193.20325,0.88428533
672,125.38232,65.01305,0.74348307,112.6243,80.75411,0.8408777,140.41823,63.6972,0.74025947,154.91173,91.25814,0.8820474,178.99052,109.61676,0.88030285,194.35751,87.69959,0.8257697,152.10059,124.16099,0.71518296,134.79527,78.693436,0.84536827,202.11504,128.89575,0.93943244,237.16322,150.02928,1,267.3014,175.57924,0.92458624,308.13586,193.95511,0.87146086
673,127.872345,65.57008,0.6400265,115.52661,80.81057,0.799071,143.60027,63.62046,0.7216994,158.04343,91.25739,0.8459722,183.01566,109.60961,0.8362122,197.03348,87.56915,0.85097545,156.03293,125.12981,0.7743484,137.51338,79.15405,0.80964684,205.76454,128.916,0.9231478,240.57384,149.26015,0.97804964,270.62097,175.89635,0.8698175,312.9748,194.26163,0.8575677
674,129.9611,66.05421,0.62233764,118.83303,79.549355,0.7860692,146.98988,62.61375,0.7351815,161.01704,91.50938,0.8958118,186.07295,109.55521,0.7498705,199.32796,87.42996,0.81001645,159.91373,126.3996,0.7896303,141.01472,77.91767,0.83052784,208.34767,128.09824,0.9157348,243.54999,149.02107,0.9853848,273.04733,176.0035,0.90898293,315.38828,193.76787,0.8390212
675,132.58075,65.99704,0.6759811,120.24478,80.399666,0.80556136,149.71481,62.741863,0.75897837,164.63626,91.59507,0.8855198,189.23184,110.481224,0.774442,203.09135,88.476395,0.80570555,163.2628,125.82969,0.7811016,143.80888,78.30142,0.88298154,211.32587,128.81055,0.9905067,246.5682,149.18127,0.96686876,277.0202,175.71703,0.9406721,319.1699,193.4234,0.85267216
676,137.45746,64.258514,0.67121315,124.56495,80.41195,0.81695735,152.82175,63.09182,0.7089301,166.82362,91.533714,0.87449765,191.85915,110.12522,0.8439244,206.99606,88.34121,0.79536194,166.83417,126.002396,0.77376723,146.49557,78.345505,0.8811019,214.50537,129.20285,0.96858776,249.75525,149.96143,0.9652752,280.31744,175.37683,0.90097606,321.48337,193.42775,0.89300466
677,140.3434,64.301834,0.76455706,127.60837,80.92667,0.89962155,156.26212,63.119827,0.7704455,170.58487,91.62666,0.88926935,195.57486,110.055,0.8624489,210.6143,87.81181,0.9015601,168.93895,125.216194,0.75846225,150.39264,78.06191,0.88203126,218.29063,130.00636,0.9586366,253.22423,150.20178,0.99322337,283.03528,175.84044,0.9326886,324.0638,194.44965,0.9027938
678,143.11023,64.7917,0.69901544,130.72644,81.16689,0.8718973,158.77138,63.031815,0.7659686,174.00919,92.02784,0.8567346,199.04453,110.024315,0.83095455,213.04958,87.51339,0.9149752,172.84679,126.24458,0.8210779,153.00938,78.485016,0.8553188,220.9379,129.84746,0.93214756,256.27017,149.40475,0.9777496,286.0742,176.41014,0.8744144,327.14066,195.18051,0.8614845
679,144.68369,65.3044,0.69220424,133.37344,81.35819,0.8415653,161.54059,61.489574,0.76628953,176.79607,91.4082,0.8960346,201.87384,110.02837,0.75009733,215.27284,87.24131,0.828337,177.57375,127.25194,0.8120581,155.91364,76.985596,0.8729676,224.09975,128.98904,0.91652805,259.4628,149.29286,0.9922604,288.55814,177.08575,0.88141936,331.03864,194.9084,0.87550485
680,147.82277,64.85903,0.73197436,137.09988,79.068214,0.8632764,165.53667,61.996544,0.80468404,179.90102,91.61344,0.88775074,204.98232,110.89853,0.7697891,218.79578,88.56879,0.82983977,179.25659,126.158806,0.78269935,158.99495,77.24578,0.93260497,227.20335,129.41325,0.99594915,262.26987,149.72229,0.9666229,292.55942,176.89015,0.9173947,334.37924,194.20648,0.8464298
681,150.9473,64.53143,0.6938987,139.40245,80.375984,0.8530833,169.3738,62.641884,0.738652,181.86365,91.342926,0.8608357,207.49751,110.01248,0.8458646,221.39008,88.60713,0.8106057,182.55199,126.05558,0.782683,161.74876,77.403786,0.8945868,229.92336,129.63324,0.9809039,265.36578,150.35732,0.9513045,295.9172,176.4451,0.9189963,336.95178,194.56804,0.9356116
682,153.77022,64.27088,0.78166616,142.83513,81.400635,0.887554,170.12862,62.034412,0.7230306,185.57811,91.26759,0.8912569,210.5699,109.88265,0.86686844,225.76134,87.51482,0.8680504,184.48251,125.01554,0.7511819,164.62956,77.771034,0.89011365,233.4795,130.32233,0.9487042,268.48434,150.51033,0.9911112,298.12564,176.8259,0.9376311,338.80707,195.63873,0.9373659
683,156.143,63.809795,0.7926661,145.37828,81.467285,0.91373616,171.88208,62.18972,0.80297524,188.4102,91.18868,0.87511235,214.22896,109.793785,0.8348529,228.56761,87.43222,0.8860429,187.59685,125.54152,0.7953157,167.2891,77.604576,0.8614782,236.41856,130.3697,0.9438265,271.20264,150.61267,0.9786021,301.2856,177.84694,0.8720114,341.87628,196.33478,0.9218514
684,159.06946,63.700203,0.7628456,148.47739,80.45759,0.91149306,175.40479,61.69316,0.77140594,191.04031,90.82158,0.8738406,217.33472,110.17984,0.76617885,230.73276,87.43645,0.8325232,191.86325,127.00799,0.84096295,170.15302,77.11256,0.8369734,239.22353,130.18408,0.89902115,274.55673,149.87665,0.9881842,303.77148,178.39925,0.83140737,344.70425,196.65694,0.87678945
685,160.71834,64.7067,0.73004496,151.84639,79.768684,0.84545475,178.86926,61.140404,0.7680382,194.81189,90.899574,0.88079965,220.42433,110.89719,0.75650555,233.67618,88.465744,0.7932944,194.39735,126.131004,0.7836489,173.09183,76.11519,0.9076305,242.30722,129.59279,0.9796626,277.40152,150.02449,0.978714,306.7398,178.15874,0.87936103,348.1859,196.0823,0.87906337
686,164.32257,64.34302,0.7201126,153.66772,80.79852,0.83775914,182.74725,61.67071,0.7634045,198.06404,91.173996,0.86628366,223.19499,110.02999,0.83386177,237.12889,88.809845,0.80192065,197.88815,126.2517,0.79145646,176.29347,77.210464,0.9178657,245.21075,129.70798,0.99576527,280.36438,150.60324,0.9176841,310.97012,177.80252,0.90179473,352.07532,196.15489,0.90882003
687,167.9731,63.61344,0.70832604,157.00723,80.898094,0.8536401,185.44595,61.958755,0.72890157,200.15045,90.95046,0.87684965,225.86946,109.89895,0.8610208,241.18047,87.81481,0.8659968,201.67517,126.73794,0.73808336,178.73882,77.317154,0.8858891,248.01587,130.55058,0.97508925,283.69827,150.71208,0.9814684,313.53485,177.53899,0.9160521,353.76157,196.18091,0.953161
688,171.40508,63.28375,0.8020331,160.4953,80.23058,0.91570747,187.5245,61.78085,0.77346975,203.3933,90.830505,0.87540203,229.27621,110.034454,0.84498554,244.22833,87.5131,0.8958432,202.73341,125.49327,0.78984123,182.60448,76.80139,0.8785083,251.72061,131.01486,0.9600739,286.77942,151.1675,0.96889204,316.7156,178.36357,0.886759,356.34253,196.80484,0.9403403
689,173.5608,63.02626,0.79879224,163.26062,80.63146,0.9310642,190.48859,61.382797,0.80100703,205.91914,90.697815,0.8531472,232.73167,110.00977,0.7782347,246.10197,87.777596,0.8627774,207.26147,126.87625,0.8497997,185.21846,76.726585,0.8406898,254.4327,130.49838,0.92553,289.5394,150.45306,0.98130345,319.54166,177.67615,0.83398205,359.5287,197.43741,0.9051581
690,175.85338,63.895218,0.7551718,166.95837,80.33535,0.85294867,192.96738,60.038403,0.7744094,209.60965,90.523285,0.86247885,235.51508,110.2566,0.7619793,248.71611,88.50588,0.8019449,211.04747,127.04511,0.79258996,187.71956,75.68833,0.8773248,257.35596,129.77573,0.9612729,292.4963,150.50133,0.9736052,322.3129,177.68082,0.8507579,363.28104,196.8585,0.88536334
691,178.8305,63.596954,0.7689271,169.90355,79.48655,0.8726811,197.29524,61.025127,0.80893,212.98743,90.878044,0.86080825,238.47652,110.452896,0.8124892,252.573,88.633095,0.8226254,212.70514,126.17115,0.7937478,191.0842,76.09879,0.947084,260.5354,130.10841,0.9830453,295.27258,150.80923,0.92437416,325.2212,178.87688,0.87002987,365.85767,196.95819,0.86684394
692,182.36751,63.06293,0.7642229,172.55902,79.85557,0.8643542,201.37888,61.764782,0.75553113,214.49997,91.01274,0.8509109,240.91188,110.12093,0.856824,256.03647,88.35004,0.84921354,216.97414,126.675896,0.7708776,193.9269,76.56275,0.9281247,262.9578,130.62923,0.99113005,298.5079,151.17502,0.9606158,328.30734,178.3033,0.91834205,368.82425,196.66597,0.9219803
693,185.54642,62.5062,0.8167907,175.61986,79.78367,0.94691443,202.07867,61.344677,0.76155156,218.1494,90.63103,0.86428493,244.05339,110.15623,0.85265744,259.3655,88.0576,0.9153592,217.7512,125.583595,0.7853082,196.99664,76.10699,0.91497207,266.18295,131.34457,0.9743813,301.39264,151.04861,0.97953224,330.89853,178.12312,0.924271,371.08295,196.76135,0.9493747
694,187.51537,63.123646,0.8352152,178.61264,81.43098,0.94560987,204.68475,61.258553,0.82161075,221.56152,91.312256,0.8627902,248.04216,110.34957,0.8006639,262.0251,88.20689,0.91861504,222.5199,127.2778,0.85372037,199.89786,76.28761,0.862427,269.22733,131.27158,0.94190836,304.622,150.89534,0.94736457,335.39627,177.78772,0.836966,374.45175,197.72241,0.92520607
695,190.3563,62.572067,0.8174931,181.73067,80.37591,0.9415001,207.5132,60.69562,0.8205381,223.93558,90.69778,0.85920686,250.7767,110.75221,0.7957815,264.0632,88.69829,0.8150619,225.50523,126.637726,0.8110453,202.57143,75.054085,0.8521457,272.1308,130.26117,0.92727965,307.65436,150.93704,0.97720987,336.8999,178.13747,0.84783596,376.51877,197.81117,0.89109623
696,192.19685,63.76954,0.7830281,184.46663,79.1561,0.8957911,210.93925,60.075874,0.81755847,227.26814,90.02951,0.8428705,253.25241,110.924545,0.7860361,266.99026,88.430275,0.8246093,227.43849,125.90434,0.7926112,205.32266,74.8875,0.9200002,275.13782,130.3139,0.975815,310.12387,150.72984,0.9584977,339.80502,178.29665,0.8893908,380.3024,197.45671,0.8970902
697,195.32767,63.66151,0.78843105,187.21436,81.00608,0.8459602,214.68855,60.46314,0.8238024,230.55486,90.6139,0.8362988,255.99844,110.35316,0.85661334,270.35422,89.146996,0.8085506,231.13806,126.36031,0.7823898,208.33376,75.8648,0.9323369,277.99832,130.6672,0.98675376,313.37747,151.44331,0.92650133,343.44055,178.25998,0.9059612,383.3392,197.11462,0.87673765
698,198.66832,62.992546,0.78275675,190.40788,80.321434,0.9153291,217.79039,60.827915,0.77452743,232.57211,90.47532,0.85101587,258.93512,110.169266,0.85137826,274.1486,88.077614,0.8918397,232.6734,125.452354,0.76479113,211.04985,75.9413,0.90705633,280.86752,131.35252,0.9627735,316.7329,151.27115,0.98474365,346.5879,177.05014,0.934061,385.7346,197.13326,0.9436162
699,202.26059,62.71628,0.83856404,193.27939,80.21734,0.95010465,218.58934,61.029167,0.7925858,235.7318,90.4719,0.8532167,262.53445,110.21271,0.81657624,277.38705,87.88716,0.9051361,235.88963,125.93844,0.8165675,214.22005,75.7624,0.896,284.59866,131.42677,0.9371361,319.5507,151.421,0.9630828,350.49854,178.07147,0.8617565,389.48428,197.7201,0.9350617
700,204.48918,63.036804,0.8409151,196.30028,81.32699,0.9356082,221.51387,60.56236,0.82470995,238.2889,90.21813,0.8282686,265.426,110.76293,0.7857908,278.85873,87.71007,0.8450962,239.87329,126.996315,0.8448745,217.19336,75.76009,0.8318422,287.1485,131.091,0.89571995,322.82013,150.614,0.9894807,352.40652,178.28877,0.8376216,392.41534,198.01631,0.8975393
701,206.81493,63.782627,0.806278,199.92488,80.86647,0.86692697,224.04688,59.22903,0.8337598,241.92612,90.013084,0.83760214,268.42105,111.38167,0.762103,281.48312,88.4637,0.7927733,242.41927,126.19619,0.7781606,219.77715,75.09199,0.8797788,290.2316,130.26566,0.9606649,325.8537,150.97505,0.96212786,355.60834,178.42023,0.8779199,395.20743,197.22125,0.88912
702,209.16429,64.1499,0.7826078,202.50871,80.01925,0.87516195,228.15591,59.818333,0.8265943,245.17563,90.144394,0.825397,271.366,110.55122,0.8343362,285.7538,89.34981,0.7987346,246.09435,126.33304,0.78443444,222.76326,75.32591,0.9415549,293.1759,130.48013,0.96921253,328.73788,151.42574,0.91275424,358.9459,178.56851,0.89297044,398.5089,197.04343,0.8553624
703,212.6267,62.778473,0.79265153,205.38277,80.29572,0.8500059,232.06798,60.485695,0.80757207,247.18336,90.33741,0.83032924,274.1111,110.25868,0.8608112,289.397,88.66096,0.87253165,249.81894,126.6797,0.73972845,225.7773,75.67524,0.9091013,296.13925,131.30362,0.9756604,331.77975,151.6344,0.9779478,361.07855,177.5978,0.94996613,400.72617,197.02638,0.9192577
704,216.07524,62.37799,0.79871833,208.31187,80.08529,0.9345398,232.72383,60.156498,0.75468487,250.61452,90.30542,0.86435694,277.50848,110.3342,0.8345035,292.38315,88.19987,0.89687204,251.07835,125.69704,0.79362434,228.48668,75.53229,0.90529406,299.6622,131.7302,0.9554872,334.48645,151.32314,0.97834927,364.10278,177.5563,0.9468167,402.78238,197.13895,0.9607943
705,219.16312,62.938995,0.8085184,211.04611,81.14304,0.9294865,236.13983,60.473484,0.8215425,253.99268,90.74133,0.86458075,280.84894,110.80316,0.79213554,294.35654,88.16761,0.8760895,255.71541,127.10279,0.8554066,231.83505,75.7337,0.8508169,302.4307,131.04103,0.91120833,337.58167,150.81831,0.9851827,367.40558,177.66293,0.8564648,405.28787,197.46555,0.9472937
706,221.7335,62.938522,0.8257244,214.76987,80.86197,0.9230434,238.87381,59.784557,0.83728737,256.61038,90.12081,0.8397646,283.6859,110.77891,0.7848311,296.57288,88.67983,0.797465,258.55814,126.603775,0.8104378,234.86693,74.97885,0.8423243,305.2239,130.30518,0.9533039,340.6197,150.92357,0.98520505,369.5958,178.07082,0.85546046,409.69525,197.30896,0.9006905
707,223.95314,63.465824,0.8014935,217.47461,80.2421,0.8714752,242.36461,59.428764,0.8293343,260.1844,89.91704,0.8213744,286.7546,110.75994,0.82420504,300.46335,89.12048,0.81104887,261.16495,126.41013,0.7959738,237.38486,75.071754,0.9173828,308.6297,130.57812,0.9716298,343.54385,151.21089,0.924585,373.11823,179.064,0.90275925,412.64713,197.73636,0.89827067
708,226.00522,63.62908,0.8224968,220.93265,80.85023,0.8371412,245.9278,59.216537,0.84462476,262.15527,90.0234,0.8029428,289.39963,110.36599,0.86825925,304.18213,88.777405,0.86540043,265.74316,127.109535,0.73964906,240.26846,75.06696,0.9234211,311.18713,131.17078,0.9874864,346.4678,151.63547,0.96448594,375.75055,178.50264,0.9451644,415.38217,197.21597,0.8842021
709,228.94254,62.805767,0.814552,223.77321,80.45406,0.9008555,248.62157,59.012444,0.7920287,265.41724,89.863754,0.8470137,292.34543,110.21182,0.8504432,307.38718,88.19524,0.92231697,266.2026,125.822495,0.7981237,243.00793,74.750404,0.8966422,314.46088,132.00171,0.9645404,349.3721,151.64265,0.9725673,378.57693,177.84315,0.96423155,417.3372,197.2697,0.9327588
710,232.79816,62.926075,0.84139323,226.56674,80.91389,0.95214325,249.8524,59.611565,0.80597126,268.72855,90.3344,0.870756,295.74072,110.25396,0.80320114,309.61417,87.89774,0.924231,270.41522,126.86149,0.8632987,246.35545,74.912125,0.89701295,317.2171,131.52377,0.9315869,352.28162,151.4524,0.9455893,381.79187,178.41968,0.9286254,419.80945,197.50014,0.9545475
711,235.62125,62.623127,0.86867625,229.68668,80.99563,0.9375827,253.71939,59.454796,0.8279742,271.05893,89.77342,0.82284844,298.52933,110.7462,0.79596955,311.23068,87.62008,0.8021341,274.74088,127.21655,0.80450606,249.46269,74.51245,0.82785124,319.9496,130.38947,0.91535205,355.21878,151.17015,0.977164,384.1135,178.70058,0.8549546,422.91718,197.93353,0.92316204
712,237.01456,63.416393,0.89165163,232.98012,80.774925,0.86047274,255.79256,58.235783,0.83006763,274.72018,89.32192,0.81923544,301.80182,111.029396,0.8046552,314.72586,88.687706,0.775365,276.28662,126.26801,0.7935928,251.92517,74.31337,0.85615873,323.56497,130.4719,0.9653832,358.52576,151.02443,0.95690775,387.21002,178.7665,0.89309937,426.50513,197.77588,0.9048278
713,239.54607,63.501892,0.84781015,235.3008,81.93223,0.88064235,258.6057,58.02827,0.82478124,278.42014,89.651535,0.7875117,304.69913,110.26365,0.8514388,319.22748,88.82934,0.76143134,280.54553,126.74131,0.76729214,254.5093,74.60814,0.9095862,326.45224,130.72845,0.9820946,361.7803,151.45381,0.9535208,390.8302,178.51302,0.9059208,429.14944,197.4208,0.88269466
714,241.64748,63.342617,0.8861907,238.1871,80.31987,0.8426523,261.96478,58.11735,0.85413533,280.07236,89.38228,0.8133482,307.35873,109.97012,0.8500401,322.1137,87.57778,0.8438752,281.5735,125.767845,0.79029953,257.3253,74.01505,0.89104795,329.43808,131.38556,0.962622,364.58157,151.1237,0.99521095,393.7432,177.09674,0.9378498,432.41403,196.43211,0.92656624
715,243.38193,62.653076,0.8856221,240.3775,80.78673,0.8827018,263.89148,57.86642,0.8216207,282.89587,89.20727,0.82665163,311.1839,109.989685,0.8155857,325.14847,87.36535,0.8698217,285.71936,126.558464,0.8678623,259.5085,73.59006,0.8720659,332.5741,131.4629,0.9463194,367.13495,151.23889,0.9752918,396.47623,177.21826,0.92462546,434.46097,196.69987,0.9680471
716,247.8855,61.866673,0.83583176,243.35854,80.50965,0.95143825,265.5812,58.33265,0.79732823,286.32175,89.950935,0.83597624,314.31622,110.6113,0.79340905,327.15775,87.568245,0.7940715,290.63873,127.27837,0.8270704,262.33057,73.85713,0.8721818,335.72873,130.27908,0.9158186,370.7872,150.69609,0.9924806,399.58795,177.71187,0.86693424,436.7768,197.14005,0.95650387
717,251.27971,62.117764,0.87758565,247.53679,80.66577,0.90609515,270.13977,58.473133,0.84588486,288.69287,89.0634,0.8072563,316.90707,110.95356,0.7880543,329.66943,88.37496,0.7583518,292.13336,126.2768,0.8086457,266.0932,73.22558,0.8226149,338.53763,130.288,0.9623732,373.62613,150.76018,0.9784064,401.76123,177.95439,0.87085706,440.11154,197.65466,0.91616076
718,253.04585,63.327095,0.924744,250.31494,81.38567,0.8750718,272.747,57.39368,0.83718437,293.4442,89.30557,0.774789,320.25623,110.282585,0.85037035,334.37128,89.47384,0.7755356,296.4407,127.011406,0.7785071,269.16385,74.07844,0.8707265,341.71094,130.5181,0.9828521,376.8327,151.29686,0.9263498,405.41522,178.95358,0.8996188,444.28607,197.22217,0.9007778
719,255.42928,63.926044,0.84891146,253.51277,81.63638,0.8417607,275.18256,56.962223,0.80008,296.0516,89.20842,0.78370935,323.45456,110.32119,0.8508037,338.22214,88.39027,0.88669574,297.57037,126.528564,0.7947271,272.119,74.16106,0.8768654,344.66708,131.60486,0.97586626,380.05463,151.50737,0.97861254,408.69086,178.21255,0.9440065,447.44107,197.08539,0.8873211
720,258.25323,63.34394,0.9245729,257.28543,81.711044,0.91465443,278.11313,57.152786,0.8174039,298.56985,89.37842,0.79986644,326.93768,110.17273,0.8222864,340.92474,87.772934,0.9131399,301.7621,126.91943,0.8542822,275.0418,72.604904,0.8691895,348.18158,131.6384,0.95886344,382.50427,151.17935,0.9867638,411.16666,177.20685,0.9390688,449.09537,196.79193,0.9452827
721,260.27386,62.75703,0.95222235,259.674,81.82227,0.915866,279.97614,57.217377,0.8346024,301.7794,89.54376,0.80967134,329.99506,110.79385,0.80418843,342.99814,88.11144,0.8267769,306.52377,127.625305,0.8251858,277.25235,72.44101,0.8835469,351.12347,131.09224,0.90767366,385.98303,150.74596,0.9906024,414.35242,177.35466,0.90028214,451.3257,196.88019,0.96729326
722,263.14627,63.734707,0.9104031,261.94772,82.076485,0.9127332,281.5044,56.897293,0.82253534,303.41278,89.1976,0.7959507,332.59418,111.00791,0.79032403,345.0599,88.23331,0.76161796,308.37057,126.550354,0.83084416,280.08752,73.140076,0.8125803,354.07455,130.13808,0.96332717,388.9583,150.58641,0.9884691,416.8385,177.62013,0.85101014,454.4724,197.35332,0.9386987
723,266.26587,64.362175,0.9640899,266.67172,82.44596,0.8286749,285.7954,57.238518,0.82057405,307.65567,88.77413,0.7755848,336.14255,110.11545,0.8555093,349.20728,88.84439,0.7687053,312.04462,126.75326,0.78034425,283.95493,72.79924,0.8420371,357.49274,130.19714,0.9749362,392.05936,150.49614,0.92721826,420.33673,178.164,0.890366,458.06482,196.95705,0.8982477
724,269.5403,64.72417,0.9419425,269.4065,83.579605,0.8235669,289.2522,57.511196,0.7891714,311.3533,89.16354,0.76375073,339.37317,110.26472,0.851309,353.45496,88.08523,0.8508451,313.77255,126.6197,0.79141855,286.74326,74.76282,0.8879657,360.48807,131.34587,0.97599137,395.87817,150.71234,0.99395865,423.9783,177.20282,0.90970975,461.77277,196.384,0.86080635
725,273.2639,64.456604,0.899897,272.76077,82.60502,0.9097521,292.92282,57.4348,0.8168815,314.14557,89.67974,0.80317885,343.10727,110.1983,0.8184653,356.45578,87.69843,0.8658028,318.25046,127.29191,0.8486073,289.97223,73.999115,0.86139953,364.21085,131.33086,0.9533393,398.79102,150.79301,0.98545986,427.30478,176.35695,0.91507524,465.37082,196.09389,0.96652025
726,274.98618,64.83749,1,276.78052,82.778244,0.8767746,294.83218,57.007366,0.8337074,318.2046,89.53582,0.79738474,346.07,110.67116,0.8037989,359.01926,88.066666,0.80437046,322.63202,127.68807,0.8332359,293.15088,72.86371,0.86509824,367.10013,131.07841,0.9066022,402.3268,150.3151,1,430.7086,175.93549,0.8625663,467.52786,195.50021,0.98324764
727,276.59772,65.04034,1,279.53262,83.244484,0.8483122,296.69202,56.95118,0.84333795,320.05875,89.312454,0.7936871,348.99014,111.17834,0.7921161,361.8309,88.9266,0.7388724,324.64197,126.74739,0.8333734,295.75604,72.623955,0.83604133,370.4891,130.3245,0.95295507,405.30783,150.64838,0.9760299,433.18356,178.38611,0.88696545,471.3754,196.48463,0.94873816
728,280.08246,64.67799,0.97874427,282.87698,82.89609,0.83106846,299.7461,57.22591,0.8458289,323.7859,89.0253,0.78193104,352.34656,110.20561,0.8531926,365.5046,89.42903,0.74609315,328.8322,127.20205,0.7662982,299.0216,72.46034,0.8605505,373.5289,130.37918,0.977784,407.61414,150.57838,0.9335509,435.16104,178.34987,0.92023915,473.53003,195.84814,0.90208983
729,282.3281,65.07136,0.98719466,286.61975,82.194244,0.7617981,304.10196,57.06596,0.750729,327.42465,89.069435,0.76680213,355.4704,110.468666,0.85313904,369.82263,88.905556,0.8627394,330.0925,126.93199,0.7965017,302.18112,73.823456,0.8300655,376.4547,131.52214,0.9774305,411.40298,151.1668,0.98869187,438.77847,178.11647,0.9219859,476.11224,195.98106,0.8939148
730,285.93973,64.774345,0.916595,288.59973,82.61687,0.9056433,306.86044,56.856113,0.789491,330.1895,89.48966,0.78830016,359.2814,110.5272,0.806714,372.76077,88.39392,0.9025461,334.99365,127.9008,0.8376211,305.1118,72.4692,0.86676055,379.90427,131.95407,0.95923,414.4003,151.19313,0.9840365,442.55048,176.67029,0.93282396,479.7211,195.05203,0.9211626
731,289.7383,64.77248,1,292.65192,83.234985,0.890958,310.25558,57.53132,0.85513383,334.0003,89.80256,0.78508395,361.86276,110.89811,0.8168121,374.85968,88.68141,0.834747,337.48346,127.20709,0.8355489,308.75244,72.865776,0.878232,382.47446,131.38687,0.9235938,417.11874,150.69684,0.9800417,444.99506,176.28183,0.9087201,482.5585,195.88106,0.99957144
732,292.5336,65.18621,1,294.99466,83.87162,0.86096066,312.57077,57.68353,0.8494577,335.43066,89.83476,0.7952287,364.51797,111.471344,0.7840465,377.10413,88.95655,0.7441235,340.65918,127.100174,0.8343266,310.62204,73.9845,0.825571,385.9254,130.4744,0.95612186,420.66882,150.60762,0.9932863,446.8785,177.89505,0.86983865,484.4396,195.87813,0.99319077
733,295.7131,65.3308,0.9853729,298.20416,83.937485,0.81732994,315.27515,57.78777,0.83717513,339.1494,89.46951,0.8116081,367.98117,110.42099,0.85054,380.38528,89.10143,0.7454642,344.63776,127.39867,0.77959156,314.52582,73.19211,0.82859075,389.28635,130.34119,0.9710789,423.42123,150.2191,0.9415291,450.6982,178.13403,0.92870826,487.43896,196.26949,0.94693875
734,297.89865,65.85383,0.9839876,302.58987,83.91776,0.7653165,319.27078,57.544704,0.76162106,342.77725,89.26515,0.7632922,371.1841,110.46525,0.8543646,384.9262,88.66791,0.830402,345.77036,126.92253,0.7992441,317.76132,74.28048,0.8464168,392.17386,131.51245,0.9847239,427.1897,150.91257,0.9860802,454.63132,177.64133,0.91741085,491.39227,195.84085,0.89377403
735,301.94028,66.10401,0.9225689,304.35184,83.5709,0.91154236,322.6195,57.277966,0.790322,346.11926,89.706406,0.79905534,375.4325,110.567764,0.8040189,388.39996,88.36041,0.87353987,351.05676,128.04997,0.83267456,321.35846,74.896866,0.8685062,396.06607,131.90533,0.96043986,430.0758,150.6877,0.99230534,457.13297,177.37604,0.9066414,494.63376,194.68994,0.8683119
736,305.82327,67.37264,1,309.10867,84.39069,0.90846986,325.83557,57.477028,0.85344857,349.95807,89.83719,0.78233975,377.93213,111.081924,0.81704396,390.6974,88.72457,0.8264995,353.7398,127.53664,0.83498585,324.16147,74.48236,0.87393034,398.69006,131.2939,0.922285,432.941,150.33038,0.9902335,459.59503,177.24901,0.90545315,496.7673,194.87828,0.9476869
737,310.08957,68.34364,0.9395237,310.84845,85.66897,0.89351887,328.52728,57.851635,0.87444144,352.0995,90.36565,0.8190168,380.68726,111.85112,0.7893712,392.68762,89.1692,0.7471294,357.5857,127.7198,0.8263594,327.89334,75.613144,0.8443479,401.83307,130.49973,0.9587429,436.12625,150.59383,0.9919883,461.9973,177.43692,0.84903526,498.86688,195.1406,0.9902499
738,314.12994,68.472244,0.93892515,313.8964,85.2605,0.8223529,331.89417,57.577965,0.8554506,356.29288,90.23475,0.80438584,384.263,110.776695,0.8494193,396.75418,89.6782,0.76805085,361.52042,128.3631,0.7398741,331.9495,75.36145,0.86421794,405.25516,130.71426,0.9786626,439.00684,150.70537,0.9342935,465.77762,178.0618,0.9118973,502.01587,195.96872,0.97409415
739,317.08038,68.93985,0.8915714,318.33612,86.035484,0.76681226,336.56216,58.436142,0.7811453,359.96854,90.16474,0.7975007,387.45322,110.82068,0.83839196,401.0376,89.21002,0.84374684,362.63245,127.62547,0.7919134,335.45767,76.78922,0.9363209,408.2515,132.05713,0.98970944,442.77338,151.37819,0.9723086,469.61603,178.32567,0.92723775,504.65732,196.72047,0.91793233
740,320.35712,69.49372,0.8324979,321.19748,86.003075,0.8725613,339.67532,58.555832,0.8438335,362.6817,90.42312,0.83074737,391.21466,110.81789,0.80427486,404.13696,88.8807,0.8660956,367.28537,128.27301,0.8341021,338.84515,76.84576,0.9151835,411.4895,132.34956,0.956135,445.50272,151.4332,0.98482484,472.39206,177.52885,0.8997879,508.03653,195.55278,0.88214314
741,323.08984,69.41,0.9766734,325.615,86.19666,0.9235199,342.1235,58.63508,0.89671475,366.65433,90.78747,0.7944367,394.1099,111.55568,0.83048165,406.69107,89.149345,0.815202,369.83038,127.90553,0.8373182,341.2744,75.80696,0.87977874,414.45383,131.77937,0.9259708,448.63156,151.06604,0.9619876,475.00345,176.90787,0.92622966,511.20517,195.47418,0.9008188
742,326.13348,68.7951,0.9706618,328.12186,86.116066,0.8740085,345.253,58.517532,0.87288064,368.6406,90.7399,0.8328349,397.40625,111.48923,0.7977293,408.44983,89.47976,0.7474789,373.48254,127.97591,0.8281486,345.10248,75.81522,0.84213996,417.62015,130.94992,0.9487876,451.44168,151.34546,0.98133004,477.4797,176.34625,0.892224,512.8693,195.48952,0.96622354
743,331.0281,68.02499,0.952511,329.959,85.46789,0.8255606,349.70987,58.92166,0.805221,372.59534,91.39764,0.80918324,399.9801,111.379,0.8332909,412.08334,89.97257,0.76626205,376.91006,128.73564,0.7549447,348.4131,76.44169,0.88425946,420.81607,131.38002,0.9739812,454.6166,151.6518,0.94413465,479.99826,178.31873,0.8870352,515.384,196.052,1
744,334.12958,68.13548,0.8858148,334.2424,85.57176,0.8137784,353.71735,59.32069,0.7873131,375.47046,91.44419,0.81345373,403.4057,111.42817,0.8309099,416.6694,90.21018,0.8477488,378.1574,128.19246,0.7909643,351.92737,77.0324,0.9590971,424.12668,132.71165,0.99324745,458.0194,152.07765,0.929285,483.9231,179.48795,0.91319984,518.43823,196.45499,0.957706
745,337.94537,67.14453,0.9468624,337.5488,84.95054,0.91430265,357.5342,59.413605,0.8656897,378.03064,91.40638,0.8395542,406.7413,112.04372,0.8146249,419.71478,90.10125,0.9063449,382.6005,128.52292,0.8207071,354.62234,76.23031,0.88456696,427.08713,133.29898,0.956811,460.71222,152.52596,0.9498345,487.3064,178.80788,0.90596634,522.36743,197.02965,0.8996824
746,339.97662,67.877235,1,341.95197,85.71254,0.9067629,359.23874,59.30889,0.88316125,381.64868,91.22195,0.82868373,409.75897,112.13208,0.8453545,421.96683,89.650055,0.8958792,385.31305,128.3685,0.81568265,357.5624,75.9788,0.87165827,430.01855,132.83273,0.9241028,463.4484,153.082,0.9317488,489.55853,179.32932,0.9602789,524.4494,197.11526,0.8895057
747,342.0776,67.93489,1,345.22473,85.56698,0.8550103,362.33304,58.908493,0.8232648,384.50537,91.019035,0.82844007,412.68652,112.073494,0.82573515,424.38928,89.669624,0.7971644,388.58878,128.25972,0.8220893,361.13123,76.001175,0.83989364,432.85956,132.12627,0.9163568,466.2926,152.85109,0.9426665,492.34,179.00655,0.9417394,527.6229,196.85666,0.89803445
748,343.9382,68.107796,0.9970372,350.54428,85.76777,0.7752699,365.09625,59.267536,0.78264886,388.57358,91.183365,0.7786249,415.4258,112.237625,0.8149003,427.61868,90.93953,0.7744361,392.05734,128.71547,0.7671646,364.86835,75.67353,0.84886247,436.18417,132.334,0.9669808,469.29077,152.89767,0.9443729,495.19012,178.23502,0.90141064,529.6942,197.17883,0.97290564
749,346.37262,67.72012,1,352.5311,84.66378,0.77012604,368.04376,59.23655,0.7369455,390.8681,90.83244,0.78636265,418.8023,111.69792,0.8387286,431.9024,90.807236,0.8014728,393.08008,128.04854,0.759394,367.4507,75.601395,0.84346557,439.36578,132.75163,1,472.262,152.61398,0.88687533,497.49472,178.29448,0.9004374,531.93945,197.21527,0.97671705
750,350.5849,67.090935,0.9997183,354.452,84.7612,0.87814575,371.9152,59.21303,0.8213827,393.8071,90.911194,0.8296055,421.36008,112.53677,0.8260089,435.01648,90.90549,0.8918366,397.19388,128.35274,0.8108018,369.38647,75.54889,0.85013837,441.71207,133.5899,0.9482866,475.3444,152.76753,0.928892,501.22995,179.16446,0.91977257,534.62506,197.80107,0.95101976
751,353.46472,68.34645,1,358.7246,85.51936,0.8314293,374.18277,59.179127,0.8798416,397.2117,90.99956,0.8145033,424.5556,112.65053,0.86227596,437.42374,90.68146,0.9175572,399.95676,128.76859,0.8253087,372.95523,75.47223,0.8298831,444.81177,133.2912,0.93324393,478.05594,152.98145,0.9462581,503.77307,178.918,0.9204281,538.5345,197.30962,0.9121556
752,356.5694,68.943146,1,361.72452,86.79655,0.79627573,377.52484,60.265182,0.83893466,399.46646,91.668076,0.8312458,427.69632,112.76938,0.8548319,439.26044,90.219246,0.8714746,403.16406,128.53954,0.81964564,376.80682,76.84724,0.8102574,447.76105,132.64957,0.8851887,480.6962,152.72401,0.9331911,506.56738,178.68193,0.94592005,541.1095,197.0297,0.87611395
753,358.78806,69.40568,1,364.9226,87.203865,0.7849365,379.3681,60.483757,0.7571537,402.83246,92.347946,0.8226191,430.24463,112.920876,0.78696746,441.65378,91.20781,0.7809022,406.7445,129.28658,0.7778925,379.46936,77.025345,0.8536463,450.954,132.71146,0.95254034,483.85254,152.79686,0.94527906,509.29416,178.47148,0.9233936,543.85,196.80482,0.9127007
754,359.66476,70.344505,0.9755268,367.81714,87.77759,0.77186304,381.96802,60.046513,0.73763585,406.75818,92.61714,0.8024386,433.38574,113.08868,0.82400954,445.61813,91.8296,0.77949786,407.65298,129.10715,0.73188746,381.83328,77.26724,0.84772325,454.2491,132.71841,0.99279094,486.9798,153.20189,0.9185926,512.60675,177.85759,0.8791191,545.91876,196.67397,0.9910035
755,360.32852,71.547134,0.9405927,371.0854,87.46377,0.7855578,383.25992,61.01742,0.78518444,409.04233,92.27932,0.8582871,436.5403,113.27573,0.83070487,449.49722,91.98826,0.83019143,411.63562,129.29762,0.79105127,383.87952,77.63494,0.82850224,457.063,133.58372,0.97075117,489.96057,152.75809,0.9217903,514.8607,177.71411,0.8909547,547.4445,196.02971,1
756,358.52997,73.363434,0.9343826,371.50513,88.304245,0.83801246,383.28833,61.366844,0.81607914,411.52396,92.74346,0.87003773,439.565,113.10016,0.85901827,451.8487,91.793755,0.87949556,415.6094,129.81177,0.80609643,384.7097,78.057,0.8521267,459.39993,133.61871,0.9389775,492.49872,153.15018,0.9381776,518.1316,178.71983,0.9143719,551.0222,196.69583,0.9564817
757,357.76785,75.21073,0.99341434,372.56592,89.2864,0.83170897,382.6027,62.177017,0.8075178,413.46817,93.06492,0.83876705,442.04446,113.06017,0.86862797,453.2548,91.29572,0.87152797,418.35577,130.22025,0.8365747,384.96393,78.4967,0.85243934,462.04892,132.70956,0.94052714,494.896,152.78282,0.9479663,520.5924,178.2498,0.91545403,554.7299,196.0647,0.8953839
758,356.5224,76.58111,1,372.86987,90.60712,0.8238422,380.84927,62.992046,0.7685712,414.29187,93.25517,0.8012974,444.30276,112.73465,0.8361315,454.4453,90.649994,0.8279776,421.093,130.0353,0.8172262,384.43185,78.860535,0.81378186,464.02625,131.6518,0.9148327,497.2832,151.98955,0.9497008,523.203,177.03271,0.9272157,558.709,194.96538,0.8723645
759,355.55872,77.036026,1,371.8113,91.028656,0.83534235,379.58746,62.840702,0.76043755,413.89142,93.149445,0.81957257,445.2829,112.51398,0.7751914,454.94537,89.31973,0.79531324,424.05457,130.13036,0.771308,383.4808,78.89096,0.8239987,466.11932,130.2543,0.9769356,499.12558,150.3274,0.986902,524.4069,176.31073,0.9051189,561.0569,193.45802,0.9197753
760,353.92358,77.1071,1,368.7887,91.20686,0.8035818,377.1733,62.891365,0.7951587,412.4223,92.62903,0.86073375,445.87457,111.12709,0.8276152,454.61865,87.78178,0.7638878,423.91956,129.57173,0.7475709,380.98856,78.8055,0.8133157,467.1305,128.62906,0.9985438,500.34152,147.96936,0.9921225,526.707,173.40994,0.94440997,564.6813,191.29639,0.9081126
761,352.15454,75.87085,1,366.13437,90.07782,0.7482677,375.9439,62.40052,0.8682178,411.45923,92.55165,0.8436509,446.54318,109.65435,0.838231,455.65198,87.66395,0.77246946,426.2584,128.93985,0.8145957,378.87427,78.40399,0.8480915,468.4068,125.47633,0.9918631,501.85278,145.19478,0.9446283,529.29016,169.79312,0.979723,567.4974,186.73631,0.8633312
762,348.99567,76.20266,0.9534859,365.4394,89.82947,0.7563379,373.3762,62.08426,0.9265409,409.87082,91.58343,0.80150807,445.30408,107.76682,0.80004597,453.43555,85.41702,0.7538225,426.14932,127.16254,0.8238956,376.0384,78.125305,0.8227083,467.98557,121.5472,0.9872964,502.09366,141.03664,0.93309224,530.5528,166.86139,0.90255314,569.49384,183.69957,0.9082378
763,346.55206,75.996994,0.9389703,362.92554,89.40973,0.7702237,370.88272,61.0389,0.9129157,407.88593,89.949036,0.77481645,444.1591,105.3983,0.75585407,451.3186,82.07369,0.81082755,424.91867,125.49375,0.8242317,374.71494,77.231155,0.8681838,467.85397,118.18053,0.91951877,502.2197,137.85867,0.9078408,530.36346,161.97333,0.9031305,569.2094,179.20088,0.89911985
764,345.99792,75.30893,0.91441643,361.19742,88.69847,0.81576115,369.19443,59.996494,0.87262315,407.2767,88.59255,0.7806158,444.1058,103.47804,0.80275,450.59628,80.45338,0.90198314,425.6701,124.18294,0.85482,372.82675,76.696106,0.888921,467.4412,115.28828,0.9693172,501.31247,133.29251,0.9662513,530.1262,158.01552,0.98112184,570.9779,176.00047,0.90078497
765,345.66812,74.062614,0.8953387,358.70993,87.7454,0.86211777,367.96582,59.288338,0.83221275,405.15167,88.0768,0.83887255,442.46054,101.53632,0.8737619,448.5829,78.36146,0.88267547,425.33585,122.95168,0.87483025,370.8199,76.21556,0.88487303,466.90967,111.37209,0.94471717,501.17938,128.11966,0.9441893,531.46814,152.8775,0.90270597,572.4907,170.90317,0.8173963
766,343.9619,73.17828,0.86993504,357.4843,86.87048,0.9409254,366.7483,58.735428,0.8012196,403.6225,86.69756,0.88536316,441.17746,99.807465,0.850523,444.937,76.1705,0.8433932,425.19727,121.72519,0.8757827,369.8642,75.17897,0.86222094,465.59564,108.1588,0.97576064,501.2314,124.281845,0.9180396,533.1487,147.50403,0.8508196,573.30817,163.75713,0.8935705
767,342.9753,72.79366,0.9071914,356.06326,86.21176,0.96629614,364.89383,57.954876,0.8184646,402.63638,85.29809,0.9290204,440.5485,97.73175,0.8063165,441.01166,72.683525,0.8102418,424.84824,119.23248,0.888207,368.9289,74.669044,0.82943594,464.78973,106.96912,0.95240366,499.43964,120.126564,0.94171137,530.5311,141.70358,0.9134082,573.2358,154.4775,0.8281934
768,342.29584,72.0012,0.96309876,355.5638,85.85597,0.9555686,363.96606,58.02615,0.8146429,400.63232,84.42294,0.9381749,437.69568,94.65504,0.8343933,437.31763,70.74927,0.7861983,424.16122,116.12169,0.87593853,368.0705,74.39553,0.80552924,462.3122,103.33961,0.8904079,497.55524,115.535645,0.9715888,529.3208,135.50934,0.8319249,570.38104,147.96274,0.894982
769,341.20068,71.319374,0.99646795,354.29285,85.6196,0.94131213,362.80182,58.067024,0.8164429,398.78067,83.605644,0.9052605,435.028,93.05599,0.8534982,433.6109,67.58979,0.77589756,422.31143,113.96532,0.8294093,366.9884,74.3612,0.8099915,459.42545,101.15244,0.8972493,496.1293,111.53831,0.8818571,528.57117,131.11038,0.7886829,568.88214,144.10497,0.9005463
770,337.6122,71.9238,1,352.5796,85.274796,0.88676524,359.72733,58.499187,0.8612761,398.31506,82.72651,0.8726131,432.56412,90.81283,0.7942224,432.4884,65.35962,0.76875764,420.59073,111.610344,0.8033066,364.46786,74.23765,0.8457074,457.13663,97.656685,0.8209787,495.1376,109.074455,0.91854084,528.012,129.52818,0.76345104,568.86053,140.85114,0.8786179
771,331.60956,74.83681,0.89548695,350.92206,86.500595,0.8510844,355.10486,59.086052,0.8672039,394.8506,80.599815,0.83472294,431.78867,87.90764,0.80904853,431.27423,63.741165,0.7785006,418.29517,109.57321,0.7988266,360.20374,73.97599,0.82714796,455.1471,95.51252,0.8702119,493.72623,105.84157,0.9467065,526.5888,125.81065,0.84934574,569.05865,137.94162,0.8602615
772,328.36182,75.488846,0.87242895,348.39136,87.89021,0.90057105,352.18628,59.747417,0.8269845,392.10858,79.42434,0.834898,428.72742,86.64758,0.8755986,428.8709,61.62227,0.78451437,416.5372,109.604385,0.85194063,358.3554,74.533,0.8492867,453.19543,94.56008,0.94644207,492.23285,105.35586,0.941171,526.7152,122.480705,0.82646996,568.76044,132.47684,0.8245717
773,327.60956,76.42845,0.89738077,345.71475,88.60144,0.8560349,349.6397,59.401928,0.78435105,389.23718,78.85615,0.86569583,425.90323,86.077896,0.89026195,425.73834,61.402573,0.7830907,413.6661,109.51426,0.9174993,355.6018,74.69377,0.8900139,451.34875,94.223175,0.96746343,489.45837,105.014084,0.92874885,524.4255,120.11916,0.9159595,564.6664,128.50015,0.8363621
774,325.71692,77.7865,0.9514564,343.81778,89.05934,0.8831169,345.89883,60.039074,0.81970733,386.2073,78.911736,0.8486235,423.49564,85.579384,0.9052885,423.76172,61.492924,0.8050665,408.3205,108.909935,0.86416566,352.88696,75.274345,0.85269856,448.3782,94.2316,0.95334935,488.0673,104.9584,0.9117544,520.8114,119.354836,0.9008298,560.59344,127.91596,0.82865703
775,321.65744,78.79766,1,341.27676,90.414474,0.8757228,342.38885,61.23858,0.8095682,383.7419,78.66228,0.76806873,420.53738,85.9462,0.9193337,421.21576,61.508755,0.8470915,404.38785,108.866776,0.8511293,349.966,76.010216,0.8595742,446.00073,95.62859,0.9288177,485.49112,104.74842,0.95824724,518.4981,119.9325,0.87051386,557.8237,129.21854,0.8571539
776,318.14996,78.94359,0.8659124,336.71262,91.18967,0.81753784,339.31638,62.423847,0.80291885,381.17697,80.65793,0.86378694,418.16455,87.24372,0.8942478,418.37903,61.830883,0.8600854,402.4733,110.31007,0.84836566,346.78207,77.939445,0.8658362,443.27673,96.63178,0.8934495,483.7759,105.653946,0.99581474,515.01587,119.90745,0.7782293,553.5973,128.78477,0.87920237
777,313.42477,80.64049,0.85304075,333.43066,92.74397,0.7644395,334.72565,62.91181,0.7534345,377.92987,82.33119,0.88585186,416.4924,87.349045,0.8547641,415.40787,61.49079,0.84754544,401.77472,111.86614,0.840935,343.24646,78.64354,0.85565066,441.7611,95.81192,0.9524078,482.31274,105.35904,0.98622113,513.2338,119.677536,0.76365125,551.82684,127.89066,0.87780946
778,309.64743,81.74436,0.9258479,328.65887,93.34726,0.87716997,330.23065,62.37525,0.80011207,374.56396,82.74207,0.86988723,413.61847,87.2246,0.90658194,412.6139,61.493603,0.8482119,401.009,112.474045,0.8501659,339.0278,79.07198,0.87524235,440.19467,93.68815,0.9930739,479.66232,102.838394,0.9412685,512.6191,118.34589,0.8218848,549.8641,127.15833,0.89052457
779,306.77698,82.06043,0.999102,324.23163,93.68295,0.9340834,325.69254,62.87437,0.8098403,371.0266,82.558945,0.92337763,410.12375,86.203606,0.9329072,408.56345,62.563816,0.8143767,398.25214,111.657074,0.9227591,334.5952,78.93561,0.880962,436.38043,91.200645,0.9790657,476.8319,101.14729,0.96242654,511.10834,116.94463,0.85969096,548.7103,126.55239,0.91359234
780,304.17508,81.171196,1,320.18658,92.54995,0.8344762,322.50095,62.30374,0.8174198,367.50168,81.8818,0.90472925,407.4543,85.48345,0.93968785,404.70673,61.764656,0.8588571,395.7406,110.0008,0.98162854,330.54794,78.32821,0.8647742,433.5146,89.278046,0.95037526,473.3514,98.12912,0.9567351,507.05853,112.96169,0.893574,546.5852,123.50664,0.8659845
781,299.62778,82.220505,0.8595831,319.5726,91.706535,0.7639413,319.39664,61.254837,0.81088334,365.0419,80.587204,0.86079603,403.69568,83.762245,0.9579547,400.50858,60.93883,0.7972128,393.04868,108.811424,0.9960343,328.40573,77.37231,0.8716913,429.66098,87.1812,0.86194175,469.8741,93.59591,0.9492648,505.0655,110.610245,0.88712144,543.07367,120.02255,0.8309081
782,295.49045,80.77529,0.8893074,313.70276,90.44415,0.83026874,315.3696,60.3015,0.83464235,360.4482,79.66298,0.7926712,400.60922,82.20168,0.89236003,396.42294,58.45823,0.75910735,391.20987,106.4046,0.93962574,323.55786,76.1316,0.8821955,425.44608,85.3804,0.9187506,466.64093,91.2284,0.96473926,502.97156,105.88859,0.85441154,540.99023,114.17341,0.8521304
783,292.20224,80.66247,0.96549064,308.0178,89.70297,0.8787454,309.51703,59.61041,0.82240707,356.28375,77.93049,0.82866985,396.55383,79.182365,0.83574754,393.65436,56.9143,0.73762304,387.71194,103.30923,0.91854066,317.96298,75.47034,0.8353472,422.2544,82.72236,0.88693553,463.46698,85.94535,0.90117353,497.73682,102.40867,0.73578596,536.3905,110.19939,0.8905732
784,288.99335,80.437805,0.98440295,303.15485,89.83576,0.82751185,305.02194,59.348183,0.8089624,351.48642,76.339325,0.8056349,393.07013,77.95145,0.8964766,388.53,55.367268,0.75776786,383.52728,100.43558,0.86748743,313.14786,75.55842,0.86424637,417.9826,80.19021,0.8729179,458.54712,83.47578,0.9212736,496.093,96.82046,0.767638,533.3018,105.68134,0.8327279
785,285.11594,84.95754,0.9082602,303.99347,92.09009,0.7763011,298.04343,61.75448,0.8277065,347.1837,75.838036,0.8551425,387.5052,76.27543,0.9501117,383.5452,55.279507,0.8059737,378.60464,100.5934,0.9703639,310.35486,76.84806,0.90974665,413.11676,78.67723,0.9824398,452.98782,79.95638,0.967767,491.31586,91.48474,0.8603635,530.84674,100.61856,0.9450853
786,278.4827,86.76263,0.8855635,297.91663,93.52384,0.7721064,291.55975,63.943237,0.8075157,341.4793,76.095116,0.8875798,381.81445,76.447395,0.87038916,377.4666,54.21507,0.8662065,373.33636,100.417206,0.9264442,304.69403,78.67018,0.80994046,407.59235,79.03374,0.9583978,447.3709,78.69322,0.90551275,485.44025,86.40576,0.7884768,528.8879,93.59591,0.8705403
787,271.56512,87.134384,0.84430134,292.34286,94.46819,0.8457683,287.39755,65.92563,0.80833364,335.32794,76.603836,0.85147107,375.78482,75.93712,0.8954024,373.1231,53.784504,0.8927209,366.6078,100.74151,0.93158245,298.60858,79.45461,0.8398591,402.94016,79.431526,0.9418203,442.27417,78.99311,0.8950115,483.49738,84.773254,0.83797944,526.7931,85.937065,0.93455696
788,265.29373,87.02408,0.8000351,287.51447,95.5135,0.87164915,281.5336,67.51082,0.7969059,328.68567,77.60127,0.85361147,370.0751,76.08621,0.9407709,366.54224,53.82338,0.8439096,359.8145,100.83442,0.8741323,293.42673,81.461815,0.8385189,396.99637,80.360245,0.9680859,435.65634,77.65492,0.995534,478.0461,83.43302,0.8160991,521.7985,83.3709,0.9794483
789,260.91248,87.616394,0.9204438,280.52203,96.51835,0.9119494,275.8533,67.1716,0.8493456,323.34457,78.4808,0.8519256,363.96338,76.79528,0.8581242,361.6812,54.58313,0.8140562,353.3744,101.12594,0.804669,286.77335,81.5768,0.8941219,390.3967,80.9634,0.9189905,431.18573,77.36143,0.929275,471.58817,80.38646,0.80133826,513.7868,83.32016,0.9551407
790,255.18367,88.812706,0.800229,273.19342,97.34074,0.89081955,271.093,68.42719,0.81742364,316.9455,79.680374,0.8797623,357.06534,77.369446,0.916091,353.7735,55.57922,0.8441896,347.58997,102.82172,0.7669826,280.316,82.88818,0.89703566,383.13675,81.241135,0.9464869,424.06726,77.70918,0.9184117,463.98413,79.02684,0.7614007,506.85425,82.72547,0.9592334
791,248.04407,88.126045,0.8230212,267.20914,97.772354,0.8745324,265.78284,68.48712,0.7953996,312.0742,80.079636,0.8586993,351.28693,78.72194,0.85177195,347.28165,56.682064,0.7996973,342.0383,104.78893,0.8331251,275.86337,83.51847,0.86508536,376.73657,81.56107,0.9478963,417.33585,78.6466,0.95355743,459.8776,80.88664,0.78094286,503.61398,80.701515,0.89203775
792,241.03928,88.27488,0.88031185,260.08786,98.02913,0.90312076,259.0925,69.02777,0.85380065,306.2873,81.32449,0.9440561,346.37268,79.11701,0.85934347,341.33594,56.98421,0.80799514,337.13998,105.98603,0.8318659,268.07608,83.854065,0.9392329,372.1645,79.761734,0.98671323,412.50385,77.736046,0.92999655,456.3016,82.41944,0.81673056,500.1835,80.075775,0.9341795
793,234.61319,88.11661,0.7960462,255.54265,97.320335,0.86478305,253.8396,69.37092,0.794735,301.44293,82.17165,0.92334974,340.76157,79.37104,0.8989926,334.15558,57.256214,0.75358665,332.62134,107.190216,0.9493533,263.68958,83.29576,0.8345858,367.36954,78.58494,0.9515343,406.44434,76.333916,0.93180317,450.67047,81.16065,0.82426924,494.4591,83.41642,0.9345303
794,231.61693,89.925735,0.8109883,250.62265,98.01419,0.8257794,246.75279,68.24581,0.83041483,296.01755,81.12176,0.8687335,336.1282,79.40868,0.8441084,328.7389,56.541718,0.7243437,327.41617,106.84249,0.93081146,258.9071,83.63707,0.8443123,361.62286,77.78686,0.98322815,400.9493,75.5889,0.9313137,442.73837,79.25623,0.8206224,486.52747,79.9727,0.9217279
795,226.18198,90.341446,0.8401559,248.07487,99.81716,0.8320864,243.7974,71.04754,0.8071045,291.58823,81.66408,0.94011956,329.83743,79.89871,0.8816471,324.5206,56.739227,0.77709454,322.92108,107.184006,0.87137973,253.96425,85.16751,0.8675877,356.7499,78.372475,0.96969104,396.1524,76.965385,0.92922264,438.67337,80.36188,0.82851446,480.65115,78.03222,0.9377892
796,223.8715,95.12859,0.82246137,244.60973,102.81472,0.856312,239.03952,74.73396,0.754471,286.19302,82.4122,0.9572791,324.27563,80.69705,0.8927173,318.5988,57.48536,0.7264423,313.54492,107.74615,0.9654808,249.56445,87.91664,0.8527818,352.0545,81.159,0.97230023,391.94278,75.926865,0.9380776,434.6409,79.867386,0.80642724,476.63348,82.088326,0.9351814
797,217.92264,93.25901,0.68415856,244.60992,102.287315,0.8209228,241.94519,74.45782,0.82649696,287.0128,82.828316,0.96716654,321.23322,80.05729,0.84827435,317.78568,55.547626,0.7934574,311.33533,107.39991,0.79918647,251.81963,87.65805,0.799458,347.54718,83.70007,0.95852166,387.53854,79.27816,0.9908554,427.64468,77.1648,0.8258685,470.78488,76.56562,0.88849676
798,219.25542,100.708435,0.5701159,243.85391,100.60364,0.6463459,242.7995,71.6519,0.7794639,285.94348,82.36459,0.8886372,320.0828,82.01989,0.86996776,316.6648,58.425865,0.7680974,309.2502,107.65896,0.8943835,253.38165,85.760315,0.7508685,345.78372,81.465965,0.96656424,384.75244,75.26998,0.964052,429.16245,76.427826,0.7514945,471.19925,70.82625,0.81226695
799,217.69676,84.233894,0.77893746,245.67006,103.38364,0.70518184,247.1578,76.065575,0.85074323,287.43484,85.0465,0.90130013,319.43115,82.34732,0.8672077,314.20944,58.035522,0.75135297,312.66125,108.704765,0.8151367,255.66307,89.80963,0.7512996,344.71683,84.05035,0.958765,383.37704,80.13677,0.902466,424.9821,80.783356,0.79139525,468.6314,71.36365,0.8405056
800,216.69894,90.26107,0.666473,246.41704,101.46752,0.66458714,241.98918,72.155045,0.7832539,286.39026,85.64538,0.939031,318.9969,84.03937,0.90965337,314.05173,59.23101,0.7398385,311.70395,110.00477,0.8404214,252.60635,86.52841,0.7462597,344.98373,85.47833,0.93227184,384.03485,77.992424,0.95512444,426.9898,76.51098,0.7548193,467.8718,70.228806,0.8949622
801,222.95538,98.34373,0.7182783,245.20964,104.51198,0.73553765,235.19894,73.94949,0.668699,282.11612,85.31427,0.89648056,317.72647,85.03023,0.940514,314.28058,60.54963,0.7354774,309.4666,110.91708,0.8906659,248.53107,89.56588,0.76373345,344.01547,86.7425,0.89570117,382.75247,75.603516,1,424.8631,72.358635,0.7189933,465.42926,65.63385,0.97623086
802,218.09138,92.81582,0.8065017,238.37244,103.96459,0.8428288,235.08752,73.86273,0.7516049,279.59006,86.06945,0.8542387,316.94788,84.84577,0.95033836,311.0234,60.15107,0.779684,310.13803,111.84466,0.8865336,244.21216,88.796234,0.8702942,344.40094,85.37454,0.93713313,382.9041,75.87805,1,422.80048,66.62887,0.7203825,463.6336,55.535027,0.14074378
803,217.53622,94.99076,0.8087077,235.87457,104.33411,0.87990695,233.20212,72.53774,0.8274739,278.93433,86.135124,0.87718916,316.95865,84.4793,0.9387987,310.56277,60.041733,0.79284567,310.3551,110.980125,0.8990598,243.29439,88.45386,0.88455015,344.2955,84.165,0.9377884,383.16168,73.759895,1,422.224,65.138565,0.67478096,457.81482,53.764942,0.17922501
804,214.64816,96.81618,0.8836831,233.43216,106.004486,0.83831286,228.14572,74.75255,0.82028353,277.09198,86.81276,0.8730244,316.44278,84.11076,0.9366244,308.98996,60.768322,0.8061362,309.7488,110.49291,0.9077869,238.60158,89.959595,0.79863214,344.39197,82.27413,0.9392157,381.79852,72.84162,0.92772126,421.39563,65.4512,0.7070845,457.23993,53.65314,0.17189746
805,212.34538,95.671394,0.88421863,228.23743,105.677826,0.86071783,226.19922,73.90803,0.8406813,274.22827,87.537834,0.845832,314.48196,83.74442,0.9602302,307.32657,60.613327,0.8138984,307.97488,110.07453,0.9304979,235.7039,90.04993,0.82547295,341.9616,81.543686,0.97932094,379.06207,71.611015,0.8729882,420.29984,66.065,0.7049081,458.37225,56.46559,0.32463124
806,210.51863,95.09755,0.946006,225.28758,105.48184,0.8548274,225.17381,74.30532,0.841402,271.17206,87.88679,0.8219389,310.02933,84.08332,0.9524182,300.89365,60.27534,0.7188682,303.88406,109.69124,0.910844,234.17046,90.48275,0.84489405,336.60382,81.589584,0.92682034,374.2332,71.648636,0.87362087,416.66522,67.75267,0.7626781,459.74475,57.91577,0.6749224
807,207.51393,93.226555,0.87230045,222.12292,104.31171,0.8836722,222.50464,73.180145,0.8177057,267.61578,87.42395,0.8329283,306.7058,84.16515,0.95947963,297.5141,60.238396,0.7443463,300.13388,109.68239,0.9172758,231.2008,89.46031,0.9008305,333.12924,80.69392,0.92795175,370.53308,72.27635,0.9065497,414.49908,69.24404,0.79718804,459.51636,61.29774,0.90039027
808,204.93135,92.868706,0.80567986,216.61243,104.28966,0.9099471,218.49432,71.53056,0.86794937,263.19687,86.70318,0.8590001,302.2371,84.09704,0.8759962,292.70267,61.196125,0.7907259,296.1737,108.8929,0.86980754,226.81789,89.18783,0.8931961,328.79764,81.23217,0.8694581,366.9566,74.47352,0.9460042,411.9927,71.8359,0.77748454,456.09735,66.383095,0.972358
809,201.40451,92.92379,0.7979253,214.63484,102.92124,0.87002033,215.37299,71.92657,0.83575165,260.74377,86.151665,0.9372224,297.5224,83.73607,0.89631885,287.8696,61.184204,0.7165479,293.518,107.08317,0.84525406,223.74123,88.350945,0.788569,323.2221,81.76762,0.91565806,362.04922,75.24973,0.8798133,409.24963,74.09741,0.726195,452.44916,67.80596,0.9866011
810,197.4552,94.86416,0.8731873,212.52182,102.86448,0.81995285,210.25839,71.77577,0.81348675,256.42358,85.76571,0.9252605,292.8829,84.156296,0.95902437,283.74222,58.791656,0.69086903,287.112,108.91398,0.88096446,221.03879,87.864044,0.8173436,319.71344,81.92144,0.9169081,356.83414,76.69142,0.93884957,403.3071,77.598946,0.7163244,448.80887,69.97964,0.9163822
811,194.30383,92.86268,0.9085498,209.12663,101.88986,0.8257626,209.07867,70.80163,0.8065937,253.50711,86.001945,0.96656483,289.1333,84.04227,0.9317371,281.0362,59.059055,0.71161044,281.92435,110.50118,0.9545538,218.42322,86.76606,0.8780754,316.33743,82.001175,0.94098896,355.23904,77.92948,0.9574041,403.71286,81.53257,0.7649658,447.97302,74.51351,0.8928636
812,191.79591,91.80063,0.8600509,205.88945,101.314964,0.9042423,203.90933,70.4248,0.80225295,249.72514,85.406975,0.96063143,287.23856,84.247765,0.8756143,281.76907,59.831,0.738175,279.23416,110.292854,0.9173222,215.11029,86.71112,0.84443223,314.7766,83.4628,0.9584283,353.94208,79.29532,0.9384404,399.75,84.052536,0.765833,444.7758,81.44129,0.94393814
813,190.04622,92.36458,0.822304,203.33337,101.48519,0.9530168,203.30399,69.84774,0.8160831,248.06107,84.630295,0.94594574,284.93466,84.26246,0.9351683,281.12607,59.799633,0.7366062,277.43054,110.369675,0.8894415,213.09004,86.3701,0.869529,312.80106,86.83177,0.901488,352.485,82.229996,0.90199274,396.91263,86.58861,0.7442754,443.0794,83.86528,0.9711772
814,188.42368,90.64246,0.8284986,201.9737,101.0608,0.9186936,202.64708,68.94516,0.83064,247.0285,84.5421,0.9543123,284.1235,84.80448,0.9438358,281.33914,59.833794,0.7458876,275.01953,110.98736,0.8706082,211.87387,85.75048,0.88068825,312.51144,89.75936,0.921,353.10376,85.87619,0.8723137,396.66156,90.85764,0.7565532,439.30386,88.920166,0.8135291
815,184.01398,89.84317,0.80781287,200.16685,100.7379,0.8723688,199.83234,68.80164,0.8299735,245.46619,84.87795,0.96395034,283.14746,85.876305,0.94433516,280.86737,59.42647,0.77705944,272.91278,111.756935,0.8475478,209.99466,85.77758,0.8468632,312.1061,91.07318,0.9446242,354.40958,89.265526,0.9362681,397.5909,97.73285,0.80729485,439.12173,97.19938,0.84682316
816,181.27904,90.58646,0.91173315,197.56587,100.616455,0.91448385,197.58437,69.43292,0.85853344,242.5296,85.79035,0.93320954,281.2824,86.702255,0.92281383,279.19055,61.178165,0.7882511,267.83017,112.804054,0.8704125,207.06685,85.865364,0.87471855,310.33148,92.017265,0.97418785,352.63623,92.59864,0.94401604,394.28418,101.1987,0.90036815,435.97586,100.61999,0.90566975
817,179.87564,90.30585,0.8961544,194.39157,101.31519,0.91641384,196.09236,70.033356,0.8582229,239.51625,87.2622,0.85889167,279.4122,87.98391,0.88835233,276.49374,61.89962,0.87590975,266.4267,113.64172,0.87247163,204.5761,86.4417,0.90827805,308.319,93.2519,0.9964102,349.94238,94.719864,0.9415968,391.202,102.28331,0.8816247,433.71823,102.16131,0.9075723
818,177.03317,89.54542,0.86155903,190.68108,103.55987,0.92456746,193.86069,72.132835,0.84482867,238.1597,89.85175,0.8685105,278.044,89.39526,0.91080296,274.9076,63.422535,0.9452944,267.45636,115.36011,0.91646683,200.89212,88.74592,0.840397,305.98102,93.505005,0.981098,347.5535,94.92196,0.91094095,390.0829,102.96125,0.84740055,431.22083,103.04815,0.8702263
819,170.80919,91.990005,0.869149,186.07771,105.27838,0.90687555,189.39133,73.02798,0.8252253,235.03127,91.05868,0.8678696,276.2108,91.055214,0.9557833,272.40555,65.41409,0.94079816,265.5882,116.91627,0.91174877,196.24672,90.46297,0.9042771,303.43518,93.99303,0.9022091,345.19464,94.51464,0.92901766,386.34424,102.363304,0.85108113,427.91208,102.19447,0.9412344
820,165.88522,96.38531,0.97482586,181.14305,105.08392,0.8877341,181.06169,73.70949,0.84395564,230.44072,91.63041,0.839891,272.20157,91.83676,0.89723116,268.64865,67.178,0.91123253,262.40253,117.00839,0.9148668,190.25908,90.72356,0.7955068,299.22324,94.59111,0.9723817,340.79535,95.28016,0.99940246,382.74417,102.783455,0.8660426,423.68082,101.000206,0.874511
821,159.19705,95.70737,0.90037733,174.26447,105.30656,0.8117271,176.28629,74.13479,0.8660645,224.67715,91.43613,0.833629,266.5116,92.29738,0.8987311,263.18295,66.25597,0.9556505,257.2286,117.76125,0.89390737,185.3991,91.11074,0.86897177,294.07855,93.457954,0.9657341,335.28485,95.09607,0.9345394,377.41537,103.56858,0.91165656,419.98956,102.61643,0.8981132
822,152.35567,97.27459,0.8491473,170.84026,106.602776,0.7836705,169.16333,74.63677,0.8805322,219.48352,91.28731,0.8523269,260.6272,91.33613,0.9772869,254.87471,65.49305,0.93891317,252.585,117.14084,0.95989513,179.69875,91.06456,0.8928068,287.94916,92.21959,0.8673472,329.52,95.24968,0.858196,373.5477,104.3022,0.85123074,415.7,104.4653,0.86804444
823,149.48396,100.23439,0.99295896,164.01059,106.52009,0.8624502,161.74257,74.17407,0.845584,212.07928,91.002815,0.82416654,254.25522,90.9516,0.8922596,248.33937,66.32725,0.89281785,247.42007,116.38294,0.88325894,171.9441,91.12307,0.84177023,282.42752,90.950676,0.9096142,322.53363,94.12524,0.98142034,367.53082,104.234344,0.8901452,409.14713,106.85931,0.82673806
824,145.53279,102.94389,1,161.21516,108.92745,0.8188527,154.70607,77.04564,0.8971137,205.90094,90.98419,0.8588852,246.76138,90.276505,0.94689137,238.5808,65.354225,0.862147,241.45482,113.64318,0.8347466,168.45358,94.26718,0.8603041,273.40213,89.36789,0.8522235,315.91287,93.05767,0.84333044,359.48477,103.51885,0.91010326,402.25644,104.82753,0.84176165
825,140.454,105.54804,0.8741926,157.59384,111.261665,0.8436025,150.23257,80.717674,0.90956575,199.3197,92.59343,0.9171567,239.21399,88.79536,0.8949059,231.93823,65.22025,0.85443413,233.12148,115.7304,0.888528,163.4693,96.43195,0.83756477,266.6952,87.38025,0.8318309,307.48572,88.104385,0.9004652,351.77106,100.85076,0.8389166,395.5843,102.37917,0.90331054
826,134.96735,107.62089,0.87254584,151.89534,113.279495,0.8521941,144.00902,82.617455,0.898302,193.65591,93.66491,0.93892765,232.58391,89.8657,0.86051923,226.0895,64.78547,0.9381637,227.01845,114.86918,0.8793021,157.10886,98.202354,0.8712579,260.53455,87.86047,0.8740687,301.36246,85.390366,0.84776795,347.7106,94.683,0.77606434,389.88266,97.53681,0.8617982
827,130.69135,109.61378,0.9686173,146.33371,116.44405,0.87895036,139.36142,86.0208,0.8062041,187.87071,95.407005,0.9594559,227.7684,89.85464,0.9483387,220.72755,65.6329,0.8638625,221.0677,116.30984,0.9432187,152.20432,100.459526,0.83849525,256.47382,89.20989,0.88600415,295.979,84.37037,0.8670512,341.06296,88.739,0.8050166,385.45435,86.17111,0.8497319
828,128.87965,110.337906,0.9365233,143.13681,117.66678,0.8902852,136.28993,87.39024,0.78454393,183.86873,95.503044,0.87897587,223.726,90.254456,0.8745569,215.50243,65.96892,0.85801816,216.49709,117.05175,0.8817593,148.52283,102.16247,0.9294977,251.9091,90.67355,0.91454095,291.06442,85.08193,0.88497645,337.16986,87.05766,0.7879586,380.1926,80.25273,0.91631055
829,125.33644,112.84605,0.8502635,138.03671,119.76069,0.94250304,132.35088,87.98038,0.8173377,179.74509,96.74929,0.9653113,218.44344,91.57371,0.8632966,212.43018,66.30704,0.9333557,211.53148,117.20783,0.829137,143.82486,103.22863,0.81160545,246.97919,91.592224,0.89544696,286.70087,86.17024,0.81358534,330.8805,86.365234,0.8489552,374.76804,78.71352,0.9101836
830,120.08406,112.36851,0.8450039,135.10757,120.58733,0.87011486,129.3498,89.72232,0.8198684,176.30342,98.33514,0.9367595,215.04497,92.57084,0.9069538,208.56807,68.28585,0.9243277,208.77756,119.281456,0.78186107,139.75723,104.999664,0.87945336,242.52994,93.14109,0.94080436,281.65186,86.25503,0.86586076,324.95233,85.75375,0.83129555,368.2124,81.09587,0.8833121
831,114.852,113.44946,1,130.28552,122.08705,0.8561347,127.40599,91.32236,0.8472411,174.28564,102.241234,0.91348827,211.92206,95.5926,0.9580776,204.7382,71.127625,0.80388993,204.8175,122.317375,0.86656755,137.11453,107.040146,0.8781623,239.71053,95.33724,0.89983565,278.6661,87.41963,0.8674939,321.01523,86.16333,0.77799004,363.0766,80.934875,0.95934224
832,111.50047,115.57865,1,127.23418,124.08193,0.8245069,121.89099,92.39265,0.89736134,170.63728,104.68747,0.8655335,208.75986,98.54123,0.9125241,200.48657,75.613,0.80844194,201.27908,125.06039,0.91489244,133.67557,109.186714,0.9548985,235.69801,95.84624,0.9294031,275.90515,89.10893,0.9164261,318.35413,87.01972,0.80072063,360.83417,81.605515,0.926309
833,109.7513,116.50352,0.92941093,122.04893,125.62325,0.8382747,118.47457,93.65031,0.8885516,166.67178,105.684975,0.90616596,205.54501,99.56604,0.89643866,199.26714,77.5888,0.8474578,199.11078,126.0075,0.8906594,130.20564,109.45708,0.89738894,232.44542,95.032295,0.9035539,272.51477,89.539635,0.9029971,314.91333,89.115456,0.76794845,357.90106,82.96139,0.95580864
834,105.7931,115.48589,0.89034724,118.98432,124.34978,0.8243095,115.6006,92.55115,0.85865897,163.96945,105.036644,0.91501886,201.96422,98.77818,0.966024,194.53394,77.11277,0.84908134,197.85513,125.61014,0.90157145,126.367195,108.17004,0.79134786,228.94537,93.886856,0.9577925,267.90305,88.60753,0.8948191,310.05374,89.207886,0.73730814,353.24786,85.01385,0.99208766
835,102.12019,113.39208,0.95549923,114.49165,122.002106,0.86940664,113.28192,90.49372,0.8748607,160.74818,104.05861,0.8551434,198.26279,98.057755,0.9397539,189.6797,75.7065,0.78867865,195.07877,124.82739,0.8938032,123.21163,106.79985,0.8413849,225.27277,91.80469,0.91471976,263.58356,85.943054,0.8561445,306.37888,87.3161,0.7647461,349.54538,84.421165,0.9525848
836,98.964485,112.343666,0.94694567,111.20457,120.765236,0.8213434,111.69838,89.232285,0.86990803,157.58449,102.51837,0.92350936,195.42944,96.61237,0.9474706,185.5019,73.51963,0.8304784,191.42006,122.493286,0.88334775,121.43545,106.137665,0.89111483,222.36171,90.08737,0.8758677,260.10263,84.667336,0.8634087,303.04068,86.42159,0.800968,345.63593,82.37137,0.9361907
837,96.76347,112.41095,0.9403568,110.684494,120.912186,0.8403893,106.15793,89.08066,0.837954,153.4617,100.34934,0.90410626,192.66321,94.83893,0.91299963,182.32495,72.16709,0.7972907,187.27885,121.472,0.9184181,117.6422,105.539345,0.947981,219.04971,89.459175,0.90227944,257.14792,83.6054,0.84650105,298.01282,84.10198,0.85047346,340.55963,79.28192,0.925462
838,95.04239,113.21219,0.83984685,106.706856,121.51706,0.85509264,102.29543,89.781166,0.8191242,150.33931,99.07329,0.96953297,188.89139,94.45461,0.91313297,180.33395,70.69403,0.8476914,184.52379,120.87399,0.9108027,113.49498,105.4167,0.8873054,216.84978,90.16484,0.87469476,253.71362,83.50299,0.80427665,295.23074,81.48641,0.8309751,337.1603,77.21048,0.91555345
839,91.10968,112.836586,0.8130958,104.476326,121.504875,0.8816259,99.96241,89.51516,0.8044021,147.33366,99.46089,0.9954634,185.18149,94.45837,0.96307695,177.40671,70.24057,0.8874814,180.92587,119.71313,0.87214863,111.19411,105.83979,0.8011215,212.6538,90.58618,0.9244799,250.22662,82.86334,0.87266934,292.454,80.17012,0.8187584,336.0116,75.22665,0.87742424
840,87.3758,114.996315,0.9374294,101.35903,121.41,0.84484535,95.840034,90.91425,0.82066196,143.9504,99.939316,0.9591417,182.01881,94.94826,0.9342914,173.5819,70.70746,0.83883244,176.85965,120.47994,0.8323511,106.79722,106.12658,0.8847265,209.76183,92.142654,0.8914291,247.94899,82.65201,0.8798891,288.75937,79.3313,0.7997177,333.15918,73.52213,0.90930986
841,84.22783,116.52504,1,97.72322,123.402,0.85220474,92.23733,91.23235,0.83513176,141.09427,101.7385,0.9516392,179.0473,96.04028,0.9255606,171.5876,72.832275,0.8303661,173.41751,122.41262,0.92423004,104.93821,108.10403,0.8845098,206.36475,93.00281,0.8909001,244.86053,84.536285,0.9022706,287.73254,80.498924,0.8144757,330.09924,71.17681,0.9109448
842,82.05209,116.36727,1,95.73103,124.777916,0.82849044,90.03964,93.044014,0.87406105,136.34715,103.64124,0.85655546,175.81772,97.39636,0.85963076,167.80505,74.465004,0.8006639,168.6498,124.02096,0.9506014,101.90583,110.029816,0.9411365,202.68863,94.63629,0.90884244,241.68903,85.81948,0.8781907,284.84415,81.9293,0.85257465,327.5322,72.81698,0.909613
843,80.55254,116.51327,0.966654,92.28063,126.14206,0.84646106,88.525024,94.282295,0.85652226,134.13483,105.32889,0.9130649,171.57124,97.87643,0.92050135,165.95186,75.20801,0.84389263,165.9057,124.57667,0.8604847,99.802765,111.111984,0.9317295,199.82277,95.31607,0.8891266,239.06487,87.14377,0.8185131,280.37732,82.32861,0.846702,323.1908,73.31362,0.9751921
844,77.86153,116.95566,0.8901082,88.594055,128.3347,0.89289445,86.9191,95.16563,0.8700853,131.56943,107.28439,0.9285511,168.49463,98.284836,0.94756174,162.91254,76.68841,0.85774916,163.2617,125.09747,0.8529316,97.28929,112.90158,0.8696509,195.42322,96.479095,0.9369581,234.70825,86.83256,0.86419874,276.74634,81.692474,0.8473213,318.94254,72.55541,0.9394114
845,73.63605,117.832855,0.8221768,87.41745,129.0237,0.9572919,84.32406,96.68947,0.8970449,127.96321,109.25993,0.9042578,164.76044,100.67146,0.93046767,158.63275,78.54155,0.78660995,159.72699,127.95699,0.8541984,94.78761,113.21326,0.90199864,192.4387,97.10433,0.93628865,230.88379,86.26162,0.8420287,272.31314,81.24371,0.79827917,314.60263,70.922806,0.9328517
846,70.59652,118.68025,0.9453595,82.22494,129.06677,0.9390755,82.25789,97.553795,0.91105145,125.89028,111.77043,0.90488374,161.80661,103.31987,0.9340749,154.22955,80.55245,0.85646325,157.7785,130.61446,0.8895544,91.46344,114.43109,0.9450544,189.01509,99.33741,0.9453309,228.11258,88.151985,0.8724642,271.08243,81.888405,0.82787067,312.47702,70.035065,0.9631568
847,68.96501,118.77911,0.9555566,79.53322,129.47147,0.9050365,80.27986,97.70188,0.9037022,124.15955,112.525024,0.9368364,161.21501,104.87992,0.9128867,152.11734,83.688156,0.8479977,157.23827,131.80603,0.9201746,88.912315,114.89794,0.8967273,187.53674,100.07725,0.9325425,225.72281,89.28425,0.896987,269.784,83.46997,0.85597855,310.59735,70.015495,1
848,68.0839,119.04209,0.9245312,75.708916,130.46405,0.94770795,78.42281,97.35275,0.88263553,121.99535,112.81323,0.9294629,159.71436,105.27827,0.8662701,152.07353,84.29191,0.8787548,156.15002,132.05344,0.9287462,87.21043,115.82775,0.9277892,185.58705,99.463356,0.87438685,223.91118,90.704544,0.92794657,266.73334,84.5863,0.8441976,307.93378,73.45047,0.96016216
849,66.69032,120.12433,0.9423528,76.87753,129.95955,0.96023613,77.42769,97.91238,0.8916249,121.280624,112.1582,0.9138552,158.07452,104.65427,0.83464104,150.44833,83.52215,0.8796413,155.62479,131.25682,0.9401226,86.90192,115.63622,0.9289856,184.2829,98.13116,0.8614007,222.78339,90.338684,0.9139267,264.3802,85.72455,0.8065668,305.9377,75.65366,0.93086445
850,63.883316,122.6122,0.8793944,75.69615,131.62305,0.9831567,74.09123,99.96961,0.8240654,119.33009,111.29184,0.86223835,156.02531,103.56367,0.9034768,147.77039,81.212814,0.87580806,154.2407,130.43146,0.9427625,84.57156,116.49456,0.9187511,183.35149,97.278564,0.8853867,221.66296,90.059814,0.8746397,263.9785,85.93839,0.814758,304.7602,75.47235,0.8697647
851,62.872883,126.140335,0.8685828,76.77295,133.0943,0.93889755,70.94977,102.355415,0.77785313,118.19849,111.2437,0.8845172,154.93466,102.28055,0.9376443,145.48878,79.506805,0.8247717,152.56422,128.3904,0.9380893,82.74886,117.75574,0.8776212,182.27924,96.243706,0.8911181,219.97076,89.304276,0.84541005,262.834,85.72722,0.8241883,303.3032,74.75472,0.87267995
852,62.191414,128.25446,0.864556,74.85118,134.20776,0.93829876,68.20598,103.30774,0.7854454,116.290634,110.242096,0.9007019,154.06831,100.56574,0.97179395,143.80942,78.67851,0.77087647,151.76099,125.64324,0.92782456,80.90982,118.693794,0.8317032,180.31519,94.27214,0.93655527,217.93034,87.194046,0.8296606,262.0302,85.57343,0.83963054,302.34018,74.27222,0.8939356
853,60.82315,129.8941,0.8711201,73.90849,134.54813,0.8917093,64.01755,104.9157,0.7942846,113.7802,109.02051,0.9140452,152.39491,98.740814,0.9782072,141.45016,76.82966,0.74409425,150.37361,123.833664,0.8765673,77.72624,118.770355,0.92838347,178.40823,92.14378,0.92960715,215.22284,83.880684,0.8421293,259.09512,83.465126,0.849389,299.45526,71.8224,0.91248596
854,58.414883,131.39798,0.93673027,73.32459,136.11784,0.7592015,61.797924,108.140755,0.7406798,111.65221,108.54913,0.8996583,150.18384,99.01522,0.9385921,138.04222,77.14051,0.7437852,147.90771,123.18594,0.86391574,74.12301,119.82579,0.89567,176.06143,92.023155,0.8445876,213.51192,82.97412,0.87506205,255.47726,78.736626,0.7930012,296.25006,69.92296,0.9632698
855,55.53295,133.95651,0.9331767,71.30126,138.4153,0.75774294,57.984615,111.412384,0.80375266,108.64954,110.23538,0.86431473,147.20732,99.68953,0.9535992,135.48901,78.23166,0.7646313,144.34259,123.49764,0.8437194,72.86754,122.63457,0.91756487,172.9207,91.91275,0.87255585,210.34982,81.69849,0.85764784,252.38661,75.39111,0.8007763,292.6296,66.60189,0.9949995
856,52.96965,136.45636,0.9748018,68.03795,140.66187,0.7864987,55.69821,112.1272,0.86078215,105.007545,111.483215,0.80059284,143.18782,99.68082,0.9019073,133.09047,79.29008,0.7778469,142.48785,124.53649,0.9316796,69.67847,124.894554,0.95693016,169.43372,92.54881,0.8933343,205.21321,80.25411,0.7989003,245.44327,71.352455,0.7996663,287.35046,63.418373,0.8593198
857,50.105434,135.23746,0.96749884,65.094086,141.95488,0.8354148,54.275723,112.188835,0.8607752,101.465675,113.658325,0.8465838,139.38602,101.482086,0.9720599,129.75119,79.88264,0.80812055,138.33325,127.85454,0.9671372,67.04417,126.75254,0.97329664,165.38905,93.98589,0.89920443,201.61955,78.884575,0.8300433,242.3353,67.949265,0.7826863,281.50027,58.439354,0.8777194
858,47.89478,134.10037,0.8425718,58.97935,143.86868,0.86477715,52.010647,112.27,0.79714054,98.68142,115.62684,0.9095264,135.15034,103.41191,0.9269838,127.22369,81.99186,0.7739512,134.87651,128.75603,0.85662216,64.32223,127.656525,0.8663299,161.66162,95.95343,0.8601595,197.59271,79.78884,0.8597633,236.75238,66.65882,0.8561705,275.9272,55.50541,0.7809125
859,44.336567,135.77235,0.9160895,57.87927,144.53612,0.91736805,50.422188,113.605576,0.84259415,96.13504,116.83705,0.9053302,132.31992,104.18488,0.93087345,123.49576,84.36157,0.7352223,130.42937,130.45566,0.8414018,62.486782,127.67236,0.84747326,156.32521,95.614204,0.9215469,193.83885,80.61458,0.8633669,231.33025,66.19884,0.8109531,271.31955,55.383007,0.8024964
860,40.423622,134.4354,0.9072609,55.37274,145.65462,0.9842013,48.46996,115.315155,0.8391765,93.77228,119.5083,0.9028032,128.09235,105.67268,0.8659552,119.87573,86.61776,0.71164906,127.407005,131.76888,0.8464267,59.47568,129.76811,0.88361895,151.64561,96.50951,0.84287447,189.89835,81.71725,0.8524649,228.30754,67.67499,0.82577056,267.59442,55.881554,0.7458189
861,38.33053,136.13213,0.8691269,51.725266,146.02156,0.9170876,45.31013,116.04288,0.84808403,89.132065,121.14859,0.88518435,122.63014,109.405685,0.9356855,114.284546,88.94931,0.788411,120.35105,135.17732,0.80345756,55.780594,130.22153,0.8545482,148.20674,101.54031,0.88435024,185.3321,84.67825,0.83118457,224.65334,69.44662,0.8106075,263.38898,56.361385,0.78379095
862,36.443127,135.7084,0.9151113,48.415176,144.32054,0.90401036,43.66615,115.47962,0.8944656,85.85406,123.25157,0.9096943,120.43173,111.87961,0.9580177,110.97702,91.27432,0.77054614,118.864265,138.04068,0.84155655,53.659714,130.40672,0.92563045,146.3129,105.40249,0.8899406,183.96826,89.58541,0.83243585,223.25394,75.0191,0.8108231,262.013,57.86328,0.84996176
863,34.244324,134.9333,0.91172576,43.410683,145.49216,1,41.936665,115.37408,0.85598415,84.662544,125.75906,0.9574853,119.0509,113.25584,0.93751436,109.926285,94.330124,0.7471733,118.68294,140.31378,0.87055576,51.377323,130.88255,0.94460136,145.04422,105.571396,0.87440515,181.53177,92.38835,0.8362091,224.51976,81.23868,0.8284876,263.5044,65.90963,0.96332765
864,30.696772,134.78452,1,40.634754,145.16394,0.97565717,40.156044,114.647064,0.9282897,83.23905,125.46856,0.9627631,118.28989,114.48391,0.9474854,107.87254,94.009476,0.77182025,117.31929,141.1061,0.8923495,50.035526,130.37514,0.8961327,143.49217,105.546326,0.83870715,180.20929,94.19114,0.82508403,223.62009,84.745895,0.82814366,262.94128,70.763145,0.97414994
865,28.898691,137.11348,0.9994067,41.32168,144.9434,0.90684545,36.702473,114.8598,0.9394365,81.77887,124.77539,0.96334016,116.6899,114.57125,0.96739846,105.59056,93.40941,0.75679123,115.71822,141.11008,0.87237895,48.085804,129.52591,0.85579914,142.466,105.50865,0.8657934,178.87526,96.08408,0.83378285,219.64163,85.833565,0.86124927,259.67233,69.69073,1
866,28.202892,136.08228,1,40.81254,144.09352,0.86046296,36.16081,114.53162,0.9434715,81.53263,123.35136,0.94263446,116.534615,113.3334,0.95377755,104.04045,92.70738,0.7762571,115.93902,139.66028,0.85826874,47.36048,129.07402,0.8579681,142.25546,104.39014,0.8701159,178.25839,95.84358,0.83636636,218.92487,85.79418,0.88799226,257.62582,67.29801,1
867,28.158588,135.33229,1,39.785046,144.08066,0.8037126,35.334385,113.35905,0.9479726,81.10233,120.9758,0.8991356,116.41549,111.43475,0.9770452,103.81645,91.2901,0.7921057,114.34172,136.60963,0.8215694,46.70984,128.20247,0.8377258,141.38284,103.83455,0.84499437,177.09926,93.17572,0.82682174,219.11328,84.638596,0.891313,258.07593,67.73243,1
868,27.965946,134.2892,0.99389845,38.241604,142.55278,0.77759904,34.417625,111.86755,0.91844344,79.673195,118.763115,0.8669056,116.21248,109.678696,1,104.12904,89.00476,0.7954094,113.5038,135.25082,0.83513236,45.97244,126.99679,0.79381216,141.07626,102.40912,0.89905316,176.46194,91.54511,0.8355264,218.68938,83.94474,0.8775396,258.12512,67.33569,1
869,28.306675,134.79582,0.97825825,40.05123,142.70403,0.7622223,33.872047,112.3049,0.90438426,79.27651,117.69021,0.896432,115.57613,108.480515,1,103.76842,87.86774,0.7800148,111.9786,134.21268,0.8376396,45.828754,126.86569,0.79651374,140.44638,101.75866,0.8994058,176.06683,90.52798,0.8518268,217.53366,83.11435,0.8593418,257.23755,66.42034,1
870,27.17389,134.41988,0.9720092,38.155502,142.54886,0.79565114,33.01482,112.4235,0.8928854,78.81534,118.456856,0.90160394,113.96444,108.42068,0.9617574,104.98175,88.2845,0.78090036,111.5871,134.78949,0.88072103,44.51844,126.75902,0.8050307,138.56792,101.42406,0.87607706,174.89267,90.17201,0.87093645,216.47307,82.6384,0.8406336,256.1631,66.11293,0.98182774
871,26.170523,131.92543,0.92710555,34.89382,141.02011,0.84628826,32.50115,111.12698,0.8748848,77.12642,118.39066,0.9306245,112.45877,108.35702,0.9062545,103.832466,87.9604,0.7960103,110.295975,134.78317,0.91807294,42.827003,125.965126,0.7839,137.53696,101.4741,0.854402,174.49191,89.7932,0.86784965,215.7067,82.036674,0.8196879,255.04454,67.359245,0.9954852
872,25.77212,130.15091,0.82918286,32.335957,139.66335,0.85188735,31.518456,109.65352,0.80571157,76.323784,117.641075,0.9696356,110.808754,108.76837,0.9311711,102.786255,87.55561,0.83589894,109.03117,134.71399,0.9555339,42.209084,125.1488,0.83759993,136.21368,102.507965,0.8164702,173.32066,90.37623,0.9092424,213.69458,81.7602,0.81388944,252.47984,67.6904,1
873,25.076828,127.932434,0.7998791,31.489391,138.75986,0.85346854,31.65748,108.90435,0.8014627,75.8626,117.55126,0.965536,110.26303,109.52154,0.9523625,103.34557,87.992325,0.8372087,108.04092,135.0518,0.9464322,41.82549,124.47865,0.8839868,135.20918,103.81965,0.8154543,172.22003,91.769,0.9238273,212.46068,82.97505,0.8493423,251.24545,68.35031,1
874,24.16807,128.54985,0.8213154,32.546154,138.2794,0.8779604,31.985151,108.50709,0.8139564,74.77749,117.80261,0.9825113,109.08491,110.1532,0.9618612,103.277954,88.19475,0.8467087,105.59856,136.22224,0.901834,41.386703,123.913994,0.9181663,134.50885,105.00579,0.8276624,170.90585,93.79393,0.88081396,211.84497,85.49664,0.8725797,250.55658,69.94121,0.98650837
875,22.939041,128.84003,0.8610369,32.364777,138.05353,0.90222335,32.388565,108.1499,0.82817334,73.799706,118.180305,0.98147154,107.962,110.70041,0.9643372,102.73869,88.5767,0.8471174,103.98064,136.76134,0.8386656,40.969677,123.70407,0.93372107,133.49818,106.07073,0.84957135,170.91173,96.018776,0.83715004,211.94598,88.47084,0.8493858,250.35428,74.2437,0.92107403
876,22.904516,127.56041,0.8529299,31.321795,137.5051,0.92393917,32.809494,107.64772,0.82245064,72.96977,118.373375,0.9797106,107.08754,110.848,0.9599748,102.009544,89.1283,0.83817375,103.55368,137.10078,0.8346685,40.795998,123.24187,0.9400358,132.09013,106.213875,0.8583267,169.74648,96.86783,0.843938,210.25409,90.71689,0.76903754,250.21385,78.17273,0.93576556
877,23.367424,127.30623,0.85992205,32.350838,137.29845,0.90769136,32.235725,107.563255,0.82139504,72.34404,118.3354,0.98462355,105.435745,110.65737,0.9304364,100.53133,89.07718,0.85786015,102.12782,136.30956,0.83589387,41.194115,123.02049,0.91608053,129.92833,106.58844,0.8317385,168.61879,97.57637,0.83984673,210.45181,91.74817,0.78258556,250.38126,80.3224,0.93390477
878,23.622452,126.595634,0.8514372,30.847433,137.06477,0.93848926,32.691605,107.26535,0.82936853,71.62924,118.32149,0.9811693,104.15318,110.756134,0.8974513,99.24275,89.31124,0.8650085,100.09555,136.40945,0.83143175,41.48977,122.82493,0.9050863,128.77834,107.195915,0.842844,168.67233,98.070625,0.865046,209.61017,92.9715,0.7763944,250.00493,81.78651,0.9552038
879,23.602022,124.21402,0.84790874,30.62427,135.99956,0.92893535,34.331245,106.63989,0.8527358,71.88777,118.49669,0.9981979,103.515175,111.34227,0.8943878,98.35349,89.53795,0.8746293,99.87675,136.9162,0.8189807,41.88783,122.33589,0.89150023,128.13332,107.62037,0.8403364,168.20378,98.90254,0.88239264,210.09825,94.555534,0.783572,250.6831,82.47918,0.9766568
880,23.140135,122.88053,0.8686582,30.359512,134.5401,0.9274486,35.149937,106.032486,0.85161024,72.44933,118.90086,0.99078983,103.92256,112.29406,0.9126737,98.54653,89.9501,0.8696193,100.77365,138.77888,0.84596264,41.648964,121.18654,0.8647316,129.528,107.707565,0.88943297,168.66107,98.988556,0.86939424,210.87917,96.121735,0.8077688,251.27626,83.68819,1
881,22.778843,122.15517,0.9162115,32.594326,134.36519,0.9633224,35.895397,105.75353,0.84757787,73.944084,118.90433,0.99894106,105.224396,112.84149,0.9518405,98.55744,90.2931,0.8533682,102.19166,139.20116,0.86700493,43.069107,120.26141,0.8468783,131.01926,107.69427,0.9074835,168.66037,99.12933,0.847248,212.31548,95.96872,0.84532785,252.54488,84.19847,0.99894726
882,23.106232,122.79316,0.8854143,34.166023,133.66283,0.96184593,36.172493,105.206825,0.8233089,75.66078,118.30139,1,107.00268,112.244514,0.95640606,99.917366,89.80889,0.8432009,104.03229,139.16896,0.8779895,43.956753,119.67603,0.85542506,133.09279,106.41607,0.92702186,170.23784,98.24768,0.8353396,214.34068,95.08548,0.81837887,254.22511,82.93172,0.9391967
883,24.191353,121.89156,0.8665673,36.354874,134.38245,0.95079637,37.422638,105.56562,0.8191796,77.72294,117.611244,0.99599624,109.33584,110.89882,0.93156046,101.990776,89.12142,0.820258,105.00832,138.0487,0.9535084,44.770275,120.53458,0.8164552,134.94484,104.17862,0.8985485,171.82904,97.321,0.8241852,215.41982,94.34282,0.76609254,255.5096,81.038765,0.8660389
884,25.099216,124.13698,0.8713152,39.71484,134.69505,0.85741335,39.19329,106.30537,0.797092,80.665184,117.34827,0.9579661,111.9835,108.65792,0.906977,104.73288,88.4216,0.8175172,110.1244,136.16791,0.986001,47.489582,120.900566,0.80044895,137.17232,102.443,0.85778254,173.6281,94.46757,0.82483596,217.26988,93.55523,0.70479953,257.9864,80.70752,0.8939036
885,30.620497,133.05371,1,46.61909,138.04805,0.7835872,38.36335,109.83043,0.82421243,81.56701,115.70898,0.9635341,114.01625,107.04368,0.9977425,105.3051,86.370125,0.835468,112.74293,133.88216,0.9300896,51.246162,122.7719,0.9059407,139.5848,100.341194,0.9350158,176.23335,93.06552,0.83340347,220.8452,93.12968,0.7063757,260.90927,80.75661,0.93040615
886,36.244423,140.20595,0.9205157,54.521137,141.68774,0.76856935,39.886494,114.42694,0.873262,84.36854,114.714165,0.906567,116.66504,105.75997,0.961556,104.85973,84.78391,0.8049244,114.471306,132.96758,0.8740804,53.27872,125.7644,0.90817547,142.40297,98.828316,0.93682545,178.74829,91.14748,0.86928713,223.05458,93.698044,0.6917796,264.2531,81.52065,0.9070991
887,41.470062,146.15935,0.8806573,61.368298,145.67569,0.7852983,43.666542,116.44194,0.71614474,86.99237,115.178246,0.895311,119.83359,104.341736,0.87476647,106.784584,83.909515,0.7817318,118.30861,131.44519,0.8572831,56.426857,128.65102,0.9019039,145.02846,98.070854,0.93190783,181.57883,89.15662,0.8474439,224.871,92.33704,0.75534314,266.00696,81.777435,0.9263673
888,49.109283,153.032,0.95420784,68.676575,150.11064,0.8353943,46.838963,125.18893,0.6775252,90.44695,116.0861,0.91319907,121.87483,103.60981,0.9008258,107.791534,83.89953,0.7164666,122.88574,130.83806,0.912558,62.241924,133.25136,0.94011676,148.11613,96.85773,0.9514609,184.6497,87.90346,0.77697027,229.77858,91.31632,0.76182944,269.0054,80.98147,0.92336464
889,57.40335,157.49147,0.7881181,77.88703,152.44177,0.7815276,52.970818,130.14287,0.7736297,95.12691,116.381096,0.83536434,124.70578,102.658066,0.90879184,110.48949,84.12237,0.7005067,128.1374,129.21796,0.86851555,68.238976,137.35033,0.89719605,150.64584,96.27992,0.9305062,187.34734,88.31425,0.80233824,231.7651,90.28304,0.71568877,271.5384,80.329796,0.8480749
890,64.60957,165.61526,0.8803411,85.36856,157.02776,0.7855899,58.45322,133.69632,0.75813574,98.59007,118.32601,0.9188428,128.0668,103.763985,0.87647253,111.80667,85.84083,0.7088675,132.29054,128.70992,0.87208056,75.73834,140.94221,0.9927243,153.04343,95.77446,0.8986339,190.11958,87.59958,0.7926505,233.23817,90.33592,0.7189966,274.32462,80.313934,0.8817508
891,73.60681,171.89156,0.73099685,94.33267,159.99724,0.77867514,65.22762,143.8957,0.71841645,103.18706,120.55397,0.85706717,130.96269,103.43265,0.91202766,111.293465,88.32572,0.7814458,136.8149,128.48706,0.84343046,82.42628,146.87955,0.8591172,155.93672,96.202354,0.92062485,191.61516,86.93297,0.77722764,236.39091,89.195305,0.77780503,277.04065,80.25862,0.90891254
892,81.11403,179.64835,0.8477384,101.43749,164.22426,0.80352855,70.07499,149.68683,0.78991073,107.19063,121.77675,0.7989048,133.85466,103.43747,0.9050377,113.38699,90.80618,0.8112636,142.44154,126.95289,0.87930745,88.651794,151.71904,0.8265049,158.49603,96.881065,0.89145756,194.52518,85.88444,0.8321467,239.03682,87.629135,0.79444426,280.36096,81.05419,0.9016237
893,87.05923,183.82153,0.7568935,108.32467,171.54619,0.92480904,75.945145,158.95186,0.68216854,110.827835,128.55312,0.824202,135.53406,105.21783,0.8836564,113.47058,95.090294,0.8150842,147.86852,127.19083,0.8721419,94.58058,158.7374,0.873397,160.27298,97.28362,0.8861484,196.20987,85.0909,0.8287829,239.78908,86.25287,0.7990776,280.59283,79.38421,0.899505
894,91.90719,190.42413,0.8753031,112.674805,174.66734,0.8863124,80.35855,165.90697,0.7508951,114.83318,132.32417,0.9258542,138.31071,107.55411,0.9290637,115.35862,97.399376,0.7948058,152.49895,127.8332,0.8269354,98.749306,163.58078,0.8853643,161.3421,96.980385,0.90911955,196.9542,83.59812,0.8248853,240.5212,83.2547,0.79072213,280.1669,75.148056,0.92210335
895,95.34909,197.29488,0.87986475,117.018875,180.98965,0.8326483,85.16265,173.09373,0.8246315,117.995705,136.73116,0.8393484,140.07242,110.60552,0.91947335,115.95029,101.08611,0.79905146,154.0599,130.23558,0.8580557,103.14389,170.66951,0.8883813,161.73518,97.75245,0.9347121,196.60983,81.719246,0.8259847,238.59937,77.05342,0.76138604,280.84433,70.28323,0.8816514
896,100.90472,204.55927,0.84267926,121.29954,187.609,0.8366252,88.23713,180.49872,0.79762733,120.710175,141.91559,0.8276012,140.97177,113.29921,0.9242191,117.685684,105.87714,0.692654,156.61441,132.6357,0.86478615,106.652145,177.96632,0.86617714,161.86894,99.00099,0.9267006,196.03236,80.5226,0.8488889,239.88005,74.72112,0.741122,281.3115,68.08026,1
897,104.5029,212.02492,0.8457811,124.65478,193.9662,0.86331666,90.7594,188.68042,0.75182825,122.71332,146.53824,0.82845336,142.6716,116.335686,0.9434851,118.79088,109.648895,0.792162,158.57254,135.12186,0.88984925,109.79111,183.51004,0.83376706,161.88527,99.863266,0.92029,195.49538,79.26947,0.841275,238.5956,71.506966,0.7912379,279.30414,65.57752,0.9161098
898,105.39752,217.63625,0.740859,125.96912,201.19627,0.901243,92.607315,192.96294,0.7669138,123.06617,151.80681,0.81736094,142.15689,120.52142,0.87589,117.75202,114.926186,0.8490946,159.0529,136.30019,0.89925855,111.2939,190.11058,0.8181108,160.3586,101.71643,0.9029766,192.81462,78.63946,0.8319775,233.84187,69.03048,0.8385589,275.2924,61.61371,0.93244976
899,107.74583,222.1256,0.8882265,127.87845,206.32948,0.8866043,93.09188,202.14514,0.6942001,123.087585,156.45341,0.7686245,142.30342,125.05844,0.9279822,117.26393,120.817535,0.81266266,159.55508,140.1202,0.9417851,111.35068,195.41281,0.8038243,158.16264,105.44023,0.86423224,188.46765,79.31834,0.8038778,231.07253,67.184166,0.80560344,270.52646,56.475105,0.7713467
900,109.0172,227.9512,0.82836014,129.53647,211.1881,0.84487516,94.06624,208.13773,0.7536194,124.14521,162.47752,0.8171989,141.0398,129.36778,0.917165,116.497475,125.125435,0.891081,160.24759,144.39941,0.9289988,112.82046,201.63972,0.79610175,153.95277,108.77524,0.8839086,183.69981,80.34013,0.7917787,225.86105,66.13914,0.7852664,264.2215,52.623405,0.81238186
901,108.86799,235.32147,0.8483209,129.7266,217.32784,0.85398406,94.959435,211.5184,0.7513713,123.97222,167.56754,0.83232856,139.77974,134.08275,0.9020718,116.06321,131.52359,0.9160821,159.81825,149.14873,0.9351566,113.395775,207.2089,0.76462215,152.0114,112.50783,0.8606608,179.67659,80.40917,0.8358985,224.03975,61.39411,0.72283655,258.61987,49.513992,0.30364078
902,109.772415,239.76694,0.90170336,131.8128,222.79684,0.8897423,96.02026,219.67708,0.79974073,123.55587,174.20064,0.76003206,138.89986,141.28241,0.8735988,114.51488,138.775,0.91535157,159.26657,153.48886,0.8672129,114.48736,213.21512,0.8334993,149.80789,118.242455,0.89495486,172.30914,85.904396,0.8930393,210.23773,62.486984,0.72768253,243.39423,49.469612,0.28774548
903,111.55332,248.86462,0.803013,132.69376,229.64798,0.79729897,97.38318,224.83249,0.8121223,123.855965,182.1171,0.8488914,138.11902,147.41782,0.899927,111.96365,146.72513,0.8965208,159.54915,160.43669,0.79602695,115.87318,221.16899,0.85296184,147.10027,123.99568,0.8888292,167.65916,89.26913,0.86180985,202.65222,64.40001,0.78603655,233.2408,49.018,0.39319375
904,114.127754,253.40636,0.8470324,134.09453,235.22174,0.85746926,97.94144,232.094,0.7582564,124.34611,187.43756,0.78827494,136.70807,154.85535,0.8666784,112.36989,154.21005,0.76785904,159.35345,165.97154,0.82242787,117.05629,225.43202,0.79547495,144.31822,130.01796,0.90698916,161.32164,94.2629,0.7466729,193.6566,68.83939,0.7762409,225.86256,50.440144,0.5604022
905,115.750824,259.7606,0.9115566,135.60779,241.4427,0.8457002,98.80506,238.26979,0.75741273,124.91392,193.89789,0.8033192,136.57043,161.44734,0.8663368,111.71962,160.59421,0.8395648,158.96149,171.49681,0.9197926,117.22453,230.82646,0.75799114,143.58179,136.13135,0.8715763,157.49045,100.19482,0.79398215,192.013,69.85433,0.74010724,224.40144,50.17069,0.5816914
906,117.5526,266.35345,0.85699856,135.05247,247.18956,0.8133413,101.2534,245.29248,0.81282073,125.777534,198.9161,0.7949077,136.93312,166.47148,0.9017944,112.67815,165.72552,0.88479125,158.8362,177.77364,0.8870883,119.96548,237.70908,0.76182616,144.84915,143.15503,0.89052707,156.87236,106.10585,0.9278426,186.1584,74.76884,0.7569852,218.93889,51.40978,0.5465907
907,116.23382,272.42734,0.8733636,135.76118,253.2222,0.8110456,101.86187,250.59459,0.8138604,126.378716,205.19258,0.7301865,138.60066,172.64882,0.90649694,114.23479,170.46312,0.9367593,159.50237,183.33199,0.9199352,119.80064,243.7807,0.7947973,148.4083,149.35242,0.982668,157.51428,112.88299,0.79004455,181.77242,80.13085,0.8429815,209.79431,51.982796,0.57665014
908,117.40655,278.00732,0.903782,136.5867,259.2323,0.8454176,102.398605,254.77716,0.80238247,127.77549,212.08682,0.8412602,140.24014,178.01509,0.9442374,115.147934,175.9967,0.91382015,162.15399,191.58328,0.9339146,121.03218,248.4112,0.80289835,150.59036,154.49432,0.9833542,160.05693,119.7584,0.7697842,181.6692,85.253044,0.768393,204.8713,52.83783,0.39581338
909,119.47476,281.0333,0.76335955,137.93416,264.26047,0.8942419,104.42981,261.42575,0.7815774,129.81523,217.81422,0.8029111,141.42563,183.6431,0.8725968,116.59647,181.43915,0.8966492,163.34969,198.95042,0.96034026,122.11492,254.89847,0.7846568,153.51154,160.06795,0.99031055,161.6942,122.90306,0.86088985,183.26704,87.74873,0.74814045,208.38782,53.374943,0.49211982
910,120.58015,285.54953,0.86818576,139.97707,268.89615,0.886645,104.35219,264.99457,0.72524923,131.92023,222.2678,0.85928667,144.25055,189.74454,0.9518102,119.81467,186.54472,0.80158526,165.8848,202.63728,0.9059774,123.20216,259.51892,0.83486843,156.7533,166.42064,1,165.57527,128.66078,0.8615971,187.09933,91.84368,0.72386634,215.143,57.336086,0.7615362
911,119.80554,293.80713,0.89027333,139.96744,274.9205,0.87977356,106.30374,268.14383,0.6967635,134.19165,227.71677,0.85339975,146.46584,195.48799,0.9716827,122.94899,191.93167,0.7968008,167.80952,208.42761,0.87186927,125.12823,264.38745,0.8055355,158.91328,171.37288,0.9538808,167.93748,134.42986,0.83970314,191.33447,98.03986,0.81312144,222.32008,63.08819,0.8340768
912,118.94412,300.7051,0.7469584,139.41011,282.36322,0.9077853,106.24151,272.05933,0.7285942,136.06758,233.53194,0.8075479,148.39815,199.93385,0.9738129,125.00734,196.24608,0.8188539,170.1997,212.98346,0.9530216,125.34204,270.595,0.8203276,160.10416,175.84625,0.93835795,169.48239,138.44374,0.8986559,194.85966,102.68988,0.7910146,227.04817,67.37598,0.99894184
913,118.562775,307.2351,0.84987503,139.60306,288.7093,0.8639662,105.69059,278.04773,0.73081464,134.63887,238.74416,0.8054087,150.17572,204.10022,0.94688195,126.264824,201.39731,0.8003946,171.66287,218.2227,0.961912,124.88757,277.1396,0.8752209,160.77519,181.73788,0.9587366,171.61176,143.092,0.8524731,197.19675,108.299995,0.8665927,230.18565,72.21942,0.85325545
914,117.77641,311.41553,0.8625359,139.35172,292.13416,0.8682195,105.81896,282.14536,0.6057889,135.6442,245.11821,0.82473844,151.16983,210.85712,0.8951542,126.63963,207.58047,0.8070229,172.65692,223.7689,0.90366286,124.93625,280.83847,0.7922541,160.49214,185.62764,0.9007006,172.55812,147.96808,0.8292305,198.85951,113.65354,0.76867414,231.92793,80.294655,0.86309564
915,116.24128,314.59323,0.82904154,138.1273,298.13837,0.9192399,105.275536,286.78915,0.69236654,135.8864,249.92569,0.819263,150.44232,216.84341,0.8962671,126.10287,213.91702,0.7512186,172.85199,229.08875,0.940047,124.12395,285.8953,0.82647973,159.5541,191.74825,0.9067041,171.78433,154.72241,0.9246587,197.57483,120.931694,0.76302093,232.2989,86.045135,0.88044226
916,115.56604,315.96622,0.852304,136.39221,302.1394,0.8535281,104.034004,291.32053,0.79177713,134.36954,255.46358,0.8174548,149.57826,221.89534,0.9632625,125.19843,219.05487,0.7749876,172.7982,233.97717,0.95932734,122.4629,291.24744,0.910084,158.12599,198.03946,0.952351,169.71945,159.34647,0.87045914,195.62758,125.561806,0.90177405,229.23076,90.51512,0.8986782
917,115.53793,318.81595,0.9103923,135.75908,307.39725,0.88383687,104.82778,297.5189,0.75081795,134.68272,259.49,0.8660263,150.2584,226.99455,0.94782984,125.24572,223.09477,0.7715567,171.99255,239.75826,0.88194776,121.6907,294.83105,0.8716468,156.84746,201.75873,0.97119486,167.46712,164.8565,0.8649979,192.23946,129.0826,0.84316987,224.56009,93.63228,0.8605014
918,115.28589,324.34943,0.941923,135.54326,311.9846,0.9019474,103.65726,301.982,0.74206907,133.81279,263.4233,0.87982017,149.01756,231.42833,0.9776149,124.57507,228.58594,0.7756931,170.72945,243.63298,0.8569031,122.69048,299.69858,0.8946908,156.1965,207.10281,0.9867915,165.07425,167.98143,0.8820376,189.00294,131.96652,0.8075449,220.34056,95.66859,0.84214467
919,116.52292,327.2352,0.90195155,136.54634,314.57758,0.9115063,103.5425,307.5043,0.81075716,134.02809,266.58627,0.89421093,149.47198,234.95511,0.96240634,124.88888,232.28474,0.77311105,170.4942,247.25043,0.90829325,122.407425,302.94025,0.8260306,158.44614,212.09079,0.95776117,164.72232,173.38547,0.88284796,183.9036,134.86186,0.7437697,214.41019,96.42296,0.8420591
920,115.50737,328.6217,0.8112178,135.23521,317.90555,0.8819731,102.802795,311.52017,0.7630263,133.48598,271.64215,0.85243917,150.96812,240.57814,0.8672055,125.26339,235.76077,0.80127394,171.02777,253.97537,0.9303048,120.85149,306.52914,0.8468044,160.58578,215.86667,0.86445814,167.57384,177.38812,0.89103955,181.77495,137.48601,0.83921033,207.64188,97.46514,0.8149232
921,113.11671,329.7209,0.84420335,133.84277,320.91705,0.88648945,102.336174,312.73065,0.7824196,134.49117,274.94565,0.88620293,151.2089,244.57729,0.9357904,126.81416,239.47429,0.81123,171.41325,259.10617,0.96291816,120.32057,308.16544,0.8386206,163.69302,221.52269,0.9826314,169.38011,183.62746,0.9348814,182.68243,143.32643,0.81112844,201.11041,100.35348,0.8474966
922,111.12306,331.0898,0.812822,132.5624,325.3014,0.86621505,100.77296,316.99445,0.7516153,134.46556,279.3539,0.8597697,153.53691,248.18001,0.91884565,129.24965,242.58006,0.8111794,172.52637,265.63217,0.9465203,118.428505,313.1136,0.88657135,167.26338,225.74779,0.9232219,173.94868,186.61932,0.8991918,186.44255,148.42413,0.7060261,203.15521,105.550934,0.83887076
923,111.99847,336.81308,0.8015851,132.04262,328.31177,0.8899439,100.29964,319.69138,0.75063133,136.05585,282.22668,0.820648,156.15182,253.20091,0.92142695,132.14125,245.77605,0.83070266,173.53258,271.851,0.8743434,118.63881,316.33945,0.90451646,172.03333,232.13048,0.95567566,179.93904,193.27557,0.88193846,192.28194,155.19609,0.8181127,211.60808,113.41758,0.84362435
924,113.091606,339.90063,0.8714119,132.09459,332.18332,0.9680292,100.71117,323.8526,0.77166194,136.55096,285.69965,0.76175904,157.79437,257.18796,0.9868079,134.2503,248.76228,0.76642895,174.11792,278.11053,0.8978173,119.207016,318.7811,0.83734536,175.09422,237.8805,0.9347648,186.97289,199.65329,0.8828642,202.1923,163.99342,0.7583079,222.82907,124.33075,0.8869221
925,114.674644,342.53137,0.85004795,133.3071,334.31088,0.9342559,101.64528,326.33954,0.7593419,137.36694,289.24646,0.8108779,159.35703,260.8092,0.9633768,135.98761,251.98723,0.7948324,175.38246,281.20078,0.80581665,119.69336,322.38974,0.87776995,177.48674,242.91136,0.9050519,192.3502,206.40608,0.815175,211.99892,171.09225,0.88121325,235.94722,133.47006,0.93499213
926,116.1242,347.03412,0.8321042,135.2681,336.39114,0.82991487,101.877975,328.25156,0.75909406,137.8445,291.98392,0.86302996,160.08958,265.53735,0.8944889,137.88368,255.95418,0.81538075,175.582,286.50204,0.841724,120.749214,325.27374,0.8374963,178.53409,248.27565,0.9107825,198.27435,212.68222,0.8527812,220.36963,179.80974,0.8079212,247.66429,142.76242,0.87873673
927,123.06299,354.14236,0.75176454,139.90286,341.02185,0.77564585,104.740776,334.1369,0.7099005,139.10448,294.37564,0.82700765,161.18744,269.71948,0.91729903,139.73872,258.56796,0.75105333,176.16753,291.4126,0.95204306,124.45423,329.6904,0.77989995,180.96193,252.73761,0.93364894,204.11356,219.24068,0.86571294,228.05008,186.38158,0.8441302,255.62791,150.43709,0.9001584
928,128.39351,358.80502,0.8073896,144.48781,342.46188,0.7693555,109.49872,340.24988,0.737427,141.09126,296.71524,0.74232596,162.30035,273.59174,0.9653025,140.05917,262.31125,0.7930585,177.78867,294.80594,1,128.41972,334.55914,0.75170535,181.44011,256.4496,0.87350583,208.79819,223.92625,0.7772783,235.56215,193.05411,0.7596174,262.50983,158.0433,0.90987885
929,133.77727,361.97586,0.7600688,150.19232,346.42166,0.7318034,112.88847,344.59244,0.7109178,142.85371,300.61838,0.77353585,162.42339,275.1598,0.9819792,138.46336,266.84018,0.7626354,179.51413,295.59924,1,132.35431,336.7099,0.71885645,181.76486,257.60785,0.9120576,210.77814,225.72359,0.85243565,240.34906,197.0179,0.8598135,268.69934,164.84406,0.9453487
930,136.3147,363.48938,0.8003482,153.59442,349.16202,0.7974536,117.0697,347.14087,0.77414453,145.66176,304.95374,0.8725916,163.93018,276.97144,0.9493284,138.19879,271.01886,0.87219656,182.33324,295.3862,0.9589526,135.24564,339.02963,0.76094973,181.92645,257.43655,0.9120088,211.14223,226.13135,0.89388424,244.01184,200.11748,0.83510345,274.1039,169.07751,0.8827797
931,140.81381,364.5493,0.86969775,157.03476,350.7838,0.8571489,121.82843,350.3081,0.7299434,148.34663,307.4476,0.92418146,165.64542,278.38678,0.9071041,138.92021,274.4872,0.8616939,184.16083,294.41913,0.9330504,139.99995,341.17075,0.7520442,182.00029,256.89288,0.8938961,209.81644,224.84578,0.8607346,243.49016,199.77849,0.83915824,274.4168,170.075,0.8908087
932,146.10533,366.11258,0.8547505,161.80833,351.0763,0.8525236,125.89462,352.46176,0.7669771,150.06902,308.34067,0.8758534,166.81848,278.60553,0.88334686,140.67427,275.8593,0.8539272,186.40852,294.02878,0.97785825,144.1711,343.1483,0.77796495,182.15558,257.0664,0.86219066,208.20407,223.01851,0.783529,241.40594,195.95633,0.8606028,271.44528,166.11945,0.9313589
933,149.58218,368.0209,0.78094494,165.53064,354.28625,0.8171561,129.20862,355.83035,0.7985532,151.72307,309.73508,0.8416201,167.97194,278.79605,0.88727015,141.61977,276.928,0.82879084,188.73427,293.91937,0.96739787,147.41333,345.34872,0.8058011,182.14449,256.65186,0.8938118,205.88196,223.26399,0.820668,236.2841,193.83371,0.8136099,266.44516,163.01079,0.96139467
934,154.44226,369.89844,0.7396139,169.69322,355.43155,0.76217216,133.0196,358.66095,0.80656844,153.65273,312.06024,0.7975764,167.99983,279.9403,0.86057574,141.75575,279.29385,0.76745707,189.8303,293.87714,0.9030145,150.53526,347.499,0.8040811,181.08202,257.01123,0.90037256,202.90254,221.29318,0.90917116,231.24475,190.80367,0.82679963,262.1825,160.0188,0.931393
935,158.15953,374.37976,0.7120153,172.01631,357.74597,0.8234554,136.40385,361.86835,0.86460835,155.48375,312.34555,0.82211125,169.13777,281.5413,0.8303559,142.67012,280.9005,0.7315116,190.25117,293.74377,0.8168378,154.05191,349.47308,0.73541653,180.46521,257.177,0.9248525,198.40955,221.93367,0.8628309,224.53465,189.426,0.8809418,254.84053,156.58282,0.94209445
936,162.46994,379.42972,0.8776518,176.84383,360.42346,0.8169464,140.02121,367.20657,0.80511737,157.23503,316.24744,0.76047754,169.57947,283.99133,0.8437571,143.19218,283.544,0.76599455,190.97238,297.0937,0.75422406,157.69818,353.9287,0.72858566,181.1471,259.43338,0.9516999,196.19186,222.14565,0.84659153,221.1939,186.97041,0.80975956,247.71971,152.1296,0.8762166
937,164.71388,383.21686,0.9118276,179.8113,365.8801,0.75854534,142.7903,369.47168,0.85224825,160.4652,319.4416,0.7749189,171.2466,285.81387,0.892533,145.4499,283.75513,0.833416,192.47011,298.3564,0.74411106,160.3173,358.21564,0.75548744,181.94461,261.78323,0.9613645,195.755,222.64734,0.8422936,217.77957,188.21191,0.7713241,243.8371,151.8777,0.92433286
938,167.3515,386.24783,0.7268897,182.08049,370.06412,0.7898971,146.51457,375.3096,0.79382926,161.14264,324.55075,0.8116648,172.44003,290.15042,0.90490395,145.95134,289.3623,0.8225151,195.47375,302.69034,0.731887,163.77557,362.09537,0.7482803,182.89526,265.25873,0.9391832,195.01266,225.79742,0.88551956,216.52264,189.99829,0.8143142,241.03723,154.38809,0.9246371
939,170.29668,389.5042,0.70639753,184.99632,373.4113,0.7804633,149.01697,376.82156,0.8515463,164.41672,328.7136,0.8051735,173.86679,293.47372,0.9031597,148.44504,294.2376,0.9398107,198.18958,305.5141,0.8021953,166.51265,365.41412,0.7797049,183.22969,268.79547,0.9753921,194.42236,230.01009,0.8605855,214.5976,192.50262,0.7994492,238.06464,155.60675,0.9260452
940,169.90178,393.71548,0.8227977,187.2297,377.94034,0.78705287,150.39783,381.5319,0.78899205,166.63466,332.63962,0.84122694,176.98125,298.09613,0.89941376,150.422,297.84616,0.81049526,200.09937,307.93002,0.8101464,167.59612,369.95215,0.7564994,185.0552,272.315,0.9571512,194.77519,233.21573,0.8591202,212.49875,196.30412,0.8197044,235.43864,157.82184,0.9131451
941,171.90019,397.9265,0.9021822,188.5787,382.82318,0.75806177,152.72984,387.90552,0.8341446,169.80281,335.4678,0.8193771,178.36462,301.4656,0.9801211,154.83916,299.35114,0.8629115,202.64412,310.5588,0.88736457,170.82819,374.3194,0.8137849,186.96991,277.2379,0.9978373,195.14293,238.44974,0.8517535,211.92786,199.80104,0.8021727,234.00523,159.56363,0.851805
942,173.50359,400.50507,0.7876385,189.23894,387.30606,0.8143092,153.93184,390.8251,0.85205096,172.27501,340.7915,0.8378144,181.07321,305.94638,0.9127893,155.59659,304.2453,0.846533,203.83684,316.8545,0.87672657,171.3735,378.05066,0.8323211,190.69688,280.63202,0.9104804,197.4495,241.09813,0.90077066,212.52818,203.07079,0.88652563,234.10454,163.23143,0.9237963
943,175.66972,405.15918,0.70158696,191.80121,390.25177,0.79981947,155.46869,394.0183,0.8289601,175.438,343.97034,0.7750399,182.79898,310.34796,0.92000014,157.945,310.44,0.79150134,206.50491,321.3818,0.8421594,174.33975,382.27106,0.7464187,192.26537,285.8939,0.89519876,200.08467,247.32703,0.8811005,214.62752,208.94287,0.81012094,234.78339,168.75888,0.86553854
944,175.78809,410.10928,0.85759383,194.61293,395.37735,0.9022394,158.73756,398.2288,0.7364178,178.00533,350.8886,0.79800797,185.0969,313.79593,0.8568577,160.77966,314.02747,0.725406,208.63737,327.09656,0.90490025,176.03497,386.32755,0.8202115,195.32083,290.2856,0.8821891,202.95561,251.23224,0.96253484,218.0267,213.07133,0.7559021,238.00745,173.05917,0.92508143
945,177.84158,412.3456,0.8589932,195.94539,399.96576,0.87047875,160.08792,398.99063,0.8342399,180.8953,354.4683,0.84611,188.04085,318.84253,0.83004826,164.21971,318.0666,0.72432196,213.0957,328.6843,0.867458,177.92485,391.968,0.87538654,199.59479,294.1267,0.8664557,206.84276,254.80632,0.83314955,221.48904,216.25966,0.7530321,240.9075,177.73216,0.8988516
946,179.8137,415.75662,0.81301355,196.6656,404.45932,0.878141,161.59789,403.53116,0.84583944,184.00827,359.15707,0.8347374,192.56529,325.4881,0.82057816,169.07501,319.00375,0.48353577,216.48857,336.9456,0.808373,179.72324,396.85974,0.89202106,203.6558,299.763,0.7846839,209.70227,261.23093,0.8479172,223.96516,222.42064,0.85525113,242.65144,181.50809,0.9318289
947,180.08942,417.85623,0.72690433,197.95259,406.67087,0.8390002,163.36914,406.42737,0.8077678,186.77914,361.25272,0.8001712,196.37549,329.4213,0.84896535,172.15639,326.46878,0.46984813,219.60863,342.1128,0.8553347,181.44978,398.92056,0.824556,208.42778,305.82965,0.7114477,213.81496,267.1972,0.9143661,228.86674,226.51038,0.8367578,246.69751,184.5215,0.8833845
948,179.20535,419.9553,0.75457436,198.04756,410.39996,0.9042723,164.76913,407.1304,0.79140323,190.4142,364.85086,0.7588976,199.41872,333.98242,0.87253135,175.34354,332.48117,0.657833,223.83498,346.4556,0.8969737,182.66591,399.76633,0.80906796,213.0074,310.62128,0.93653065,220.90746,271.4267,0.85573375,234.21246,231.45003,0.711634,251.44437,189.64577,0.88205695
949,182.31187,424.06204,0.74546885,200.39104,413.95096,0.8449865,165.94435,411.13373,0.819856,191.75012,370.17764,0.84464353,204.13107,337.30496,0.90700424,177.60869,334.57745,0.90020245,227.5781,349.9256,0.9395011,185.36008,404.02698,0.8250239,217.6807,312.25592,0.9936341,227.33362,272.6355,0.87915814,242.41786,234.363,0.8769668,260.7879,193.8964,0.8872044
950,186.08398,427.79803,0.844221,203.21397,416.5728,0.7985925,167.60391,413.85794,0.8449864,193.9636,372.4503,0.89298534,208.80273,339.31732,0.90764505,181.85846,336.8636,0.9336512,230.85573,353.2641,0.93131876,186.96748,405.8855,0.8174736,221.07346,314.51526,0.9912673,234.25981,276.5645,0.84790456,249.04965,235.7554,0.82398283,264.50394,196.52126,0.87315845
951,189.77419,430.41632,0.8804958,206.78575,417.69873,0.8189576,171.12543,417.01425,0.8427424,196.27655,374.7824,0.89171994,211.02347,340.9632,0.94840074,184.13893,339.5792,0.91377765,232.4152,353.7715,0.93497384,190.22073,409.59283,0.8315033,224.28008,315.908,0.94929564,237.14575,277.79416,0.82179534,252.51802,236.64893,0.78038627,267.90286,197.06392,0.9347056
952,193.2528,433.8628,0.771339,211.0649,420.15613,0.8372113,174.7041,419.75485,0.7814043,198.49678,374.4731,0.8359953,213.0174,340.6515,0.9467982,186.68501,337.69577,0.87891394,234.52222,353.97342,0.9677696,193.24762,411.89203,0.8337041,225.87758,316.85587,0.9659888,239.05031,278.41602,0.7748132,255.19409,237.84904,0.8559359,271.56476,197.66855,0.91382474
953,200.7068,436.31378,0.7588314,215.32841,421.9687,0.84274083,179.49615,421.85382,0.86391205,202.51558,374.34354,0.83849704,215.18935,340.47766,0.9052529,189.03362,337.71494,0.83186525,237.2549,354.19357,0.96349347,198.08809,412.82626,0.8330921,227.23747,317.16092,0.98544973,240.811,280.1725,0.78539234,257.32578,240.14035,0.88082933,273.97842,198.86284,0.91728723
954,205.51767,439.928,0.8423218,221.22462,424.76724,0.8576859,183.89474,427.3767,0.858978,205.40802,374.40912,0.799247,216.43039,342.43762,0.8938357,190.61902,339.5015,0.8049734,239.17828,354.97095,0.9383418,203.05107,415.65598,0.7543019,228.1309,318.34854,0.9781228,241.17216,281.1258,0.7736508,258.7389,240.97879,0.85820323,276.37625,199.95721,0.9299087
955,211.06287,443.1189,0.9689812,227.09874,428.21585,0.87485355,189.63687,431.21783,0.86155844,208.73703,380.41568,0.8226447,217.7088,345.12994,0.86953324,192.15776,342.62866,0.77496785,241.24661,357.68542,0.937561,207.61127,419.2023,0.81614625,229.01881,320.73233,0.94709855,240.40254,281.7286,0.8224678,256.91937,244.33524,0.86603993,274.24548,204.18587,0.9593672
956,214.90154,446.61444,0.929384,229.711,432.5892,0.85374784,192.70505,434.13885,0.912937,211.34575,384.8191,0.8612563,220.59273,349.90863,0.848304,196.08035,346.9293,0.70493025,245.16054,359.80707,0.9205601,211.23886,424.53433,0.79875195,230.938,323.46906,0.9163117,240.28838,284.25873,0.83349806,254.45833,245.79889,0.8326337,270.6065,204.90404,0.9047654
957,218.32327,448.7083,0.9062939,233.97784,434.5597,0.8362462,198.04861,438.8519,0.89660376,214.01614,390.68018,0.84092814,223.71538,353.89865,0.9018137,196.43765,354.19672,0.88392544,248.87396,365.19022,0.8780208,214.92938,426.87048,0.7931313,232.08257,328.80377,0.9466926,239.97162,288.13593,0.80131525,252.15907,247.86111,0.7530571,266.5227,207.79324,0.8418775
958,221.36673,452.82056,0.92584527,235.94559,438.87616,0.86070776,199.53267,441.7813,0.9498348,218.29303,394.36603,0.78193116,226.51512,360.61282,0.87144834,198.53252,364.4632,0.8918209,250.57362,368.79044,0.86079025,218.49863,430.0314,0.7657942,231.95451,333.49493,0.9634502,239.68217,292.67923,0.8036624,251.90955,250.85724,0.7339998,264.18268,210.66122,0.8678318
959,224.78107,457.5935,0.9644854,240.6659,442.2424,0.8878735,204.04274,447.51593,0.98102623,220.94066,397.8274,0.7286206,227.20393,364.31638,0.9477343,201.65446,366.17596,0.8750311,252.02914,372.11053,0.90541255,221.52701,434.47498,0.8412163,231.98294,336.21823,0.91289085,239.09293,296.8205,0.7963727,251.8381,256.31445,0.72091216,263.00842,213.24269,0.825023
960,226.34358,458.89725,0.90166265,243.3261,447.01947,0.77745897,205.76364,450.70322,0.85697556,223.816,403.18552,0.8060086,227.71461,367.379,1,202.34447,370.44788,0.9503049,252.80717,372.45444,0.90591216,224.0187,438.78055,0.78798723,233.14659,340.21573,0.94439095,239.20996,300.72943,0.857045,250.36305,259.70258,0.74352795,262.54227,217.61565,0.8742899
961,228.8476,461.29688,0.81678736,243.77974,448.9955,0.698366,207.5174,454.0724,0.86567616,224.75197,406.96866,0.80848086,230.05858,371.04077,0.91685253,204.14969,373.22696,0.9306715,254.54521,378.5245,0.8963791,225.28313,441.40546,0.7624806,234.62984,344.1003,0.9410977,238.88304,303.49387,0.79671353,249.67346,262.48587,0.7501183,261.51312,221.33249,0.925038
962,231.72104,462.33273,0.80478543,246.28471,449.92212,0.738837,210.3984,455.284,0.8754061,225.79176,408.36826,0.8415337,232.44814,373.85507,0.8684855,206.3141,376.05057,0.8880401,257.2581,382.6484,0.8799634,228.0531,442.13266,0.77222985,238.31252,347.41647,0.95592725,239.89148,306.53085,0.81527543,249.86346,264.5904,0.72789246,260.49533,224.06766,0.87356824
963,237.00407,463.75848,0.7795671,249.48842,450.73206,0.78277117,213.31584,457.19846,0.9439562,228.50026,408.02194,0.8690539,234.69846,375.09756,0.87140054,208.57904,375.54688,0.84352636,260.10587,384.5343,0.8817898,230.81256,443.75058,0.76194274,241.08731,349.50467,0.89447147,243.39893,309.13907,0.8476778,252.16592,266.4388,0.711314,262.96957,225.0299,0.8455614
964,240.27563,464.71008,0.7519269,252.12901,451.9649,0.81460166,215.86935,457.4917,0.9621901,231.13612,409.0867,0.8410858,237.94942,375.69733,0.861806,211.93924,375.53006,0.8551161,262.41595,386.64655,0.8742441,234.0306,444.46872,0.7423189,245.94334,351.12793,0.98661083,248.29393,311.55426,0.8572319,255.99232,267.8915,0.82824904,267.0405,226.10892,0.8974087
965,242.49924,467.53354,0.80047953,256.166,453.49115,0.8291357,219.33897,456.65204,0.9579666,235.63437,410.4069,0.79795235,241.59209,378.0215,0.90478826,214.66118,377.8481,0.87216693,265.74255,388.3629,0.89983654,237.37248,445.13443,0.8083149,250.47063,352.08017,1,253.91328,311.7525,0.8232756,261.13864,269.8372,0.8218851,271.59332,228.1738,0.8913904
966,250.50699,465.8778,0.67675924,260.50177,452.50323,0.78842074,225.7287,457.6711,1,239.34628,410.32227,0.83039546,244.90121,377.82233,0.9052403,219.94273,378.74695,0.86128515,269.492,388.70016,0.8650585,241.34267,444.9125,0.70728105,253.95895,353.53513,0.9198188,258.21072,312.56635,0.8175399,268.10394,269.982,0.72644514,278.01907,228.4807,0.88458526
967,256.89447,466.70844,0.77809626,267.60065,450.13962,0.8342954,231.05441,458.63367,0.97871494,242.76611,410.0992,0.87601703,248.98573,377.68768,0.83977115,223.60445,377.75458,0.8286423,273.02103,389.94116,0.85314006,246.128,444.6495,0.75584495,259.4036,354.03082,0.89422643,265.5115,313.3995,0.9017826,275.2098,270.17508,0.8561217,286.61035,228.73149,0.92008233
968,262.6775,465.43716,0.8269233,272.33328,449.10306,0.7915313,236.44293,457.34927,1,246.21277,409.94037,0.843596,252.68965,376.84384,0.8669248,226.28355,378.1526,0.90690154,277.0052,388.13916,0.8460251,252.94443,443.83078,0.744856,263.78543,352.6956,0.9367024,270.5655,312.59497,0.80211765,281.18668,270.15573,0.73328483,291.09238,228.67017,0.93965757
969,262.85056,464.40152,0.8147862,275.4704,448.70343,0.75076324,240.24944,454.77927,0.95591265,252.4167,408.80048,0.8229517,257.1034,377.63272,0.8828175,229.78654,377.2666,0.84230053,281.63528,387.2074,0.8715992,256.4531,441.97388,0.7121812,266.7141,352.23596,1,272.57013,312.68362,0.76000744,284.09534,270.82587,0.7063301,293.55865,228.57637,0.8866355
970,264.81018,463.86923,0.8098669,277.7421,449.1909,0.77831036,242.55696,454.56195,0.90558815,256.26855,408.192,0.8183811,261.2241,376.27707,0.8747739,234.83409,377.73975,0.8951263,286.10742,386.4232,0.8574733,259.2326,441.77402,0.753888,271.7773,352.5225,0.9363362,275.4821,312.0298,0.83449775,287.13223,270.77597,0.850536,296.76648,228.79834,0.8791356
971,265.25476,460.2645,0.7936453,280.2046,447.96445,0.700806,245.74399,453.5276,0.83353716,259.37903,408.49692,0.8238033,264.50116,375.36163,0.85866505,238.84073,376.00333,0.90547985,289.86377,385.98676,0.8791878,261.21735,441.09335,0.7780249,275.12158,350.9039,0.9628838,280.69705,311.35626,0.8710545,291.63455,269.3076,0.88657016,302.3134,226.79167,0.90062726
972,266.52386,456.39557,0.798155,282.59,445.64563,0.7802772,246.44086,450.55847,0.8758394,262.35126,407.70163,0.8174652,268.24948,374.36542,0.90320474,241.27893,375.08002,0.9189052,293.82614,384.81732,0.87729245,263.03146,439.29572,0.74262977,278.79214,349.68692,1,283.8234,310.72253,0.8389415,296.6006,269.88306,0.79962856,306.36453,227.19495,0.89973867
973,271.81454,454.34512,0.8304523,285.19098,442.5169,0.8767151,248.61662,449.2462,0.8629053,266.55243,405.2698,0.8179389,273.32346,374.457,0.8678046,244.54291,373.73483,0.8999216,297.40768,384.35077,0.8593688,265.00464,436.9836,0.685277,282.46564,349.76166,1,287.89838,309.43097,0.80465454,300.5675,268.56958,0.7504579,311.22354,226.76459,0.8561211
974,281.6845,452.95465,0.75139236,292.2705,441.992,0.83427775,256.19763,449.82715,0.856131,270.02188,402.3586,0.8308531,276.30057,373.3094,0.9274402,250.0918,372.7711,0.9075716,299.94205,382.2417,0.782989,271.34418,433.9436,0.7538223,286.5558,349.48856,1,291.62296,310.00024,0.8606306,304.07007,269.1112,0.8708347,315.24594,226.62355,0.8890382
975,289.46973,454.54892,0.80322015,299.19034,439.12878,0.9097274,263.72232,450.36682,0.85665375,272.50226,403.21616,0.8394445,279.35452,372.9964,0.895147,252.56778,372.91547,0.9470223,303.25995,383.3332,0.79388416,276.58072,434.74194,0.8013257,288.18732,348.13724,0.9340971,295.62634,309.57632,0.8437391,307.6539,269.22336,0.89690924,319.21555,226.65283,0.8731876
976,299.7001,452.59082,0.6981443,307.19763,437.08087,0.88612986,273.35657,452.3479,0.7885166,275.76895,401.98813,0.8545959,281.22043,372.85953,0.89499986,254.74266,374.09628,0.93291134,306.08334,381.4295,0.82389027,284.28012,434.2273,0.75386196,290.96774,348.1252,0.9877673,298.5357,310.0527,0.85442716,311.05783,269.42395,0.8624248,321.41458,227.01091,0.8879341
977,306.12268,452.6231,0.8179122,315.0598,435.46274,0.83392435,281.04242,452.6066,0.7994818,282.18408,402.81882,0.81923974,283.39856,372.49313,0.9186607,256.09998,374.21722,0.87718666,308.58734,379.9093,0.7991595,290.69348,434.28827,0.8128601,293.4809,348.09842,1,300.7651,309.92215,0.84122497,313.6946,268.10486,0.76856077,324.66562,225.94582,0.88388336
978,313.67368,450.1655,0.7206179,321.35205,435.11432,0.7976583,292.56122,453.05945,0.72847456,286.25992,404.14212,0.8883754,286.19064,372.50156,0.92872316,258.5692,376.02167,0.8994362,311.42596,379.21292,0.75627685,297.43896,435.253,0.7078899,295.31024,348.38156,1,302.6877,309.01505,0.7990861,315.98853,268.457,0.73524815,327.5291,226.62776,0.8413469
979,322.44614,450.5393,0.8380626,326.44287,434.5218,0.82170135,297.30902,454.79407,0.7515673,290.23956,404.02292,0.85038143,288.69214,373.1446,0.88449115,261.85007,376.62726,0.77823,314.3524,379.21356,0.6771594,303.72073,434.23856,0.7947413,297.45126,348.62366,1,303.64362,307.92233,0.8109371,317.74957,268.71176,0.8057402,330.05246,226.80084,0.8806274
980,330.09583,449.1892,0.7730228,333.80264,432.66425,0.8138843,307.46762,454.8809,0.71882313,295.67578,404.31363,0.90761507,291.97772,374.05923,0.87776715,267.01654,379.35312,0.72939754,316.89432,377.80478,0.66901547,310.62192,436.71713,0.7490477,300.77158,348.64212,1,305.99228,308.09097,0.8672273,319.61798,267.35995,0.85674894,333.60318,225.73834,0.87501156
981,335.0273,451.75073,0.83183014,338.74094,434.71335,0.92012024,312.46475,457.8305,0.7595922,301.50803,406.40207,0.96513355,294.18387,375.20944,0.86646324,270.24805,380.08035,0.7297265,319.9435,378.9046,0.6650927,316.12305,435.7766,0.75969744,303.70685,349.25397,0.96593654,308.20923,309.2657,0.8623106,320.98117,267.97678,0.8842295,335.42245,225.94325,0.85502803
982,342.7693,451.48538,0.8543978,344.7242,433.57568,0.83281165,320.73807,456.8481,0.69475037,305.59424,407.36133,0.9004576,297.218,375.63074,0.8036963,272.82538,382.19083,0.69452524,323.565,379.3784,0.72826445,323.29797,436.96796,0.791233,304.9626,350.21628,0.85617465,310.472,309.98633,0.8426423,322.74542,268.06522,0.8674177,335.8643,226.4454,0.8672761
983,351.5589,451.41113,0.80317146,350.55853,433.97052,0.83693886,328.43378,460.43094,0.69285864,310.09607,408.063,0.91503,300.56088,377.5772,0.8215576,275.88403,381.9952,0.661007,326.758,380.53772,0.7226177,328.19653,437.95297,0.75886697,307.73038,351.91086,0.90970284,312.88605,311.6828,0.92818874,324.148,270.2529,0.87871176,336.47217,227.80057,0.88834023
984,357.84195,453.2836,0.8653117,355.95636,435.49808,0.8873235,335.01587,459.29358,0.7165829,317.89655,410.2164,0.88432413,302.6449,380.0331,0.79012054,279.03104,385.7001,0.62481743,330.42175,382.6677,0.68989193,335.05594,438.18344,0.8556094,308.07053,352.9999,0.8889773,313.7537,314.572,0.982487,326.60416,272.6767,0.8381644,337.79425,228.93726,0.92982143
985,362.65543,453.6212,0.86657494,362.74774,435.3341,0.7861985,342.21335,461.7217,0.7133619,322.10785,410.96957,0.86856925,305.62546,382.8153,0.6888145,282.2374,386.74228,0.482843,332.28146,384.25015,0.6132218,341.6787,442.199,0.7385435,310.3456,355.86102,0.88137585,313.91364,315.9135,0.96327394,327.7519,272.31088,0.7871775,340.21844,229.45721,0.87488246
986,367.5844,455.29105,0.7613778,367.53867,437.03833,0.8229757,347.56573,463.48874,0.6271333,323.25958,412.91293,0.9123446,308.06027,383.73874,0.67470795,285.24338,386.3244,0.44361886,334.8726,385.90643,0.49937654,346.1539,443.4038,0.67818743,313.21835,357.69467,0.93112475,315.0022,317.77936,0.9201681,328.04373,272.49988,0.7600548,338.9317,229.71646,0.8410965
987,374.06354,455.50592,0.74026483,373.3937,437.43768,0.72375554,354.63013,465.66068,0.63444704,328.08548,414.07822,0.88889337,309.89337,386.62576,0.5984601,290.84937,395.18997,0.38131467,339.92142,387.4637,0.4896482,353.0412,445.50275,0.6808069,314.4604,359.73782,0.84761137,317.5345,319.2181,0.9020903,329.7128,272.86777,0.75112194,334.15262,230.41048,0.776178
988,378.38684,456.39526,0.80406415,379.06705,437.5868,0.76178694,358.67856,465.63745,0.6908749,332.642,414.96744,0.9001485,311.9592,387.07428,0.5378053,296.7665,405.0423,0.37121096,343.33594,387.10632,0.4674993,358.01932,444.69705,0.64679813,316.01965,362.28055,0.8162545,318.50186,321.1771,0.86885804,331.01477,274.64377,0.7713472,330.36243,232.64235,0.69479436
989,381.8693,457.6316,0.6917734,382.53937,440.96948,0.7183077,362.3292,466.0523,0.6778533,336.4632,418.24094,0.95670164,316.75473,389.38724,0.49711362,295.892,401.7496,0.5320087,346.60312,389.64444,0.47415236,362.18518,446.1949,0.65854424,319.06964,363.84967,0.82977283,318.64938,323.52975,0.90545326,329.79398,276.84888,0.77166176,331.42075,234.99364,0.7066835
990,383.455,458.06287,0.6980027,385.56625,440.66217,0.7773745,364.79938,466.38248,0.6705124,341.3298,418.67337,0.9937992,321.39636,391.8944,0.6513443,300.60004,407.92957,0.5795761,349.16434,389.825,0.62249863,365.63086,446.00723,0.6249013,319.9723,365.83182,0.82622534,318.65024,325.20197,0.92475647,327.0909,278.38712,0.80087304,330.61328,236.615,0.7193421
991,388.7093,456.9384,0.70050585,388.71616,440.27057,0.7222468,368.06842,467.687,0.6493132,344.4994,419.0066,0.9674768,322.98828,391.9363,0.69039875,303.24933,408.06894,0.4961407,351.3305,390.5664,0.6304327,368.6597,447.46808,0.6456027,321.17474,368.5187,0.794671,318.7999,326.6908,0.89864963,324.49628,280.3789,0.8579731,330.0918,238.11487,0.75931746
992,393.09943,456.75436,0.7219486,390.99014,439.81644,0.71283233,373.2015,467.551,0.6893095,346.69458,419.81055,0.9327967,324.6073,392.12894,0.65262026,305.66385,409.72754,0.4556996,355.42206,389.98682,0.5966404,372.14948,447.33456,0.6647166,324.04422,368.85934,0.7796686,318.97882,326.82327,0.877353,322.52786,280.25964,0.88781893,326.86084,239.11996,0.8352917
993,394.37262,458.77274,0.74818057,394.75873,439.51843,0.8016266,375.9301,466.49017,0.6886525,349.7871,419.7556,0.9635247,325.90915,392.29474,0.5963823,309.37076,409.5622,0.45182338,358.0416,389.96063,0.59096307,375.0964,446.2888,0.6553471,326.28595,368.22842,0.82494295,320.0933,327.27448,0.85741186,322.32645,281.31104,0.87324923,324.8269,239.84264,0.82525206
994,394.75305,458.83746,0.7421447,396.01776,439.9838,0.80567986,375.90955,465.98932,0.6976153,351.76028,418.97424,0.97905546,326.82016,392.27713,0.56138057,310.67737,409.34506,0.47428784,360.18512,389.78467,0.5978793,375.39365,446.5126,0.6606368,327.5861,368.4683,0.8568629,320.63855,327.48767,0.864069,322.98495,281.4576,0.8778831,325.14807,240.18639,0.8130455
995,392.83038,457.1659,0.70645106,397.00537,442.03104,0.68157965,375.80878,465.62103,0.6670417,353.18155,417.9987,0.9792662,330.88046,392.22565,0.6010065,388.59503,428.55206,0.5600971,361.1815,388.70474,0.5554041,376.22104,446.4833,0.62342703,328.11285,368.22003,0.87202746,320.29984,325.96335,0.89123863,322.2951,280.6588,0.8880183,325.8258,240.10628,0.82515025
996,390.2083,457.081,0.6530235,397.17557,443.55252,0.5634758,374.71182,464.71725,0.64280933,352.86752,417.2848,0.9891249,332.34695,391.03647,0.63226736,389.76218,427.16077,0.67667073,362.17676,387.69553,0.53349376,375.89258,446.23007,0.5582139,329.1455,367.67407,0.8915564,319.80695,324.79926,0.9023597,321.62003,280.74625,0.8431139,321.19797,240.31369,0.8106383
997,385.84027,458.02112,0.609776,394.30643,445.77185,0.49635476,371.64105,463.90933,0.58833367,354.51816,416.0739,0.96151155,333.60278,389.54053,0.6798592,314.95782,408.04773,0.5686112,364.49893,387.71606,0.5551733,374.8084,447.058,0.58892214,330.6202,366.3978,0.9336325,319.99457,324.8255,0.8607623,317.32703,279.02756,0.8114361,315.60254,238.24701,0.8133357
998,382.28647,458.0095,0.5307214,393.45316,448.31503,0.48786843,367.57062,461.81433,0.61522144,355.44147,415.0313,0.90612906,334.27768,387.11868,0.7219227,315.89188,406.0088,0.5748577,365.72186,385.77612,0.58674955,373.5491,447.10165,0.58636904,332.70477,364.08276,0.90486264,320.17575,323.836,0.82398653,316.48975,277.5747,0.83123654,313.62018,237.39297,0.79545313
999,380.12134,459.54767,0.5837786,391.02676,450.4418,0.543751,363.49188,461.2618,0.72744983,356.86163,414.7856,0.86637366,337.92383,387.00592,0.71745116,317.3468,404.10245,0.5544099,368.22202,384.83496,0.642753,371.99677,446.63208,0.5892869,336.3611,361.34756,0.86444044,322.3781,321.85452,0.83289754,317.3597,278.3442,0.8078378,312.877,237.01913,0.7881057
1000,378.83032,459.97626,0.5819632,389.99887,450.7087,0.54541284,361.31458,460.97067,0.7472263,357.78598,415.3404,0.86304927,340.23187,386.87402,0.7300192,320.33115,403.6928,0.5935753,370.5134,384.8482,0.6616767,370.65207,446.65482,0.5857488,337.6025,360.6285,0.83758277,325.90756,320.38065,0.8618894,320.3397,279.1709,0.8398116,313.89587,236.72319,0.7865621
1001,377.92023,460.21445,0.5546187,390.20312,450.92233,0.5210518,360.82486,460.0158,0.7368182,358.53998,414.0956,0.86445063,342.63974,386.60876,0.72317743,321.15323,402.1335,0.6121492,372.47058,384.55878,0.6866558,371.11234,446.6571,0.5625877,340.28003,360.04724,0.8487712,330.61395,321.10736,0.8351248,324.96588,278.87265,0.83877474,317.75372,235.14827,0.7954106
1002,377.46967,460.90857,0.54181564,390.26566,451.73944,0.5207413,360.6243,460.09,0.754477,360.2563,414.42053,0.80074537,345.2208,384.41437,0.7416335,323.10507,401.38605,0.5964049,375.9635,384.96124,0.7113137,371.44476,447.27335,0.5744746,343.11646,359.23877,0.82781726,332.54852,320.50626,0.8757418,329.22476,275.97876,0.7949361,324.86136,233.0395,0.8768551
1003,378.12473,461.63907,0.56495214,391.5049,452.58377,0.5293012,361.24664,460.12106,0.7748872,363.26178,414.70566,0.7254642,348.3067,384.07297,0.7563723,326.25967,402.95667,0.5868161,378.68286,386.8086,0.70946527,372.78726,447.75266,0.5780981,347.32452,357.89496,0.9478979,337.13446,318.04718,0.8648717,333.76486,273.7191,0.7788833,329.59955,233.5221,0.84477276
1004,375.82327,462.63776,0.59827054,392.01245,453.22385,0.567744,360.8024,458.64258,0.7966213,366.62012,415.48636,0.7402009,354.399,385.05545,0.8016122,328.6566,400.99405,0.57832384,381.4802,386.32208,0.76944065,373.29013,447.85422,0.5840615,351.92825,358.03476,0.93645895,341.6474,316.99078,0.9038684,338.96103,275.0463,0.82729536,335.74893,233.61009,0.8797896
1005,373.2575,463.30673,0.6903126,390.51852,455.101,0.63452095,360.3575,457.11203,0.8018813,368.7092,415.8808,0.7732324,356.50125,384.9455,0.777922,331.2136,398.48615,0.5399342,384.9274,384.8245,0.72365296,373.88297,448.0939,0.60544956,354.8485,358.2856,0.8681344,345.8965,319.01105,0.88948476,344.3493,274.04587,0.79414517,341.89978,232.29442,0.8634553
1006,372.08102,462.28473,0.669152,390.18295,455.5389,0.6559679,361.5782,458.19025,0.8029887,370.0259,416.46036,0.8062946,359.44745,384.7269,0.68159014,335.3275,398.97464,0.54093,387.71393,386.58286,0.729403,373.92395,447.98633,0.62705487,358.0811,357.60635,0.85321957,350.41205,317.46402,0.93806916,350.28387,271.6793,0.7464851,347.80356,230.8772,0.87508094
1007,371.00278,464.42505,0.6710301,389.49417,456.2247,0.66118944,360.209,457.50806,0.831563,371.2665,417.47455,0.838097,364.00732,384.28455,0.7025215,336.79843,397.761,0.55802256,391.78748,387.41705,0.757751,373.34912,448.64722,0.68113184,361.52573,356.97986,0.9369191,353.94684,315.99615,0.9316775,353.65485,272.83798,0.8028004,353.4305,230.6887,0.9146298
1008,370.17313,464.72446,0.6723113,388.11243,457.9045,0.6970245,358.92294,456.9862,0.786051,372.8966,418.54028,0.82364154,367.19,384.5736,0.7692098,338.60544,397.56485,0.6022914,393.1974,388.86923,0.7709291,373.0913,449.34457,0.7246702,364.79422,356.65662,0.99127156,359.3717,316.3969,0.89978915,360.22226,272.34863,0.7585688,358.61185,230.11751,0.84117067
1009,368.71133,464.90417,0.7660374,388.07446,459.08182,0.7668027,358.9683,455.90683,0.8462371,374.43646,419.6935,0.81674415,369.5553,384.90424,0.8467353,341.25336,398.34244,0.6287274,394.98022,389.571,0.83798426,373.78015,449.71426,0.75749564,368.39944,357.1604,0.94204724,362.6295,317.84036,0.95249355,365.2603,271.32565,0.7685556,364.5484,230.80463,0.87698805
1010,367.80234,466.40308,0.8660049,388.5163,461.04095,0.8107995,358.8953,456.3626,0.87394327,375.9055,421.0964,0.7789461,371.54163,385.67975,0.85451907,343.46252,397.06607,0.6682911,397.4983,389.74423,0.8539815,374.08917,451.5272,0.7876508,369.99796,357.89697,0.8587298,365.61285,316.7389,0.9598377,369.32614,273.06064,0.82911515,370.15536,230.78717,0.8514706
1011,367.6483,467.70105,0.8922424,388.37967,462.39517,0.8155945,358.8936,456.94507,0.86168206,377.35052,422.73376,0.7202202,373.6783,386.1241,0.7653542,346.21014,396.30408,0.6616779,400.00607,391.54822,0.7727186,374.3297,453.04425,0.7968495,373.75778,358.47556,0.8647315,369.6809,317.3669,0.9049383,373.73654,273.7376,0.83157265,375.17755,231.41408,0.8239716
1012,367.82285,468.3293,0.857623,388.6595,463.10892,0.80250245,359.65936,457.0738,0.85773176,379.90396,422.7307,0.727283,376.97583,387.19867,0.7586444,349.22852,394.73846,0.6765006,403.95676,392.61053,0.83104396,375.22192,453.62192,0.7861818,377.55493,358.61505,0.91278774,374.6561,318.53967,0.85787743,376.7734,275.58868,0.7991324,377.6984,233.83067,0.87664187
1013,367.70853,468.88687,0.8479451,388.73868,464.2171,0.8108453,361.68927,456.81052,0.8809721,382.26596,423.6391,0.7300391,379.53806,387.66318,0.79449004,352.42194,396.26022,0.67323893,406.98172,392.81757,0.7938198,376.58688,454.0321,0.77200645,380.96613,359.46756,0.9324232,377.65958,319.50726,0.8738862,382.6034,275.5936,0.8053742,381.07654,233.85399,0.88573796
1014,367.66278,467.8727,0.8701252,389.0207,464.58615,0.83509195,362.24234,454.43842,0.9376534,384.32977,422.97067,0.7448361,382.11523,387.96893,0.79459685,354.57437,394.0628,0.6907876,409.59274,392.53708,0.7847003,378.04092,453.35803,0.8153742,384.21423,359.2425,0.90146464,380.09937,320.85333,0.915548,384.74982,276.34436,0.8505703,386.10446,233.70624,0.8762812
1015,366.8544,466.6821,0.8287646,389.48865,465.33197,0.8432841,364.049,453.78323,0.9134803,386.11087,423.91296,0.7531041,386.22647,388.4493,0.8518533,357.1979,394.26215,0.72296304,412.05307,393.38995,0.84136224,379.57373,453.79623,0.8029164,386.03876,360.5579,0.86343163,381.84387,320.07733,0.8768804,387.22717,277.01056,0.8958208,389.42108,234.2079,0.8965881
1016,366.7297,465.89578,0.8124907,389.20883,465.95782,0.87289697,364.79843,452.66678,0.888713,387.5566,424.07037,0.76677996,389.18732,389.2929,0.80356675,360.54715,394.37604,0.72696215,415.2074,393.71512,0.7933762,379.9638,453.564,0.81382227,389.57376,360.55862,0.89144987,386.61523,320.0181,0.87381154,389.4793,278.05948,0.87518346,390.04993,235.91106,0.88847446
1017,367.8545,462.96878,0.71691334,389.30374,465.40512,0.8463077,365.61832,451.14856,0.81402594,389.5507,423.71396,0.8116343,391.3081,389.55435,0.79044217,363.69995,392.6596,0.78300375,417.77127,395.10275,0.8303025,381.18326,452.61807,0.8311353,393.3393,361.21317,0.934857,389.30783,320.86783,0.91343635,391.9598,277.86752,0.8156077,392.1869,236.25694,0.8186946
1018,362.91534,458.03537,0.78142124,388.1458,465.10663,0.82185864,369.33734,446.84964,0.733527,392.2237,423.22983,0.80317056,394.67047,388.32455,0.827545,366.79767,391.65295,0.8023351,420.8921,395.10922,0.8590132,382.46616,451.64157,0.80442053,396.8178,360.61972,0.96370715,392.58807,321.48273,0.87901,396.02414,276.38464,0.8224134,393.8197,235.85426,0.8378251
1019,359.2162,453.4016,0.7704557,384.5339,465.17346,0.88108486,370.54703,444.18463,0.73708135,394.8811,422.9393,0.82960546,397.56696,387.6288,0.8299996,369.0223,391.2141,0.7583313,423.37915,394.01465,0.83046985,381.92474,450.4548,0.8610182,399.9633,359.79855,0.9268075,394.89514,321.06494,0.91593415,398.2274,277.25366,0.7930143,396.61682,235.83055,0.85499376
1020,357.76,450.89337,0.81898963,382.6746,464.38345,0.9883593,370.4461,441.5806,0.7031498,397.73126,422.8773,0.8500457,401.28766,387.98895,0.85630494,371.08545,390.6157,0.7946952,426.04288,393.89148,0.83756465,380.5352,448.76816,0.9217455,402.46768,360.6259,0.88208085,398.35507,320.16473,0.86673576,400.9664,277.89722,0.8619026,399.9172,235.64153,0.8505479
1021,356.88486,449.36282,0.8628652,381.552,463.04263,0.9442175,368.07797,439.4615,0.7322683,398.97385,423.02066,0.8927521,404.55106,388.4692,0.8691286,375.90216,390.64722,0.8474777,428.53467,394.53574,0.8802564,379.28738,446.58728,0.91546094,406.56555,360.48874,0.8920807,403.95804,320.7996,0.8979467,406.33865,277.84122,0.8212271,403.94577,235.58841,0.88048613
1022,354.609,445.60864,0.85708743,381.01767,462.2254,0.8973438,368.8918,436.7349,0.85644907,400.7931,422.46222,0.8147943,406.71643,387.6768,0.87270665,378.35297,388.2689,0.8625181,430.27505,393.40247,0.8697301,378.66748,445.7916,0.8751353,409.6475,360.08746,0.92587763,407.4052,319.611,0.8858934,411.65146,275.87106,0.8045828,410.4954,235.4293,0.874767
1023,351.4304,442.57297,0.79009014,377.09183,461.16757,0.92789316,367.3356,435.57135,0.8177976,399.9505,421.867,0.8208907,408.8864,387.39877,0.8542971,381.9893,386.34027,0.86165994,432.3318,394.4964,0.8956463,376.37573,445.48706,0.9099704,412.38943,359.7598,0.9335413,409.74954,319.73923,0.92025226,414.84253,277.1179,0.78790903,415.39792,235.4741,0.85793257
1024,349.04355,441.98807,0.8682744,374.92026,459.2139,0.93400407,366.25235,433.8886,0.8300813,399.07257,421.4797,0.8216462,411.8363,386.4723,0.9077447,384.74756,385.76392,0.8638906,434.90356,395.82938,0.93633306,374.5515,443.40955,0.9734914,416.80798,359.52917,0.8808905,413.9294,319.8153,0.8799564,417.95322,277.1748,0.87046033,418.73514,235.61044,0.8914248
1025,348.01096,440.5879,0.8523179,372.66766,458.20648,0.9338444,364.3457,432.24466,0.8264714,399.83365,421.2791,0.84306026,414.72647,387.1167,0.92205924,389.72153,383.23566,0.790972,436.2175,398.2596,0.93128127,372.91647,441.8078,0.96831965,419.3626,360.6851,0.8808516,418.49258,320.07742,0.8561646,422.6311,277.42798,0.82080513,422.9288,236.28656,0.86728925
1026,346.01212,439.75388,0.86011344,370.64825,457.09735,0.9075204,363.4198,431.1782,0.8063246,399.0649,421.20447,0.8732699,416.28195,388.4099,0.8985372,392.20288,382.72342,0.7354277,435.96286,401.68655,0.8968017,371.29498,440.6459,0.9250442,422.52017,362.50723,0.95892113,423.4246,321.987,0.84176785,428.4947,276.69116,0.8108901,426.6224,236.63603,0.8657256
1027,341.07104,437.64676,0.9146858,367.08942,455.1313,0.8384978,360.47638,430.7611,0.87062186,397.19672,422.0437,0.902516,416.78586,391.6711,0.89670223,393.32816,383.43698,0.701767,435.39883,406.24524,0.8459048,368.31854,440.28995,0.8525752,425.39404,365.41327,1,428.76413,326.50214,0.83677983,433.59286,282.09644,0.823351,431.83273,239.90892,0.7871139
1028,338.4535,439.7735,0.8238712,364.97815,456.55066,0.91078734,357.21255,431.7327,0.8383154,394.94348,423.58157,0.9214306,417.9953,393.57898,0.9019466,395.42554,384.47372,0.7429293,432.75195,410.6509,0.7935047,364.3314,442.4011,0.83669144,428.75412,369.4607,0.9771388,432.15674,329.06116,0.8411574,440.144,283.88995,0.72128314,438.09155,240.31517,0.7249943
1029,335.93558,441.2709,0.80102956,360.9614,458.28595,0.90193903,353.89746,432.67154,0.83795005,393.25146,425.52017,0.863587,418.40027,396.90652,0.8855025,396.53143,386.04272,0.8301112,432.13614,414.85532,0.81120574,361.2351,443.70877,0.88920426,431.22614,374.89575,0.9853609,440.46338,334.62646,0.77999175,447.63922,288.7561,0.8052319,444.06845,244.33615,0.7572391
1030,333.24228,443.05774,0.8546269,360.0218,460.16473,0.90339804,351.32977,434.494,0.8190007,391.91486,425.15488,0.86010385,418.70413,399.50812,0.8341345,396.88852,387.99393,0.8155864,431.39438,419.2309,0.83106977,359.99112,444.90958,0.8979938,433.16827,378.4523,0.9385891,444.61658,340.21368,0.83515865,451.8593,293.04175,0.77861214,451.85092,250.81566,0.7647125
1031,330.65906,446.69022,0.9090517,355.98837,461.861,0.8815302,350.20047,437.39902,0.8590463,391.01065,427.97617,0.8461932,417.7746,403.13284,0.9439902,397.46463,390.1778,0.793088,430.2698,423.63644,0.7935856,358.15863,447.1304,0.90775996,434.58508,384.5161,0.9099522,449.39282,345.85712,0.85363835,460.14752,300.6999,0.720186,461.34665,256.2858,0.7754675
1032,327.13516,449.36804,0.8829516,352.8116,464.16022,0.89433306,347.01813,439.35938,0.80276555,389.299,430.216,0.8405817,417.0898,406.2801,0.91274065,397.93924,391.98065,0.7747661,428.0132,428.07257,0.8679667,354.80347,449.3547,0.8951701,435.64212,388.6906,0.9513375,452.52094,350.5632,0.86956245,464.73438,305.7913,0.8223944,468.52216,263.20654,0.8223137
1033,327.08267,450.24652,0.9060309,350.83,464.81592,0.8876379,344.75244,440.15256,0.807921,385.5858,432.91306,0.83359754,416.82422,410.97675,0.8842111,399.02414,393.72147,0.69760555,424.51022,434.56107,0.7463759,352.25955,450.21912,0.8741972,435.59445,393.2625,0.887086,453.87726,355.9507,0.8510302,467.80658,310.80746,0.8289626,475.83643,270.74878,0.8105957
1034,324.60223,450.37555,0.97706276,348.3274,466.31503,0.93773514,343.49448,440.97867,0.8506957,384.75378,436.37643,0.89253557,415.16162,415.39713,0.8597072,398.00266,396.3641,0.66515636,421.4572,439.1235,0.7313862,350.6189,451.9907,0.90885115,433.99738,398.62656,0.8609472,454.62015,363.25696,0.8186864,468.20688,318.67838,0.7931432,477.89258,278.7741,0.83268756
1035,320.72388,449.4287,0.9172258,343.88718,468.57935,0.8942364,341.70767,442.08755,0.91114384,382.4937,439.2217,0.93820196,412.12958,418.9192,0.9123965,396.3487,401.02118,0.70845187,417.5515,445.1033,0.7784653,348.35388,453.6488,0.95694625,433.48672,404.8634,0.88969,455.77454,369.313,0.8438718,469.9232,325.1871,0.77350396,480.38577,287.86472,0.80281234
1036,315.86057,449.8748,0.9208612,340.51355,467.84656,0.8988386,338.36594,442.3661,0.9361206,379.1475,441.23886,0.93541193,409.4252,422.4246,0.8911081,394.33807,403.89767,0.730048,414.12943,448.11996,0.8162106,344.5101,454.2703,0.92211103,429.91025,406.86417,0.898127,455.2185,373.73224,0.81972677,471.4357,329.23056,0.74521357,479.53455,290.9009,0.7742189
1037,313.2049,449.78055,0.95059514,336.01483,467.66873,0.78187484,335.3504,442.44147,0.8282994,376.16974,442.59677,0.8870876,408.2319,425.3494,0.83845234,393.59012,405.2778,0.7533333,411.55893,450.72757,0.82374364,340.63812,454.84692,0.8876675,428.96085,409.92355,0.8728268,454.00574,379.04376,0.7808863,474.31497,334.53635,0.75793576,482.2415,296.33102,0.8582518
1038,311.39865,446.9914,0.9087359,332.3283,468.70978,0.78605217,334.06628,442.922,0.8519884,374.1141,443.79077,0.91151077,405.93277,427.41156,0.95099235,391.1076,408.2388,0.8114652,408.83463,452.9126,0.8256993,339.14963,454.99146,0.8651755,425.51932,411.60013,0.87805825,451.9663,381.02826,0.7877075,476.09586,339.68112,0.7928899,488.44202,301.38968,0.8383934
1039,307.1499,442.56613,0.9586465,329.31088,467.7582,0.82301015,331.5326,441.76828,0.87658006,371.76077,444.2824,0.9134413,403.8736,428.10617,0.9527626,388.5148,409.42288,0.7644891,406.80197,453.82776,0.8265463,336.8117,453.6798,0.8246697,423.10855,412.0581,0.8977379,449.60352,381.92215,0.8006155,474.03482,342.89993,0.77053785,490.01166,304.46854,0.8505064
1040,303.70035,440.02676,0.88195443,325.30014,463.57217,0.8359563,327.6757,440.3362,0.8989752,368.30396,444.36176,0.91061807,401.31534,428.15515,0.85302377,385.49078,408.34988,0.62625766,403.8883,454.42477,0.8784589,331.92923,451.90475,0.9390638,420.40833,412.0652,0.9250526,446.9115,382.18182,0.8588242,469.99454,343.72034,0.809543,486.70905,305.19415,0.86479115
1041,299.77832,439.69833,0.952844,320.2762,462.5723,0.8014207,322.78204,437.35806,0.9302024,363.81183,441.91638,0.86840606,397.4299,428.42596,0.8918569,383.26205,408.0277,0.68948704,399.51962,454.42773,0.8778272,325.50424,450.25455,0.8784801,418.1081,413.26346,0.87190694,444.33945,382.74692,0.86860245,465.98013,345.90518,0.83232754,479.73962,307.95624,0.849635
1042,295.31552,439.19662,0.8847796,316.23914,462.4783,0.9070899,316.83737,434.65427,0.8704533,359.08258,439.0661,0.84723455,394.90793,428.6735,0.9547186,381.2522,407.0994,0.697205,396.09113,453.50702,0.89840806,321.6041,446.89978,0.860412,415.86914,416.10043,0.84066635,442.0258,384.2789,0.8609372,462.72803,347.23917,0.80555403,476.79688,309.16495,0.9043691
1043,290.12305,437.05612,0.94467384,312.37827,460.224,0.8882575,313.04364,432.93256,0.83509445,355.08075,437.74615,0.9102688,390.85437,429.21362,0.9570984,379.08008,407.81964,0.7424867,389.85068,455.08875,0.9053962,317.42017,446.25253,0.77530193,413.86877,418.90656,0.8614128,440.11047,387.6945,0.86089295,460.46732,350.4415,0.724441,474.004,311.37015,0.838423
1044,284.60452,436.82425,0.95109814,307.34482,459.8071,0.9448436,308.1961,432.3004,0.87934774,351.52213,438.41803,0.9150367,387.21844,430.21893,0.9505512,375.53604,407.96875,0.764829,383.81104,456.31366,0.8547286,312.454,445.68835,0.8103134,411.04553,420.72177,0.83895904,439.02716,392.03723,0.811106,460.07202,355.98746,0.7532168,472.82416,315.93112,0.80769926
1045,280.8365,436.6745,0.9642619,303.1313,460.3694,0.8458081,303.01236,432.47443,0.8402579,347.6401,439.54663,0.8561348,383.86212,431.8996,0.8093756,375.79428,408.6896,0.7493129,380.98447,456.6272,0.865059,307.97772,445.4746,0.89643836,406.98755,422.76627,0.79726213,437.17078,397.77127,0.7885812,460.50116,359.7533,0.772407,473.75162,320.52045,0.8605174
1046,279.05383,437.44846,0.94252634,299.66605,461.48944,0.8741242,299.3252,434.22064,0.87341195,342.7359,441.45227,0.84303737,380.50677,432.74362,0.8847523,372.75873,409.81024,0.78910375,376.8305,457.86234,0.7988961,304.50052,446.0209,0.8575039,404.96396,425.89178,0.82183534,437.39874,400.48428,0.8751453,461.45462,364.20676,0.80825764,476.15173,326.0453,0.8999288
1047,275.21124,438.47577,0.9618753,296.17484,462.1043,0.85808784,297.2016,434.60715,0.8556488,340.28354,442.61954,0.8724962,376.32217,435.0447,0.9543447,368.94266,411.23642,0.7792483,373.9824,459.38577,0.83506405,301.38147,447.41302,0.7810067,400.63773,428.1088,0.85947526,435.6966,404.85934,0.89809924,461.2946,371.16013,0.7824807,478.6221,332.33292,0.93304765
1048,270.65405,438.5532,0.9501717,290.81454,462.19827,0.8415836,293.14203,434.82184,0.9264354,335.69412,444.0705,0.86440694,371.51044,437.18018,0.93128633,365.7273,412.67273,0.7656087,369.41193,461.01495,0.77273947,296.5002,447.87653,0.8541142,396.18192,430.0853,0.9045532,433.55463,410.36417,0.89155555,461.29028,376.1092,0.78322566,480.8051,338.84186,0.8895291
1049,267.20074,438.42242,1,287.04327,461.81345,0.81262755,288.31635,434.6822,0.8486164,330.29126,445.59213,0.87385374,365.88965,437.52432,0.86254376,359.7176,413.8485,0.80114675,363.1626,462.63327,0.73535436,291.41525,447.97217,0.83843625,391.5626,432.14124,0.85669273,430.19193,412.4545,0.96311843,460.6976,380.1685,0.78091234,480.05594,346.4717,0.89165723
1050,264.8602,438.80484,0.95710325,283.01974,462.80222,0.80284053,284.96616,435.67712,0.8885463,324.9188,445.0115,0.8651672,361.09122,438.12662,0.9242806,354.7889,414.3847,0.8747147,358.31067,462.5244,0.7808861,288.18237,448.22604,0.8214423,387.63904,433.65076,0.92027444,426.96606,414.70245,0.89380485,458.3349,384.8744,0.75183445,481.2976,352.1656,0.8625598
1051,262.44925,439.7626,0.88688475,279.6659,463.1906,0.8056259,281.96576,435.8791,0.8562258,321.83575,444.76013,0.852597,358.42987,438.2284,0.9485137,352.9203,415.04205,0.83605605,355.106,462.30972,0.8202644,285.57153,448.69855,0.8552525,384.4331,433.67987,0.9123088,423.47906,416.07828,0.89722365,455.3287,390.4304,0.7579662,480.32962,357.40466,0.8961729
1052,259.57346,438.59125,0.9878247,276.35254,462.3908,0.8152054,280.2668,435.23874,0.9020646,319.81287,444.40216,0.8571457,355.69504,437.26013,0.9583823,348.2822,414.41278,0.8150328,353.355,461.39404,0.8141607,282.72522,448.5216,0.86467016,380.8376,430.9713,0.91381836,417.31204,415.57773,0.822531,449.4021,392.35815,0.78176177,478.4174,359.7061,0.88304806
1053,257.92188,436.64542,1,273.1476,461.76865,0.8510429,278.64883,433.81238,0.9487553,317.94647,444.22174,0.9056764,353.09622,435.6136,0.9160831,345.9933,413.51987,0.81428987,351.2113,460.80615,0.83717483,280.3085,447.50336,0.83741546,378.2098,428.28125,0.9070131,413.56784,412.02112,0.90592474,447.04163,387.1856,0.7966123,473.55676,355.98285,0.9232536
1054,257.4041,436.05768,0.98702496,272.4794,460.6169,0.8752877,277.8334,432.05624,0.9454647,316.97452,442.54504,0.92520773,351.09192,433.9286,0.85179657,341.8868,410.90323,0.85501117,348.7645,459.72656,0.89595145,279.9638,446.26532,0.8190296,376.3902,427.3717,0.8392284,410.41098,408.18607,0.8579095,441.91415,383.11203,0.75216484,470.52728,354.0679,0.96185213
1055,256.3997,435.86447,0.95887196,272.37305,459.73337,0.9159852,275.89536,429.6988,0.8954034,315.47095,440.6835,0.8819425,349.77658,432.13275,0.85180897,340.20758,409.58743,0.80779344,347.4769,458.44858,0.9278617,278.966,444.02945,0.880021,374.52533,424.99567,0.86215806,408.32056,405.3491,0.83597475,441.53806,381.64636,0.7689241,468.18616,353.17612,0.9636028
1056,253.15913,431.82193,0.9147413,269.268,457.85193,0.95781577,273.8561,429.68988,0.88726324,313.7854,437.67792,0.87225974,348.38013,431.08124,0.8977331,338.67288,407.24518,0.77869767,346.19803,457.1939,0.8963077,277.41498,442.43066,0.9309729,372.49454,423.1247,0.8554028,406.43655,403.1423,0.8695361,440.38782,380.45267,0.76480067,466.4017,350.3406,0.9658375
1057,248.92754,429.08862,0.91990995,264.79486,454.24704,0.8858717,269.44894,427.06308,0.81726426,311.22922,435.53433,0.8716634,346.74265,429.69525,0.9237409,337.43823,405.46042,0.80311614,345.08316,454.68277,0.8764026,273.6762,440.4717,0.8748233,371.3917,422.24982,0.8790842,405.3329,401.76764,0.85684365,438.0934,378.21875,0.789323,462.81927,347.78436,0.9292093
1058,244.31151,427.32596,0.922336,261.87808,453.72772,0.9497233,265.00882,425.94638,0.8604891,306.87088,434.33405,0.8936088,344.0845,428.74988,0.88993937,335.76413,404.7835,0.82051575,341.35052,453.8554,0.8928842,269.60065,438.9227,0.9157674,369.9239,422.11398,0.8568553,403.46127,400.58664,0.85062975,433.73218,376.19904,0.7731566,458.80865,345.371,0.91343075
1059,239.92816,425.64902,0.825477,255.42937,451.4265,0.9163582,260.42834,424.68842,0.9322025,302.06335,434.41388,0.8784494,340.71722,429.0774,0.92732304,334.38263,404.98383,0.8797221,335.5688,455.09857,0.8626333,264.02423,437.7458,0.9043188,366.46695,423.27032,0.792936,400.63815,401.70694,0.852981,431.3788,375.07596,0.8012342,456.05304,343.20102,0.90098745
1060,234.96515,424.75168,0.9190805,251.01614,451.0292,0.8942551,256.57147,424.40683,0.8820134,298.78638,434.6125,0.8433157,337.02274,429.6384,0.8950959,330.7773,406.26276,0.8492519,333.01575,455.07135,0.8616669,259.85846,437.97495,0.9405409,363.1427,426.11353,0.8085851,397.2441,404.20963,0.9324121,427.47083,377.95364,0.76010114,453.5901,345.36383,0.88797426
1061,230.28044,425.5394,0.9132522,248.9051,452.19,0.8638473,250.79596,424.6489,0.86605716,295.2184,435.40298,0.8277281,334.19528,430.63428,0.83332676,327.7114,406.6794,0.7920837,329.603,454.46716,0.749663,255.69762,438.1421,0.8488442,358.75424,427.4157,0.79510766,395.3684,407.7188,0.9433903,425.644,381.6315,0.76939344,451.08887,347.38293,0.9501543
1062,228.4535,424.78802,0.9054693,244.07878,452.15854,0.90374637,248.92941,425.29315,0.83221656,291.98874,436.0628,0.8642749,329.71533,431.85413,0.86035883,326.18213,407.08954,0.82445097,324.30072,456.18707,0.7749613,252.2529,438.00696,0.9242611,353.94205,427.8343,0.81956977,393.2113,408.65094,0.9203743,425.5865,382.17346,0.7936179,452.76715,351.2881,0.9432025
1063,227.30617,425.11322,0.91757125,240.65668,452.46933,0.8774782,247.74829,425.93848,0.90634847,289.1808,439.41406,0.83038473,326.01233,432.47754,0.8692303,322.1792,408.61646,0.8069748,321.4133,457.0848,0.7557794,250.25023,438.77127,0.9360894,350.75095,427.85403,0.85266817,390.5,410.0634,0.91241664,423.69366,384.61108,0.77862996,452.50534,355.09204,0.924844
1064,224.43272,424.9719,0.87822855,238.83568,451.35046,0.85956866,244.38231,426.18942,0.9035222,286.81085,440.0273,0.837836,322.48038,433.94235,0.8758349,319.71964,410.66266,0.7701846,319.0655,458.12073,0.7830328,246.93753,439.43762,0.89090836,346.9517,428.84842,0.86207575,386.2842,411.2428,0.9295839,420.32663,385.63812,0.81907994,450.82513,356.03036,0.90983737
1065,220.41861,427.08725,0.9927066,234.88434,452.48404,0.8123866,240.81403,426.92825,0.8083252,282.3368,440.30682,0.7850205,317.31058,434.6096,0.8735618,313.0992,412.1465,0.76956296,313.8777,459.79504,0.7684934,243.62317,439.8964,0.94143504,342.25696,431.03146,0.83883655,383.5995,412.96368,0.9732733,416.88113,387.2275,0.8543914,444.59293,355.25992,0.8948257
1066,216.43672,428.54837,0.92473394,232.21898,453.04486,0.84255713,236.2096,425.3101,0.8107044,277.8197,439.2687,0.83061695,312.58353,435.13,0.9210361,308.81213,411.27255,0.84592724,308.63535,459.61136,0.73765975,240.54688,439.46915,0.8670511,338.8187,431.5144,0.8903875,379.96384,414.71036,0.9184841,413.63843,390.00555,0.8088049,440.4002,356.91074,0.8983177
1067,214.42151,429.43866,0.9205388,228.46474,454.17178,0.9437196,233.33699,425.69122,0.8279179,273.69464,438.72122,0.84554815,309.80032,434.25626,0.92516255,303.89502,409.64548,0.86332905,306.0116,458.31262,0.7716737,237.38441,439.46423,0.91368306,336.19263,431.09125,0.886207,377.24686,414.98563,0.8525018,413.1417,391.3718,0.8258235,440.53488,358.86554,0.87682974
1068,210.46518,430.07834,0.89462245,224.69069,454.54507,0.9117146,230.09265,426.27084,0.877767,271.48257,438.16797,0.90052736,307.34174,432.84552,0.88458997,301.58444,408.45657,0.8397102,302.55658,457.39532,0.84000885,233.94145,439.5094,0.9085279,333.22714,427.97217,0.9098899,372.7734,414.65457,0.8724211,409.1368,391.44308,0.8380057,438.61276,360.29614,0.8944063
1069,206.44968,429.25482,0.9081518,221.3762,453.6508,0.89995676,225.83783,425.99533,0.85067207,267.68753,436.54132,0.89455485,304.29657,430.67798,0.85616064,296.3945,407.04303,0.81994975,300.10107,457.2722,0.83111894,229.68352,439.42404,0.90477794,330.68652,425.7294,0.8853966,367.63605,411.7271,0.9583442,401.873,390.3308,0.8186478,433.0224,359.00958,0.9043308
1070,201.7221,428.2663,0.92998326,218.07124,453.13092,0.8960256,221.97972,424.6698,0.85800487,264.18173,434.69852,0.8630984,300.70483,428.9607,0.82630104,293.12796,404.65652,0.83433384,298.6338,454.53616,0.8416337,226.12465,438.24026,0.8984891,327.16718,423.4797,0.80851686,363.42215,409.904,0.8857309,397.59805,386.6221,0.8318951,426.0522,355.1013,0.9108015
1071,200.13092,429.1637,0.8499827,215.8496,452.349,0.9782893,218.33124,422.60403,0.8342622,259.56577,432.454,0.8803062,296.52936,427.9419,0.8607709,288.312,402.817,0.81142014,295.14465,452.69244,0.8755837,222.81638,436.61707,0.91421264,322.0887,421.09134,0.8750024,357.547,405.17368,0.84858537,392.26382,383.45114,0.7620162,419.06628,351.92133,0.9642899
1072,196.22765,430.8986,0.8384031,210.45325,451.7639,0.97520304,211.37558,419.89532,0.8915395,254.85136,431.34106,0.82625663,293.1897,425.4696,0.94248384,285.1017,401.46024,0.8713102,290.5599,450.65744,0.91592413,217.63968,435.45377,0.8954067,319.14505,419.93878,0.8790805,354.40454,403.0372,0.8788297,388.97604,381.5414,0.81438893,416.73862,350.7718,0.8806292
1073,192.90656,431.28662,0.79169035,207.50519,450.66666,1,206.68895,419.28723,0.8997328,251.6183,428.95782,0.8611598,290.4697,423.8433,0.89877015,281.8618,400.04474,0.8520095,286.2078,449.07886,0.89535904,213.02206,434.51727,0.8857814,315.70602,418.73083,0.8850897,351.6172,402.5373,0.81931657,384.6151,380.35648,0.7969815,412.8187,349.54828,0.9008948
1074,188.83757,426.00513,0.76098484,203.74545,449.59753,0.9982818,205.14168,418.53003,0.8735537,246.84116,427.86127,0.8705257,284.96823,423.39447,0.85294753,279.5917,398.75546,0.86459804,280.73978,448.32004,0.8806987,209.65485,433.45468,0.84966683,311.89032,419.6858,0.83376205,348.18546,403.2786,0.84946376,381.39633,378.7851,0.7763497,408.42548,348.73804,0.9104791
1075,185.72025,427.2397,0.70851696,200.89163,448.85364,0.96194667,201.41402,417.38522,0.8453638,243.11343,427.52417,0.8957566,280.28848,423.65884,0.90386087,275.95004,398.36926,0.91310996,274.546,448.93073,0.917009,207.4694,432.46698,0.88430035,307.5247,420.97516,0.8789558,344.6316,404.6907,0.8437008,377.37112,381.0698,0.76276726,405.20923,350.8114,0.94859433
1076,184.172,429.32166,0.5774596,198.35292,449.4741,0.9277235,198.74457,417.43472,0.85210484,239.48897,427.9034,0.84501016,277.51126,424.55032,0.92005706,273.06366,398.70966,0.9099123,270.43155,449.62485,0.9121936,205.26945,432.68817,0.91751075,304.1253,422.89874,0.8335584,341.8963,407.28595,0.87241143,375.13095,385.32907,0.7401768,404.84705,354.88696,0.9711025
1077,179.2584,428.19012,0.6087221,196.89632,450.17902,0.94810045,198.18301,417.76334,0.87336874,238.68689,428.81546,0.87844276,275.2988,425.36734,0.90105134,271.94843,399.86838,0.90620774,266.86847,450.4409,0.9064217,203.58383,433.25165,0.8948615,301.91293,425.97144,0.8636852,341.15085,413.32834,0.87239754,375.1289,391.61716,0.77936006,406.08826,359.7462,0.85115063
1078,179.4834,425.8603,0.6869781,194.35727,449.43796,0.84520787,197.8706,417.6207,0.901673,236.72774,429.5771,0.89581615,272.25775,426.6313,0.8257494,271.15128,400.9518,0.9413833,263.35312,451.56824,0.893914,201.88304,432.88867,0.89464164,298.93512,428.08984,0.9430733,339.8984,416.39432,0.88398284,374.64456,397.34375,0.8139482,406.97833,367.41238,0.905329
1079,180.63573,426.151,0.70263505,193.18709,449.10364,0.86134136,198.77011,417.7983,0.9030611,236.30453,430.50662,0.91218203,271.51865,426.83914,0.7757278,270.2038,401.7308,0.95570594,260.64056,452.018,0.8640401,201.92198,433.1191,0.90374273,296.3859,429.54205,0.9190012,337.76895,419.05896,0.92910486,374.54962,400.3993,0.7768765,408.41647,372.52945,0.899101
1080,181.81667,425.679,0.7335683,193.87793,449.16434,0.8465061,199.92145,418.14114,0.8848267,236.84047,431.81824,0.8925359,270.9527,427.97025,0.7790078,270.54645,402.47217,0.9612231,260.96823,452.72668,0.7821248,202.80208,433.66574,0.9253964,295.97583,430.08264,0.90409416,338.09515,420.13464,0.9384446,376.73267,401.2881,0.7801191,409.20776,374.47015,0.87052226
1081,183.9995,425.93604,0.76082885,195.8673,450.09692,0.90353423,200.94075,419.21576,0.8362069,237.56836,432.25784,0.89624965,271.22845,428.41354,0.7867304,271.24814,403.62393,0.9389139,262.463,452.86954,0.72459555,205.0448,434.63266,0.9334934,295.83017,430.40543,0.87896043,338.32837,420.4135,0.93590474,377.1229,401.38263,0.80700743,409.62454,375.35696,0.8888152
1082,182.93565,426.54132,0.7961923,194.8958,450.50534,0.9273034,200.53674,419.77713,0.8737119,237.40494,433.3787,0.91968155,271.37302,429.35623,0.7852769,270.6536,404.84033,0.9267693,264.89127,453.8217,0.7018111,203.98889,435.30817,0.9453653,296.50085,430.1341,0.9167162,338.40143,420.57175,0.9394279,376.39975,401.56006,0.79320294,409.32968,375.1826,0.88176394
1083,181.58003,428.31073,0.8224187,194.3375,451.13177,0.95003366,199.13683,420.6977,0.87909424,236.94278,433.66663,0.95400184,270.7271,429.73462,0.7944731,268.6647,404.86652,0.95047885,264.55136,455.05365,0.7287821,203.18747,435.80527,0.92848456,297.24915,428.24475,0.9019539,337.29932,418.34586,0.9113444,376.08258,400.9872,0.75725883,409.54886,374.0875,0.8873774
1084,180.32516,430.4348,0.8402784,194.65085,452.68353,0.9500469,197.87703,421.63947,0.90061826,236.64569,433.31293,0.96135104,270.78067,429.03754,0.82425505,266.75635,403.25436,0.9427871,265.12396,454.91577,0.75684834,202.73128,436.7725,0.95510674,297.80286,426.3025,0.878603,337.13397,415.70154,0.8571208,374.90164,398.4632,0.7922569,409.2017,371.93597,0.93046457
1085,179.2835,431.80518,0.89877844,194.87885,453.47955,0.9505853,196.63147,423.0209,0.85671955,236.07661,432.7661,0.9607303,270.72424,427.5724,0.8240516,263.88403,401.93375,0.8909957,267.01794,453.66043,0.85211396,201.56812,437.5349,0.91794586,297.2441,422.7892,0.82148856,336.17996,412.29382,0.93657374,375.16138,395.62723,0.7842844,408.93503,366.9977,0.8972105
1086,178.11221,434.41586,0.95312667,194.75946,454.2567,0.9541442,194.87395,424.35965,0.83428997,234.98409,432.1433,0.9515603,269.08194,426.38577,0.7889679,260.95294,401.1118,0.8836023,267.21332,452.5106,0.92284673,200.45215,438.33716,0.8844275,295.66495,420.4484,0.8271512,334.41736,409.81784,0.9703849,372.3898,392.57886,0.81199634,405.78204,363.1359,0.92529833
1087,179.15741,438.36923,0.9125382,195.81879,457.15173,0.9722144,192.76889,426.59555,0.76725334,232.96751,431.77603,0.89818656,267.6765,424.263,0.808626,259.9722,400.02823,0.87005275,266.2152,451.34637,0.9276111,199.7168,440.53482,0.83016205,294.573,418.26785,0.8948534,332.70212,407.55524,0.8762935,370.22604,388.55273,0.82827705,403.67725,358.23837,0.93570894
1088,182.65617,440.09836,0.8183798,198.97978,458.8074,1,194.02711,428.31985,0.76141745,232.4427,432.42184,0.93463016,265.64203,423.12833,0.8731846,256.3418,398.83322,0.8312362,264.1269,450.6567,0.904441,201.3557,441.261,0.82149494,292.2129,417.13385,0.90559596,330.23575,404.428,0.8915744,368.47556,384.4268,0.7839543,400.2315,354.7981,0.914647
1089,184.86049,439.3692,0.745445,201.89696,458.29083,0.97932607,195.21626,429.1241,0.770372,233.2039,431.94638,0.94055444,265.29578,422.569,0.8903672,256.21542,398.39032,0.80402595,264.52014,449.9815,0.93663347,203.47777,441.15005,0.7933164,291.67053,416.44046,0.8781253,329.43604,402.59103,0.8821979,367.43265,382.00427,0.76350826,398.80634,351.63495,0.8543849
1090,189.0392,442.31195,0.73262393,205.42009,459.22812,0.99281543,196.43076,430.49673,0.7223082,235.04785,431.33325,0.92183536,266.58063,421.8574,0.9145419,257.0183,397.84015,0.8164959,266.53378,449.08478,0.9909646,206.30571,441.73785,0.787843,292.47134,414.97668,0.87681425,329.3402,401.0968,0.856262,366.58667,379.53738,0.7775114,396.89395,349.11603,0.90129435
1091,191.88101,442.90918,0.7392073,207.6836,459.35284,0.9908084,199.28358,430.50827,0.71136254,237.34964,430.93176,0.88822156,269.16455,421.11023,0.8905615,258.85205,397.836,0.8629386,268.8272,448.4933,1,208.68219,441.1164,0.88052887,294.3031,414.02777,0.8840789,330.9768,400.30826,0.8470436,367.83017,379.01593,0.7845883,398.4661,347.38522,0.9133299
1092,195.04831,442.4154,0.7896345,210.112,459.0797,0.96306396,202.8674,430.59604,0.7018748,239.95116,430.068,0.93573904,271.93155,419.62515,0.86131716,260.7798,396.74722,0.90352327,271.8599,446.6552,1,212.15086,440.50342,0.9349692,296.783,412.16504,0.8542835,333.3139,398.39673,0.87959766,369.20016,377.64987,0.8058248,399.68024,345.2683,0.8693061
1093,197.95923,442.68057,0.76260966,213.75008,459.11893,0.99202734,204.35524,430.90836,0.6933945,243.22324,429.34998,0.9870076,274.42725,419.76505,0.9105955,263.04715,396.3922,0.907558,274.7008,446.9686,0.957896,215.86609,440.44733,0.8858212,298.8744,410.77017,0.88059723,334.9957,396.53537,0.93734795,370.29337,375.37653,0.8183471,402.04773,343.00974,0.8835911
1094,200.42311,440.88635,0.74514735,216.74083,457.54794,1,209.29173,430.09235,0.75177485,246.66759,428.43573,0.95637333,277.49008,418.58936,0.92367345,264.63953,395.79498,0.87929994,278.6194,445.61942,0.9673999,217.93425,440.76346,0.83294183,301.58524,408.96802,0.8523226,337.11316,395.4875,0.87885284,372.3655,372.79343,0.82310504,403.42844,340.6539,0.96517545
1095,202.07329,441.707,0.76141477,220.60683,457.42422,1,212.9665,429.82672,0.8097673,249.38824,428.3698,0.9353336,279.97873,417.5089,0.9169975,266.94714,394.59067,0.8444544,279.79233,445.19043,0.9674563,221.5647,439.87775,0.8041089,304.64035,408.2668,0.83010775,340.6176,393.73297,0.84471244,375.2787,369.659,0.7588826,404.29688,338.638,0.96381605
1096,205.93561,442.80472,0.8116729,222.90506,458.1426,1,215.91669,429.9783,0.76667607,252.49176,428.06638,0.9163944,282.6908,416.1398,0.9201564,269.50174,394.27606,0.80935085,283.6811,443.71036,0.9907553,224.35278,440.12677,0.8206789,306.34485,407.6212,0.8464994,342.8386,391.0218,0.85900795,378.31122,368.39935,0.75697327,406.07465,336.69458,0.9520606
1097,208.73557,441.5424,0.73515546,225.60666,458.35736,0.97634757,217.961,430.79092,0.6814618,254.43155,427.6887,0.92315567,285.50348,416.16028,0.91191185,272.17664,393.69458,0.80837053,286.4991,443.02798,0.986466,227.36978,440.0034,0.88432455,308.71524,407.6642,0.83255565,346.21765,391.757,0.8608089,380.92136,368.1867,0.7588596,407.98337,335.60165,0.9235377
1098,211.14024,441.04227,0.7969792,227.6971,457.99582,0.9723546,220.84758,430.2889,0.6963812,256.92276,427.61786,0.96016455,288.1675,416.1812,0.84363097,275.00223,394.00546,0.87752664,288.6718,442.7726,0.96948487,230.6525,439.66867,0.87668633,311.58676,407.9268,0.80526304,347.94107,392.571,0.90007085,382.52838,368.2907,0.7571154,410.18094,335.97873,0.8716568
1099,214.10106,441.93137,0.76987135,230.6489,458.00906,1,223.07811,431.59103,0.7089148,259.52148,427.93933,0.9703656,289.97195,417.48193,0.8460273,277.74567,394.55203,0.90070236,290.0316,443.9863,0.940721,232.16043,441.29608,0.83884823,315.27115,408.8292,0.8589176,350.6521,393.53613,0.9101145,384.39612,369.48273,0.80211586,413.20166,337.09998,0.9094943
1100,217.04228,440.36362,0.74662226,234.82065,457.43677,0.9384244,226.42444,431.1901,0.78337955,262.2022,427.88477,0.95681083,292.768,417.65198,0.9078449,280.6287,395.00797,0.8768595,291.1036,446.15784,0.93896055,235.54527,440.93198,0.81102467,317.51596,409.00436,0.84867245,352.65854,393.94162,0.8678311,387.58173,370.93515,0.82510537,417.5448,339.94492,0.9575992
1101,220.66202,442.17465,0.8212359,237.21764,457.57184,0.94789517,230.99225,430.31082,0.79000074,265.43982,429.21793,0.9440433,296.3254,417.89233,0.90803605,283.2697,395.0211,0.8624185,294.42126,446.23438,0.93984103,238.61284,440.21112,0.7871474,320.8524,410.24362,0.844583,355.78253,394.80826,0.8654917,391.0415,373.38455,0.8153332,421.9024,342.4574,0.94388175
1102,224.06546,441.2137,0.8186961,240.06853,457.5274,0.99399257,235.21129,430.00323,0.6820165,269.469,430.08508,0.9141705,299.003,418.3636,0.9340566,287.35934,395.82068,0.83669907,297.4878,446.9245,0.9545446,242.87648,440.14597,0.8921955,324.309,411.1266,0.8856385,359.17783,395.75934,0.83329344,395.43488,375.12015,0.88866764,424.99783,344.26733,0.9262367
1103,227.35062,439.7286,0.8273686,243.07103,457.98553,0.97305113,239.81561,430.31494,0.7406259,273.508,430.98923,0.92214435,303.32565,419.10974,0.8887713,291.70764,397.20642,0.9117617,302.6346,447.29254,0.9382672,247.59064,440.56503,0.8610002,327.6624,411.64404,0.8579561,362.6229,395.7447,0.8954304,398.67758,375.9609,0.86412436,429.0947,345.65036,0.9451592
1104,231.11072,439.2518,0.8215315,247.72363,458.2516,0.976274,243.87312,429.92783,0.8256351,278.0003,431.1144,0.91458106,306.84326,420.5565,0.9322847,295.58398,397.86023,0.89671975,306.01437,447.7223,0.8714753,250.08961,441.7052,0.8164617,330.89432,411.30725,0.8863386,365.75323,395.70178,0.9439481,401.12363,376.3644,0.83009595,431.83835,345.3001,0.8822872
1105,234.29393,438.97305,0.9053508,251.83667,457.94266,0.93471205,248.56288,429.7749,0.7884833,281.30573,431.46118,0.9356055,311.10483,420.53296,0.94197553,298.33203,397.82367,0.85588753,309.4068,448.76492,0.90574574,254.50858,440.75433,0.76957166,333.89993,411.35843,0.8461073,368.7666,395.93195,0.86795545,404.72293,376.77838,0.8274809,435.62906,345.67746,0.9521608
1106,237.58702,437.74844,0.9418019,253.95572,457.90466,0.9798969,251.57314,429.38406,0.7198179,284.4857,431.6574,0.9283107,313.21143,420.36316,0.9531947,302.29294,397.89444,0.819393,312.289,448.70013,0.9109187,256.92844,440.75775,0.87281513,338.3512,411.75104,0.8796697,372.41275,396.4703,0.8389525,409.57324,376.22217,0.8552267,438.99878,344.68634,0.93653333
1107,241.01332,437.5472,0.8131243,256.72583,457.5457,0.9646911,254.85779,429.60675,0.7261486,288.155,431.50684,0.8762755,316.89462,419.76828,0.9346966,305.0451,398.11618,0.8501765,316.52652,448.3665,0.9325749,261.2378,440.50784,0.9029046,341.1105,411.68304,0.89706385,375.7201,396.452,0.823693,412.455,376.3345,0.87859195,441.10785,345.35297,0.9001147
1108,243.68799,437.3435,0.91207945,260.3296,457.80945,0.981422,258.57733,429.33365,0.83146644,291.68063,431.8007,0.920556,320.40506,420.9606,0.8715523,309.43036,398.58795,0.887886,319.8356,448.427,0.8984506,263.72113,441.67157,0.87774,344.72052,411.7383,0.8657515,379.41925,396.26212,0.88257325,415.0497,376.56467,0.84145343,444.83643,345.82864,0.9326058
1109,247.1478,437.15286,0.8756948,264.34592,457.8402,0.96668464,261.5758,429.40347,0.85305303,294.38324,431.71,0.90391546,323.74435,421.04312,0.93816245,312.54437,398.47885,0.85709566,322.69647,449.06018,0.84663796,267.22192,441.14386,0.8261174,347.38144,411.54056,0.8862468,382.15707,395.97717,0.93170726,417.67004,376.4593,0.82637566,448.39572,345.65598,0.88046056
1110,250.5539,436.31747,0.93472487,267.97238,457.5908,0.9378756,266.3182,429.0463,0.75057095,298.37204,431.81015,0.95343244,328.00165,420.69193,0.92518955,315.48962,398.42126,0.8610602,326.58868,448.89752,0.90686953,270.4654,440.5568,0.78835577,350.4823,411.43927,0.8517338,385.02335,395.96866,0.8562921,420.39142,376.61343,0.822577,451.33133,345.89606,0.9388349
1111,253.5005,436.2311,0.9200494,269.6432,457.69226,0.9796775,268.88376,428.87524,0.72655493,301.41742,432.18948,0.9183388,329.66248,420.6048,0.9577643,318.9717,398.262,0.8159402,329.08994,448.86816,0.91895515,273.73517,440.47067,0.8902981,354.33255,411.6483,0.8807257,388.34955,395.71228,0.857924,425.22766,375.64615,0.8546328,454.95566,344.46365,0.92925537
1112,257.0738,436.12656,0.85576665,273.40808,457.97946,0.9548406,272.13535,429.2208,0.7912242,304.79034,431.92905,0.8779881,333.3299,419.9426,0.9325173,321.38818,398.66986,0.83966464,333.26,448.5219,0.9218981,277.53818,440.69098,0.91487527,357.03525,411.36594,0.9075573,391.4383,395.48093,0.8332477,427.94696,375.64417,0.88451546,456.96252,345.0157,0.9075514
1113,259.48886,436.34576,0.9290854,275.9057,457.8384,0.9852535,275.67596,429.29706,0.86155206,308.24722,432.2552,0.890748,336.36823,421.1195,0.8714861,324.6476,398.81088,0.8827905,336.09296,448.57816,0.8822126,279.90704,441.90634,0.8912466,360.4356,411.42438,0.86566305,394.69855,395.56155,0.8807573,430.2722,376.31454,0.86876684,459.87567,345.991,0.93393385
1114,263.2866,436.03473,0.874256,279.96713,457.72348,0.96867436,278.7597,428.90912,0.85817564,310.82913,432.02927,0.9055353,339.75626,421.31165,0.941573,327.57022,398.0869,0.8548853,338.76447,449.37088,0.84208703,283.829,440.7854,0.84690595,362.86044,411.23752,0.8973408,397.63727,395.6334,0.9296913,432.1963,376.2066,0.81867355,462.70685,345.50937,0.8928254
1115,266.50864,435.67227,0.9438773,283.63345,457.3893,0.93988985,281.90564,429.73438,0.7436837,314.47574,432.08932,0.9446219,343.43216,420.87015,0.93633455,330.28616,398.5311,0.8728165,342.1401,449.3005,0.8963117,286.58337,440.6874,0.80301225,365.5702,411.0386,0.85593075,400.0107,395.45673,0.9098948,435.05316,376.05807,0.8316691,466.1394,345.79648,0.9061123
1116,269.6013,435.35303,0.9196665,285.39157,457.46823,0.9471197,285.4759,429.20984,0.7310373,317.635,432.41904,0.9063991,345.36438,420.57047,0.9569231,334.07635,398.2369,0.82561713,344.75955,449.25058,0.9019106,289.73157,440.65646,0.8876953,369.6416,411.11243,0.8653956,403.66833,395.7046,0.8661358,438.93726,375.29007,0.82092613,469.58057,344.6118,0.9340186
1117,273.3128,435.9216,0.885859,289.16095,457.74265,0.9586105,288.62186,429.4679,0.80534273,320.76895,432.09323,0.8664566,348.7636,419.98242,0.9427462,336.25723,397.59097,0.8236327,348.5893,448.8995,0.91519094,293.75287,440.98822,0.9240403,372.31696,411.1175,0.9116438,406.89066,395.22653,0.84300536,443.45737,374.3565,0.8700927,472.494,343.07196,0.8952267
1118,275.6814,435.65405,0.937517,291.72882,457.3098,0.99957573,292.46826,429.1387,0.8877949,324.44507,432.36896,0.89476657,352.6306,420.04166,0.8627735,339.83688,397.6932,0.8818148,351.81488,448.8348,0.8680851,296.18182,441.8107,0.89246047,375.67715,411.08112,0.8760202,410.36502,394.76123,0.8664325,445.7372,374.7566,0.87227136,475.1163,343.83487,0.9238899
1119,278.8023,434.79218,0.8845123,295.2412,457.39038,0.9820978,295.68546,429.18222,0.8442144,327.4829,432.24747,0.92806345,355.75635,421.1142,0.9321935,344.34116,398.77008,0.8473913,355.43195,449.38242,0.84234273,300.21252,441.02148,0.84562445,378.47147,410.63867,0.8963772,413.2477,394.73102,0.9140275,447.91217,374.5202,0.8333394,478.56305,342.94034,0.9316242
1120,282.25696,434.8706,0.9373777,298.9308,457.15842,0.9466079,298.0668,429.65582,0.7581727,330.72165,432.40186,0.9509702,359.4256,420.8346,0.93435645,346.2146,398.60977,0.8660944,358.34485,449.3879,0.8899068,302.506,440.61526,0.8121273,381.21207,410.40662,0.8643821,415.49463,394.8662,0.89333427,450.09677,374.13428,0.84197885,481.2478,342.91843,0.89436793
1121,284.94803,433.71194,0.92799306,300.2788,456.87207,0.9230234,302.0179,429.4169,0.75009507,333.82855,432.66708,0.90900105,361.07455,420.4993,0.95383555,349.63223,398.3288,0.8282189,360.87115,449.22836,0.89890033,305.57935,440.77792,0.8987301,384.70023,410.48145,0.8459493,418.58643,394.832,0.865295,453.16864,373.08838,0.82275856,483.59625,342.2573,0.9500542
1122,288.56113,434.77185,0.8769059,303.9469,457.43628,0.9511832,304.98544,429.5314,0.83713883,336.64124,432.11072,0.86757934,364.24063,419.85983,0.9415547,352.01837,397.5647,0.7994079,364.2003,448.90204,0.9275098,309.2753,441.23807,0.94007516,387.49432,410.6037,0.90790695,421.53647,394.09882,0.85778934,457.1222,372.60046,0.8225664,486.54788,341.5767,0.93324745
1123,291.12823,434.75595,0.93854976,307.21588,457.30423,1,308.653,429.33905,0.906243,340.31268,432.4323,0.89238286,367.88678,419.67715,0.883648,354.9009,397.5929,0.86195827,367.88046,448.22153,0.8811712,312.01465,441.9618,0.89861673,390.29755,410.56345,0.8995473,424.7004,393.90884,0.8380811,459.64603,372.53278,0.85517174,488.24313,341.66745,0.90470684
1124,293.31265,432.95773,0.9156126,310.5609,456.39038,0.9549703,311.7189,429.15903,0.86857575,343.21844,432.01566,0.92752224,370.65445,420.95706,0.91511077,359.11182,398.8124,0.8483216,370.91608,449.3801,0.8353087,315.93408,440.77994,0.8824191,393.27466,410.35535,0.8776913,427.94095,393.72098,0.8971176,462.27875,372.72458,0.84307665,490.57883,341.69775,0.9551431
1125,296.8443,433.1214,0.8887175,312.90442,456.43243,0.9500437,313.58582,429.66003,0.7943162,346.11172,432.3952,0.9518332,374.01135,421.02295,0.94467896,360.78287,398.42978,0.86014795,373.2819,449.70035,0.8756243,318.54843,440.7551,0.82806635,395.7724,409.80173,0.88230395,430.02563,393.90814,0.9001667,464.1303,373.59122,0.84010357,494.16687,342.3865,0.9534754
1126,299.61102,432.54443,0.91515046,315.22733,456.2628,0.93539613,317.13025,429.4723,0.7795007,349.1164,432.84018,0.92926556,375.68845,420.7104,0.92496806,363.8347,398.49063,0.86577404,375.74417,449.15692,0.87317914,320.77344,440.3496,0.87945557,398.68384,409.8827,0.8304388,432.54373,393.56235,0.8538665,466.76862,373.10767,0.8336633,497.1075,342.37814,0.91556793
1127,302.25266,432.34818,0.8954274,317.79773,456.66302,0.9502453,319.50183,428.91272,0.7847713,352.1825,432.45493,0.8556149,378.6797,419.92044,0.9497816,367.15454,398.1967,0.7988054,379.13544,448.7089,0.9273519,323.5227,441.0304,0.925688,402.083,410.0348,0.8669957,435.70822,393.85287,0.860366,469.84732,372.32666,0.8069187,499.70023,342.00177,0.96268296
1128,305.46252,433.6508,0.9048941,321.5035,456.5371,0.9589796,323.19702,429.21652,0.907175,354.8284,432.3937,0.8874153,382.0054,419.65765,0.9275951,369.0397,397.65897,0.8323944,382.60214,448.28464,0.9063605,327.20825,441.35132,0.9074533,404.6706,409.9854,0.913576,438.53647,393.7808,0.8374577,473.54758,372.82462,0.83442634,502.65002,341.86575,0.9271779
1129,307.75156,432.57645,0.9305756,324.3402,456.51297,0.9822239,326.3495,429.1973,0.90305746,358.08493,432.29,0.8883922,384.8134,420.533,0.86592734,372.78775,398.84384,0.8602066,385.08655,448.13013,0.8360934,329.75275,441.61588,0.8826652,407.4604,409.9722,0.881537,442.39203,393.53656,0.86625504,476.38297,372.89258,0.8477377,504.6193,341.98007,0.91334486
1130,310.74945,432.28204,0.86774224,328.18228,456.18484,0.94375634,328.37268,429.53015,0.82362765,360.93033,432.18658,0.9494578,388.03592,420.90402,0.93522245,375.08054,398.16595,0.8330026,388.2312,449.3526,0.8547218,333.67343,440.64938,0.86527693,410.20163,409.8951,0.87910414,444.71417,393.4897,0.9022075,478.84,373.08133,0.82965815,507.0538,341.95624,0.95776355
1131,313.3624,431.96255,0.8830541,330.61877,455.6472,0.9234988,331.79968,429.38336,0.8160904,363.8372,432.6997,0.953411,391.33737,420.66928,0.9362782,377.65466,398.73257,0.8644089,390.97226,449.30472,0.87857765,335.70584,440.00125,0.8259353,412.6469,409.33374,0.85681623,446.75006,393.56274,0.88181186,480.23337,373.78522,0.8258713,509.58676,342.69952,0.94239414
1132,316.156,431.7965,0.9291015,332.0595,455.68536,0.89026743,335.10666,429.686,0.79102206,366.65683,432.8631,0.8988106,392.85254,420.4031,0.9493309,380.89392,398.44473,0.84066784,392.84357,449.19727,0.86604565,338.23627,440.47656,0.8998714,415.82895,409.78876,0.820763,449.61108,394.01282,0.8322502,482.9729,373.40845,0.8239695,512.4593,342.81894,0.90733993
1133,319.02554,431.91238,0.87233955,334.76437,456.0835,0.9241923,336.69608,429.156,0.84029657,368.3819,432.28787,0.8501805,395.4395,419.75793,0.9532928,383.9721,398.05026,0.78609985,395.8249,448.65524,0.90160865,340.47525,440.70346,0.9371134,418.4333,409.70398,0.87261635,452.3477,393.8125,0.8503237,485.96136,372.35062,0.7960887,514.7623,341.93527,0.9452438
1134,321.62183,432.66898,0.8973845,338.85056,455.68564,0.9532657,340.4253,428.94254,0.92746204,372.30905,432.25793,0.8953414,399.07953,419.49207,0.9039646,385.75952,397.61765,0.84641415,399.5987,447.99072,0.8557343,343.9419,441.57043,0.9002729,421.35696,409.70627,0.90190905,455.30045,392.78043,0.8158705,489.39917,372.5364,0.8091759,517.6845,342.05933,0.9350188
1135,324.0204,432.1263,0.9295348,341.82626,455.50555,0.9242525,343.50638,428.98755,0.8870719,374.97156,431.93625,0.92146724,401.6584,420.5227,0.8945649,389.61685,398.84482,0.8516055,402.04883,449.4385,0.80812734,347.8565,440.49838,0.89285135,424.07098,409.59863,0.8720246,459.15195,393.07513,0.8798664,492.72513,372.06677,0.82651955,520.20953,341.69766,0.89414173
1136,327.50336,432.69638,0.8502548,343.91354,455.43008,0.92901206,345.3024,429.26196,0.81522816,377.63574,432.2131,0.9512269,404.6226,420.73035,0.94092166,391.25342,398.21008,0.8301448,404.56958,449.5755,0.83957595,350.31363,440.4703,0.85338783,426.64694,409.3708,0.8804471,461.70862,393.2496,0.8977245,495.0252,372.6711,0.7920424,522.0966,341.71878,0.94927025
1137,329.7287,431.666,0.901123,346.6728,454.75253,0.90863276,348.72046,429.12662,0.817365,380.7044,432.70618,0.94067293,407.9717,420.37503,0.9225758,394.01346,398.54102,0.86385965,407.63126,449.0355,0.85544884,352.20538,439.6114,0.8422159,429.0886,408.7822,0.8505907,463.8353,393.2973,0.85130465,496.94873,373.14975,0.8293695,524.40424,342.07538,0.9555147
1138,332.01605,431.91403,0.9321583,348.69464,455.36456,0.9070732,351.88965,429.4184,0.80595154,383.53616,432.2731,0.87714875,409.55725,419.9772,0.94768673,397.3961,398.13022,0.83094686,409.7128,448.60822,0.86993057,354.94946,440.38107,0.8989034,432.3724,409.18607,0.83162224,466.1884,392.46942,0.83185107,499.4817,372.27966,0.8219664,527.57275,342.24744,0.93888605
1139,336.11307,432.04407,0.8240134,351.78174,455.5859,0.8972712,353.87613,428.78778,0.8896908,385.27332,432.1881,0.8753501,412.2505,419.4403,0.9514973,399.37122,397.8004,0.7900461,412.72192,448.22693,0.8921324,357.42328,440.4439,0.9388212,434.68893,408.9112,0.87637985,468.80737,391.64294,0.8589525,502.1861,371.57462,0.78892523,529.7997,341.86813,0.944462
1140,338.00946,431.84763,0.8979027,355.80014,454.46722,0.9374975,357.36145,428.60574,0.91543776,389.5704,432.10898,0.90578365,416.26056,418.983,0.8799078,402.8128,398.8036,0.84137017,416.6493,446.99622,0.82023686,361.6892,440.3624,0.90428174,437.8709,409.00095,0.89504164,471.893,391.74777,0.8374556,505.126,371.30182,0.76245934,531.4223,341.48538,0.9577291
1141,340.91516,431.03168,0.9335227,359.50095,454.30728,0.9058792,359.9241,429.1375,0.8465418,392.4549,432.09235,0.9587271,418.78183,420.25494,0.9175225,406.70697,398.61206,0.85386205,419.9188,447.9722,0.83333194,365.09494,440.08383,0.8884481,440.72946,409.20447,0.85260445,475.3556,392.48926,0.87698644,508.2481,371.64127,0.81276345,534.9459,341.4486,0.93115747
1142,343.79413,430.76694,0.86686975,361.60004,454.37793,0.89410496,363.10965,428.86353,0.8422955,395.48392,432.7576,0.97021013,422.1697,420.24362,0.939143,408.39484,398.3729,0.83080965,422.9915,447.75104,0.86117446,367.56094,439.94315,0.8260174,443.48032,408.55716,0.8599289,478.15097,392.67297,0.8794835,511.16156,371.71368,0.7898907,537.3017,341.51184,0.9340392
1143,346.11118,430.9979,0.9179543,364.20078,454.5643,0.8745069,366.7961,429.09604,0.820595,398.7501,432.93143,0.9090945,423.86865,420.1648,0.9165582,410.96008,398.32034,0.84884554,425.16577,446.94302,0.87285095,370.20248,440.07788,0.87668383,446.2229,408.45508,0.8227584,479.49747,392.37018,0.82301646,512.76495,372.31693,0.82732654,539.4386,341.9809,0.9504594
1144,348.10318,431.2251,0.91514415,366.48984,454.31146,0.8524243,369.21033,429.13947,0.80570817,401.0504,432.99774,0.851972,426.80374,419.27707,0.94869596,414.39276,397.8336,0.8025141,428.22916,446.5312,0.91001695,372.0148,440.26526,0.8952838,448.95477,408.47876,0.8445355,482.29602,391.31067,0.84791887,514.9152,372.1416,0.834416,542.4706,342.41437,0.9440892
1145,351.26602,431.36792,0.8560046,369.5922,453.5304,0.9113881,370.50177,428.48468,0.8899763,403.22354,432.25174,0.91129315,429.58838,418.75348,0.931409,416.04886,397.43973,0.79383796,431.12814,446.0941,0.8872331,374.66425,440.27505,0.876775,451.33,408.23862,0.8750782,484.9054,390.84064,0.8613345,517.2544,371.4809,0.793207,544.73724,342.35562,0.90657663
1146,353.2268,431.46637,0.8961484,373.04626,453.6261,0.92603904,373.90744,428.40378,0.90587527,406.32663,431.86703,0.9133557,432.67715,419.38397,0.86180854,419.2269,398.48813,0.8450437,434.40012,447.1919,0.83977693,378.7346,440.06207,0.90837234,454.0764,408.12436,0.8891195,487.58774,390.83313,0.85007507,520.186,370.6703,0.7603939,547.1956,341.66162,0.95414835
1147,356.35022,431.36322,0.93956983,376.86636,454.01288,0.887543,376.11768,428.87692,0.8248791,409.37296,432.00223,0.97878444,435.4251,419.6836,0.9369897,422.6118,398.31537,0.8591015,437.78143,446.7313,0.86717844,381.69858,439.93863,0.8665613,456.94962,408.62424,0.8512376,490.0748,391.47702,0.8664544,523.997,371.68835,0.8117896,549.9066,341.72095,0.9475335
1148,359.6227,431.3515,0.8630415,378.96805,453.84595,0.8753939,379.3878,428.6983,0.8370764,411.9501,432.4511,0.9723933,438.37506,419.68005,0.9365491,424.01373,398.0156,0.8229994,440.11835,446.9394,0.8740983,383.87888,439.44116,0.8149763,459.72528,408.18082,0.86971813,492.60574,391.91214,0.87192196,526.4165,371.7366,0.79903746,552.0769,341.90964,0.8911617
1149,362.08047,431.69928,0.90281516,381.0724,453.79507,0.86878383,383.07272,428.76712,0.81526756,415.06863,432.35757,0.9171174,440.27634,419.4633,0.91490227,427.25354,397.87094,0.8325992,441.902,446.44965,0.88933235,386.5902,439.7975,0.87645435,462.32275,407.64447,0.83442986,495.5612,391.9598,0.8310818,528.56274,372.22302,0.81591123,554.19006,341.8688,0.9420753
1150,363.8387,432.20807,0.8906153,383.6398,454.11252,0.8375958,383.62427,428.98575,0.8171608,416.85535,431.94766,0.8766422,443.14566,418.5174,0.9343696,429.71375,398.28238,0.80012345,445.2019,445.72415,0.9021178,388.2609,440.28787,0.89506125,464.86383,407.73306,0.8470835,498.3627,391.106,0.8452745,530.3464,372.15918,0.81638104,556.0878,342.25885,0.94697773
1151,365.8123,432.60587,0.8487977,386.58423,453.17285,0.915654,386.37906,428.82443,0.8889535,419.6602,431.94354,0.924412,445.88266,418.07983,0.90966636,432.26535,398.50864,0.7985278,447.9138,444.99265,0.87698954,390.60098,441.2591,0.88598096,467.11884,407.75275,0.87166375,500.60947,390.29294,0.86702985,532.5867,371.44107,0.80042386,558.651,342.20724,0.9462448
1152,368.78745,433.33887,0.8431356,389.1209,453.6455,0.92099744,388.96265,428.83044,0.9165779,421.86707,431.57397,0.92128545,448.81964,417.87332,0.85266656,434.74808,398.57907,0.8426021,450.7825,445.76764,0.8325163,393.90018,440.43372,0.8928572,469.2235,407.807,0.88806975,502.6005,390.22757,0.85961586,534.375,371.17535,0.7776529,560.8252,342.13083,0.9169246
1153,371.01828,433.15546,0.92392075,391.13544,454.77917,0.91232234,391.72174,428.94864,0.8790565,424.2674,431.59702,0.96734226,450.76816,419.20782,0.9223366,437.78616,398.3806,0.8683756,453.22943,445.53894,0.85174114,396.7231,440.51407,0.86798036,472.0873,407.92963,0.8510206,505.50504,390.79578,0.8620475,538.31433,370.47293,0.7512296,563.0996,341.67953,0.9585426
1154,374.37543,433.6663,0.89776504,395.18912,455.4329,0.9187065,393.96075,429.4325,0.815056,426.96634,431.84473,0.9879165,453.49594,419.4294,0.9469268,440.6735,398.44952,0.8358465,455.4376,445.8103,0.8916236,399.09845,440.3542,0.7913642,475.0508,408.27356,0.85746557,507.85428,391.72894,0.88204056,541.3195,371.84784,0.8084629,566.6478,341.62863,0.9364426
1155,377.7776,434.3105,0.9068464,397.3724,455.86887,0.93641716,397.55872,429.122,0.8062062,429.96716,432.22153,0.94150424,456.80093,419.00928,0.8955757,442.24802,398.00323,0.83606404,457.90894,444.92,0.8902995,401.7794,440.39734,0.864313,477.8706,407.66623,0.8322655,510.89722,392.15295,0.85049427,544.09656,372.55875,0.7962604,568.5351,342.8636,0.8965053
1156,379.76593,434.57025,0.91213083,400.07208,456.01657,0.890128,400.1853,429.31454,0.80276203,432.833,431.7864,0.89138323,458.30508,418.548,0.94530207,444.72162,398.3898,0.80803514,460.66263,444.88538,0.9121077,404.09683,440.81177,0.90996426,479.95212,407.78613,0.810931,512.9421,391.71747,0.8283492,545.5038,373.48737,0.80529886,570.7385,343.18417,0.91007614
1157,381.76282,434.75696,0.8512484,402.6035,455.92352,0.94711417,401.73257,429.52597,0.871786,434.7835,431.29538,0.9384643,460.94473,417.9246,0.9167201,447.40213,398.46814,0.79432744,463.10974,444.31082,0.8938394,406.46094,442.01767,0.8899586,482.30972,407.8072,0.8558516,515.4787,391.0384,0.86301064,547.4148,373.04453,0.80225956,573.2351,343.15182,0.9139786
1158,384.65097,434.33746,0.8282416,405.97223,455.81055,0.92266124,404.4688,429.28702,0.9121381,437.54276,430.89496,0.9435513,464.33286,417.517,0.85352296,450.10925,398.52954,0.85288334,466.3887,445.06958,0.8411702,409.2676,441.77438,0.8935631,484.8141,407.78012,0.87305355,518.25244,390.51996,0.86159956,550.54065,371.86847,0.76541513,576.1434,342.64755,0.9096668
1159,387.05212,433.94412,0.9100665,408.9495,454.2997,0.8960587,407.45566,429.1202,0.88427824,439.98434,430.94098,0.974318,466.29105,418.6525,0.9061968,452.999,398.34094,0.8774032,468.5927,445.2899,0.8748184,412.785,440.34018,0.86995614,487.27777,407.6467,0.85732085,520.6391,390.72882,0.8653859,554.13257,371.30695,0.73809034,578.13446,342.3355,0.9111044
1160,390.12146,433.09552,0.87380815,410.91412,453.86533,0.8583959,410.12793,429.14792,0.8266626,443.1751,431.01834,0.99599636,469.28122,418.8172,0.9351221,456.66498,398.14618,0.84780127,471.47675,444.86853,0.89588743,415.45175,439.5746,0.7896322,490.59723,407.3808,0.87958616,523.2809,390.9333,0.89451104,555.87616,371.98734,0.78407615,579.43756,342.72482,0.91073126
1161,393.57336,433.05334,0.8776057,413.36002,452.8918,0.8355152,413.94724,428.53995,0.8171166,446.51398,431.00885,0.95255697,472.64062,418.53802,0.8936877,458.14822,397.70813,0.8251597,473.60376,444.44144,0.8878856,418.35327,439.45898,0.86862135,493.42017,407.16803,0.8547176,526.08984,391.02563,0.8581992,558.27124,371.42166,0.7893792,583.01697,342.06223,0.9207797
1162,396.14056,433.38986,0.8769748,417.0243,453.94226,0.8696013,416.112,428.68646,0.85592324,448.95923,430.25833,0.9075316,474.62262,417.75772,0.93649614,460.90564,397.96707,0.8076687,477.30972,443.6815,0.90086526,421.22125,440.13165,0.8870367,496.20856,407.06888,0.8392044,528.6367,390.52234,0.83595294,560.5449,372.0526,0.7920185,584.76526,342.2561,0.9016628
1163,399.1253,434.05136,0.7915406,420.11047,453.48212,0.90897244,419.05164,428.28925,0.9246483,451.97086,430.1178,0.9637203,477.86713,417.0636,0.8852269,464.2625,398.2183,0.8064493,480.423,443.0591,0.86959934,424.28833,439.8049,0.889102,498.65,406.9386,0.8888219,531.484,389.88248,0.8648916,562.98816,372.11655,0.7932838,586.78625,342.19052,0.92753386
1164,401.26553,432.81076,0.84686345,423.49786,453.267,0.9099558,421.55435,428.28152,0.9035649,454.4627,430.03534,0.9316326,480.87875,417.65607,0.83109236,467.22357,397.97882,0.87675875,483.62567,443.68286,0.8638832,426.95197,439.45612,0.91881585,501.16837,406.87128,0.8891574,533.7642,389.5291,0.8587224,564.85895,372.178,0.78632206,589.58264,343.5724,0.9219616
1165,403.9935,432.75766,0.9209471,425.87994,453.54843,0.8849268,424.70996,428.63953,0.84253687,457.0521,429.87955,0.9901326,482.99677,418.00998,0.9050173,470.16147,397.81586,0.8810807,485.69107,443.90945,0.8938273,429.7494,439.52164,0.87271166,503.8043,406.76184,0.8639393,536.57764,390.071,0.85026217,567.96796,371.57785,0.7395636,591.74774,343.65292,0.883228
1166,407.43716,432.97275,0.8439354,428.30594,452.87448,0.8471202,427.70557,427.84818,0.8224757,460.51163,430.19962,0.97989255,486.19705,418.21756,0.9253846,474.15533,397.80927,0.8358456,488.75238,443.94064,0.90073895,432.6691,439.16534,0.8445029,507.11792,406.39746,0.89644593,539.2267,389.93155,0.88061625,571.4573,371.75967,0.7856446,594.4923,343.5432,0.8667536
1167,410.56482,433.30698,0.91993976,431.69577,454.1161,0.7904832,431.4173,427.8914,0.8162085,463.74323,429.8103,0.91643965,488.4904,417.9314,0.91262794,474.78177,397.6764,0.8266644,490.82205,442.8749,0.8982271,435.49414,439.43988,0.8904822,510.10138,406.10678,0.8687717,541.9069,389.8535,0.8524223,573.7098,371.95538,0.8145496,597.175,343.45715,0.89692795
1168,413.7022,433.9376,0.8591383,434.46692,453.16406,0.8535197,433.6203,428.06537,0.8949743,465.79865,429.58658,0.9200134,491.5474,416.89124,0.9217009,478.1764,397.47498,0.7926385,493.7253,443.035,0.88498574,438.65268,440.52716,0.8750124,512.7091,406.3892,0.8647663,544.766,389.45007,0.84044385,576.4957,372.29965,0.79236305,600.5857,342.30368,0.88570666
1169,416.22134,433.46808,0.77780855,438.13336,452.80182,0.8931119,436.1239,428.22296,0.91348356,468.34283,429.26825,0.9483165,494.42642,416.62833,0.8663938,480.87292,397.70758,0.83557016,496.289,442.7695,0.8566138,441.5037,439.42108,0.91374373,514.85626,406.3027,0.9064732,546.69086,389.0402,0.856116,577.813,372.84125,0.795512,600.7887,344.26987,0.90431076
1170,417.73425,433.96802,0.85190845,441.11276,452.65717,0.9111517,438.5532,428.2176,0.9032509,471.0344,429.29996,0.92514485,497.4734,416.8781,0.84207326,483.79205,397.48706,0.8880361,499.96536,443.07825,0.85580325,444.22723,439.07602,0.90784657,517.42114,406.10364,0.9194233,549.6017,388.4702,0.8521583,580.1893,372.90872,0.77242357,602.3547,345.31802,0.8815217
1171,420.0548,433.60138,0.9153223,442.41013,453.0855,0.8129955,441.54797,428.7846,0.82732785,473.7316,429.34036,0.97008497,499.33145,417.38205,0.8930152,487.17798,397.33853,0.8805477,502.152,443.18735,0.887796,446.79446,439.6911,0.8251228,520.2237,405.9403,0.86966354,552.4233,389.36115,0.832214,582.8325,372.32773,0.7349614,604.9538,346.72565,0.8418166
1172,422.79,433.3773,0.86907566,445.727,451.83133,0.7917647,444.44037,428.11127,0.8334623,476.7407,429.38882,0.96594965,502.3079,417.36652,0.91268307,490.1435,397.1671,0.85458344,504.94028,443.31976,0.8939307,449.4519,438.81345,0.8482375,522.97595,405.30728,0.91122824,555.3027,388.23907,0.8763132,587.5373,370.75037,0.78137606,607.4137,346.61865,0.6865758
1173,426.4312,433.42264,0.8884635,448.83224,451.29486,0.77241635,447.4566,427.80066,0.8287831,480.15378,428.60822,0.8953667,504.51688,417.04068,0.9086041,491.34467,397.1011,0.82138044,506.55408,442.6416,0.9036887,452.90457,439.18884,0.8840394,525.85394,405.08112,0.90323335,558.5394,387.7582,0.8601393,590.6899,369.00943,0.76364726,611.82184,348.09827,0.34115982
1174,428.29666,433.512,0.85149693,452.2253,451.41373,0.8388406,450.38535,428.06927,0.8843412,482.4652,428.67612,0.92582816,507.82465,416.23315,0.907625,494.56912,396.77258,0.79519445,509.83185,442.62677,0.87979084,455.9897,439.1274,0.8841665,528.6358,405.6046,0.89359564,561.66125,387.66385,0.86762655,593.9961,368.31015,0.7864009,614.44415,349.26062,0.21823743
1175,431.68127,432.71417,0.7427577,454.59442,451.6224,0.87761784,452.5783,428.108,0.90329653,484.73294,428.6645,0.94213617,510.78534,415.9031,0.8382756,497.4629,396.88046,0.8342701,512.60065,442.1345,0.8437908,458.14218,438.87408,0.923007,530.743,405.32037,0.94845235,564.42816,386.9511,0.88508135,597.33575,368.43976,0.7529071,593.4159,468.72467,0.116215356
1176,433.40765,433.1162,0.8282611,455.98447,451.80234,0.87583643,455.0891,428.31967,0.88118166,487.1073,428.8276,0.9345009,513.49457,416.04797,0.8378531,500.05594,396.59937,0.8806879,515.7112,442.70673,0.86143064,460.69785,438.77554,0.8921004,532.86993,405.09415,0.9493594,565.7572,386.95352,0.8751063,595.77966,372.16913,0.68301225,611.19135,354.5993,0.12759115
1177,435.29514,433.44095,0.8880154,458.89224,451.67282,0.803724,457.70975,428.74643,0.8158639,490.04858,428.67426,0.97951144,515.50757,415.92664,0.8963728,503.20413,396.7689,0.8755155,518.9848,442.07504,0.8894081,463.06436,439.3807,0.81145525,535.1137,404.61157,0.89364886,568.6467,387.5075,0.8046927,598.1038,371.96985,0.6212179,610.8769,365.76834,0.111046694
1178,439.25443,434.06598,0.8664156,461.9607,451.56137,0.7920831,460.35532,428.10016,0.83219284,492.88132,428.75174,0.972833,517.9639,415.9751,0.90418404,506.0834,396.75278,0.8634104,521.28784,442.09473,0.8867836,465.7857,438.75964,0.85028684,537.80273,404.77444,0.9200466,571.389,387.1264,0.8152271,599.787,372.5378,0.5149622,609.81366,366.39612,0.1254166
1179,442.23587,434.24765,0.89380825,465.2843,450.9754,0.8111992,464.44092,427.80356,0.8189234,496.3227,427.2805,0.894906,521.17535,415.82425,0.91602546,507.72287,396.3624,0.82190233,523.0322,440.58847,0.88119286,469.07724,438.95547,0.877118,541.254,404.3255,0.92502576,574.2977,387.20425,0.81495637,601.7512,372.62112,0.42565724,614.23535,360.03168,0.0962996
1180,444.84564,433.20868,0.7972021,469.81757,451.12067,0.84059733,467.9245,428.44308,0.90026206,499.5301,427.508,0.9361935,524.3191,415.58948,0.9409709,510.45544,395.5492,0.7989002,526.7052,440.06653,0.8698274,473.43762,439.05185,0.89516485,544.00995,404.4491,0.88721174,577.8891,388.44873,0.80077964,605.7459,372.767,0.40234488,614.8246,362.82758,0.124166176
1181,447.0884,428.94186,0.8339286,472.1469,449.96204,0.856897,471.3937,428.12036,0.7865756,503.2783,427.9721,0.8963271,526.1115,415.83664,0.8779702,512.564,395.92593,0.8292311,528.3655,440.74936,0.88932174,476.42746,438.15988,0.8732271,545.78217,405.32043,0.93660504,580.26556,388.134,0.8347609,608.7556,374.26315,0.31094208,614.78577,364.9952,0.07638511
1182,446.74783,425.25797,0.7700881,471.44818,449.20877,0.8667769,473.07184,427.0861,0.8060534,505.0693,429.18356,0.9427918,528.18304,415.6098,0.81283724,515.04346,396.28488,0.84864515,530.8483,441.4328,0.8987193,478.11417,437.065,0.80946517,547.8044,405.58783,0.95355433,582.49445,388.32104,0.8301144,610.8258,373.74338,0.34016946,615.40375,363.3676,0.07429788
1183,445.09827,422.05298,0.81815153,471.12094,446.29785,0.8275264,474.2222,426.7111,0.81837684,507.18582,429.77576,0.94426095,529.76465,416.12775,0.8457063,517.4853,396.55484,0.86363566,533.065,440.82797,0.87030303,478.65082,436.3113,0.79524016,549.23517,405.7806,0.94501776,584.1115,388.64014,0.8108024,612.00085,373.87,0.3373393,616.23395,362.93686,0.07244751
1184,442.59442,419.65753,0.856485,468.7626,444.33875,0.7537028,471.91187,425.0619,0.81868535,506.79407,430.01605,0.95611566,530.28955,417.13226,0.8558526,519.2891,396.88278,0.86748606,534.29376,440.99545,0.8934076,477.14978,434.70706,0.83278495,550.98224,406.84686,0.8873543,586.38556,390.553,0.81337523,613.02625,374.43234,0.32880154,616.73016,363.7915,0.07656132
1185,437.84406,417.3983,0.88315123,464.79532,443.4045,0.76251787,469.29434,422.9415,0.8866866,504.7949,430.0959,0.97959965,530.5144,417.68457,0.87931675,519.8682,397.09427,0.86573535,533.811,441.2998,0.8964577,473.8974,432.9907,0.8399575,551.9008,407.94083,0.84932876,587.8735,392.42664,0.84464437,613.1326,375.5551,0.31950054,616.86694,363.91824,0.06606441
1186,433.74805,415.691,0.85300356,459.54407,442.33228,0.8119686,464.6349,420.03836,0.8662792,501.46643,429.63022,0.93501306,529.8585,418.2053,0.88010615,520.1493,397.28766,0.8755315,531.39197,442.2954,0.9201848,468.76257,431.5893,0.7782184,552.2896,409.43112,0.88403064,588.1523,393.73282,0.88488936,611.5125,376.24802,0.31769574,616.31647,363.64984,0.05772401
1187,431.0992,413.38147,0.839963,452.5454,438.39288,0.78212774,459.59042,418.9157,0.80931395,497.64835,429.5392,0.90085346,527.8412,419.51416,0.88465077,519.4458,398.19684,0.8770785,528.2109,443.47333,0.91145533,462.68646,429.9826,0.75687975,550.66473,412.16333,0.95670325,587.0303,396.55847,0.8619896,609.92694,384.51456,0.2969761,613.886,369.4888,0.076124586
1188,426.08557,412.44336,0.8381153,447.37778,436.6786,0.69137424,454.43768,416.5304,0.8603161,492.23535,429.1512,0.96066284,523.4622,421.03162,0.92781144,515.8348,399.4228,0.82082766,522.03766,445.60486,0.9304468,456.8101,428.2493,0.7532479,546.98035,416.94717,0.9418021,584.09564,401.56573,0.8317265,611.6013,387.0099,0.37214205,614.0213,372.0165,0.18208167
1189,419.31998,410.10583,0.94341063,442.14896,435.43506,0.75426096,449.56418,414.81445,0.8236384,486.8671,428.56522,0.8978567,518.8449,423.82248,0.9616698,513.4909,400.44193,0.8627289,516.5206,446.97388,0.8306587,452.80594,426.6427,0.8029923,542.3615,418.68057,0.9672367,581.13275,406.38177,0.8499754,609.41504,393.88806,0.4065946,612.53326,384.0396,0.14186883
1190,414.59152,409.25226,0.8137359,435.74915,434.59384,0.95856375,442.56113,413.95743,0.87749,480.30722,428.21664,0.86267084,513.9629,423.9315,0.9312293,507.82858,400.4525,0.9160935,509.06314,448.02396,0.850493,446.14786,425.42697,0.7816611,537.8638,422.16583,0.8835218,578.14514,413.41302,0.8040832,605.97644,401.82486,0.34625116,612.87085,392.45526,0.09931896
1191,409.44516,407.73813,0.7610786,430.97156,433.47815,0.819959,438.55383,412.87784,0.84588593,474.0282,427.80963,0.93024284,505.08423,424.6759,0.8759657,500.76727,400.1512,0.94276035,499.23325,448.4835,0.84403515,442.54,423.62405,0.83851075,531.74335,423.92386,0.9232538,572.2377,417.50217,0.7404828,601.61176,408.11456,0.40985033,614.1605,69.22491,0.05171306
1192,403.86005,406.2211,0.90979147,423.79434,433.0144,0.85167986,433.7008,411.5591,0.84273845,467.0812,426.76263,0.89170325,498.9512,425.24298,0.97298723,494.02002,399.73303,0.90135235,489.98325,449.31335,0.7566804,436.76633,423.4689,0.85922337,525.56915,424.9958,0.8920832,566.3754,419.45447,0.8137008,598.5414,411.92636,0.44226053,614.14166,69.25568,0.051970016
1193,400.3943,405.97403,0.9027891,419.12616,432.1155,0.95524365,426.92484,411.09418,0.89348656,462.45413,426.21362,0.9017084,493.45233,423.95276,0.89500004,489.21188,398.58447,0.9153834,483.91605,447.38794,0.84082776,430.61053,422.61877,0.7966753,519.3041,426.00226,0.9316675,561.192,421.21616,0.78723246,597.23694,412.66214,0.5154413,614.13104,69.269554,0.05124501
1194,395.96402,406.84506,0.80432945,416.7548,433.534,0.93367916,423.785,411.03696,0.80970305,458.92435,424.81586,0.89853835,489.12802,423.73682,0.88509,487.41275,398.7507,0.92053694,479.88232,447.621,0.74940485,427.85446,422.0341,0.8344624,513.8263,427.2175,0.9494932,557.1129,422.83408,0.8329279,594.8478,411.3489,0.6805251,423.39487,412.08676,0.0602662
1195,390.69955,407.34583,0.8063983,413.8356,433.6482,0.92027336,421.27728,411.13962,0.8526004,455.34485,425.08438,0.80481255,486.2436,424.56845,0.9286172,484.63153,399.11557,0.93257993,474.9359,446.94153,0.7081076,424.52325,421.98773,0.8500876,511.22827,429.30765,0.96167064,553.784,423.88763,0.7748652,590.5047,413.1269,0.6811896,606.80493,399.8899,0.31539965
1196,385.5722,407.15662,0.86087203,407.10553,432.84122,0.9381414,413.37326,410.44464,0.87825584,449.91333,425.6086,0.83925045,482.1978,426.05408,0.8948491,481.97336,401.0212,0.9833916,470.40384,447.70367,0.78553724,418.64474,422.90292,0.8698747,506.7948,431.24493,0.94863683,546.9136,427.9371,0.7541338,579.92676,419.20438,0.695399,600.6898,397.77844,0.786972
1197,380.8205,405.62695,0.8338488,400.24966,432.15677,0.92361265,408.25778,409.35583,0.8939163,445.487,426.14062,0.90400755,478.9823,425.90625,0.8590438,479.17438,401.00204,0.9447492,467.1018,447.4515,0.78140223,412.2531,421.0157,0.86451316,503.24655,430.62582,0.9180996,544.7851,428.81195,0.767302,577.2944,420.6153,0.7014058,597.72406,396.55948,0.8777442
1198,377.8267,405.1067,0.8773852,396.447,432.00494,0.8924073,404.79877,408.85254,0.89459485,440.33432,425.56122,0.8203022,474.65237,426.2232,0.88127786,474.77173,401.8079,0.9375718,464.36017,448.48212,0.7523901,407.61774,420.85733,0.8681289,499.56073,430.50192,0.9572223,541.5562,429.86813,0.747406,574.9857,422.0287,0.6607616,596.6523,398.22473,0.8744759
1199,373.09836,404.82367,0.97891295,392.65048,430.95013,0.84019524,399.77353,407.97836,0.8464457,436.38406,424.2218,0.8610023,471.40033,425.1758,0.9622807,471.48047,400.6367,0.8875695,460.20447,447.6472,0.82652545,403.87674,419.7159,0.910461,495.55328,429.16083,0.9178247,537.289,429.67102,0.6704601,573.10333,423.72363,0.70769435,595.4983,401.10074,0.75491166
1200,369.08398,404.66907,0.9457072,387.80283,430.03308,0.9140441,395.08807,407.22992,0.83104223,432.62402,423.8437,0.8557057,466.39905,424.64447,0.9480991,465.46457,398.83188,0.9287162,456.13138,446.71185,0.8143543,398.5972,418.5237,0.7992314,492.02753,428.79636,1,530.8548,429.90097,0.75178534,568.40546,425.72928,0.6704453,593.759,403.62814,0.7858833
1201,364.85364,405.73132,0.88470525,384.68753,429.2706,0.82578796,390.89777,406.0927,0.86406195,428.34152,421.66824,0.88795274,462.2473,422.7235,0.9087983,460.43924,396.41028,0.9222436,451.60022,445.4458,0.817154,394.67343,417.8002,0.8512087,487.65317,427.39212,0.98800343,527.60986,429.57846,0.65106064,564.6048,426.2872,0.71596736,590.3395,403.57388,0.80346036
1202,362.92056,406.0868,0.8914381,382.65625,430.5303,0.8258094,387.25754,404.66574,0.8817727,424.4644,420.39908,0.83652127,458.19205,421.56964,0.9221645,455.1376,394.36044,0.8398957,449.3869,444.21307,0.81333554,390.73108,417.68362,0.7985995,483.62555,425.03152,0.9490647,525.02576,428.18518,0.69592166,560.3663,427.58936,0.683572,585.3703,405.24683,0.73905456
1203,360.64124,406.13293,0.88038206,380.3126,430.71555,0.84901756,384.10425,404.6059,0.8555539,421.40146,417.30173,0.863148,454.70367,418.2764,0.9154463,450.53665,392.5516,0.87613255,446.00906,442.10822,0.85280585,388.09058,417.32886,0.8426697,479.19464,421.49664,0.91290057,518.8824,426.95142,0.7449502,557.98706,425.28564,0.6911617,585.21655,405.66586,0.7634133
1204,355.88983,404.74655,0.97623956,375.16672,429.5162,0.9260931,380.36783,404.30136,0.882431,416.70544,415.5186,0.837485,451.00482,416.42618,0.88418645,447.0415,389.1259,0.89527863,441.96558,439.79242,0.8517084,384.54105,415.52628,0.78211653,475.5543,418.2619,0.94134647,515.3735,420.0406,0.84208083,554.93164,421.68362,0.8220158,585.3668,404.64572,0.7947254
1205,350.93658,402.6416,0.8347169,370.0215,428.55386,0.96868575,375.8936,401.9998,0.88681024,414.3314,415.2214,0.85382867,447.17462,414.3148,0.7887157,443.67966,388.14658,0.9640997,437.49954,437.79782,0.84938776,379.6574,414.77844,0.7846613,471.3324,417.2777,0.91297454,512.4577,417.502,0.8359042,552.1472,416.00537,0.7600742,584.8737,397.27838,0.8615272
1206,345.96585,399.9479,0.8173807,367.22745,426.88232,0.8719466,371.60287,400.29794,0.92938,411.5151,414.95517,0.8869623,444.82092,413.82727,0.8212267,442.0472,387.78503,0.9324327,433.45773,437.32642,0.78740716,375.54736,413.92194,0.8127439,469.4277,417.28958,0.9520631,510.02444,416.13736,0.85456795,550.0057,410.19055,0.7694414,580.3585,386.08203,0.8348193
1207,340.58456,397.6802,0.9036546,361.2348,425.96185,0.8972185,367.36304,400.33148,0.8650475,405.46054,415.1946,0.86230516,440.3612,414.2897,0.8748315,439.13663,388.76956,0.9430947,428.2208,437.98547,0.6901127,372.2173,413.30505,0.8980026,464.5597,418.07043,0.956939,507.07266,415.87598,0.8201718,544.78656,406.95358,0.7513883,572.2251,380.40518,0.83779615
1208,338.1821,395.99313,0.9372609,352.9624,423.95074,0.9214758,362.0606,399.91428,0.8605125,400.45416,416.59894,0.79301554,436.7134,415.02454,0.9264645,435.02457,390.89417,0.93476164,423.77017,439.34973,0.648064,365.00385,412.41232,0.80838794,461.02206,417.98972,0.9580168,504.20142,416.1508,0.81426084,540.68317,406.7892,0.7693782,568.60565,381.7728,0.8775891
1209,333.9352,393.86133,0.8627091,347.20685,421.0396,0.9174352,357.03293,397.16928,0.86183256,395.46722,415.55832,0.86905545,432.1462,415.63757,0.8538698,432.06473,390.99377,0.91403747,421.46317,438.7088,0.67033625,360.03418,408.65683,0.8006798,456.75598,418.64243,0.9678237,500.19858,417.4922,0.83962286,537.4285,408.60858,0.7168197,563.99445,381.61536,0.91462326
1210,328.2129,390.48114,0.81827664,343.97083,419.68378,0.9233857,354.30597,396.19873,0.91844535,390.30154,414.39563,0.84950274,427.6413,414.5296,0.8303229,425.62958,389.33167,0.9483736,418.51743,437.5419,0.78042614,357.31027,408.54648,0.91034055,453.31253,416.55545,0.9245927,494.9972,417.09396,0.8233065,533.94073,410.6388,0.7679264,561.62067,386.6263,0.85474443
1211,322.96378,387.24518,0.99667746,336.65298,415.89365,0.87225026,347.72836,394.11615,0.9187019,384.27777,412.15936,0.8335367,422.6851,412.82098,0.93799585,420.30884,387.1743,0.9937232,414.2789,437.13092,0.79781586,350.58932,405.66684,0.81907135,448.76614,414.71716,0.8966362,490.15588,415.28998,0.7942382,529.8974,412.2166,0.78081495,561.82574,390.18912,0.83873737
1212,318.74786,383.94003,0.8917084,331.94888,413.94415,0.97074986,343.14343,389.5113,0.9011349,379.659,409.64197,0.86319405,417.23944,411.37656,0.9253854,414.6342,384.80356,0.97390777,407.94022,435.0873,0.7473673,345.03952,402.25183,0.8411492,444.42026,413.353,1,486.50192,413.58374,0.83812875,526.7782,408.68738,0.73524517,557.6961,389.1151,0.80033195
1213,314.47696,380.21753,0.8717622,325.32693,408.66074,0.9828204,336.9807,383.8814,0.85994166,373.136,405.97018,0.8656046,411.04453,408.39975,0.84003,408.1014,381.75256,0.88183624,401.9754,432.09528,0.77315104,339.85712,397.58932,0.8125967,438.49213,411.54987,0.9731795,480.31638,411.95703,0.7985465,519.87,407.7069,0.75221586,551.70233,387.41833,0.8583336
1214,308.90613,378.01227,0.8928246,320.22604,406.08044,0.9487957,331.2958,380.9334,0.9185987,367.46375,403.08307,0.85486794,405.25452,405.97336,0.95272696,401.56607,379.32126,0.83340865,395.32935,429.50836,0.9171476,333.7589,394.2467,0.79108673,432.05917,408.49,0.88664097,473.47015,409.82428,0.81500155,512.8637,407.02527,0.75870925,544.1281,387.15488,0.84231603
1215,302.24493,375.33383,0.85651845,315.8476,403.19098,0.89225894,326.79642,379.74075,0.875447,362.6107,399.0958,0.8132362,399.61255,403.01224,0.8836476,397.0089,375.1961,0.88652545,388.4866,426.78983,0.88462216,329.2971,391.98627,0.78046703,425.94464,406.5564,0.914747,469.0386,407.1882,0.8383305,508.56232,404.5159,0.80778,539.4931,385.1097,0.8508329
1216,294.78293,372.69876,0.93103063,312.43826,402.16718,0.88610595,320.04315,377.26028,0.88071126,357.98694,395.9535,0.85411435,394.67505,399.89838,0.8529385,393.98477,373.874,0.97058046,382.3726,423.7773,0.8304336,324.46884,390.08035,0.8960422,421.2036,405.0919,0.9471095,464.39758,406.23694,0.820089,505.74478,402.40866,0.7673591,537.90875,382.88788,0.8632497
1217,291.46393,371.1511,1,305.07443,400.1699,0.94210786,314.12567,375.15988,0.8957692,353.19778,394.14264,0.8368292,391.71548,398.5606,0.8509911,391.74805,372.93033,0.9489799,377.286,421.47357,0.8239055,318.45215,388.20718,0.8152374,416.14185,404.64978,0.95073587,460.14172,407.15918,0.7986264,500.93317,401.7018,0.78325385,532.54486,379.38712,0.92879164
1218,289.63852,370.31836,0.99486744,298.82593,399.55328,0.93963015,311.0361,373.1817,0.94409376,348.814,393.69308,0.83687246,386.6092,397.9477,0.84833115,388.14624,371.3264,0.9789204,371.55432,420.91968,0.8485111,312.7392,386.7395,0.8376595,411.57675,404.83423,0.9437184,455.11533,407.39075,0.80662906,495.96786,401.66583,0.72887146,526.6138,380.43158,0.8546082
1219,286.38876,368.14883,0.8810488,296.36325,399.03622,0.8922701,307.36966,372.03348,0.9334854,342.89304,393.81433,0.80340624,381.88422,398.32294,0.7850238,385.2947,372.57532,0.9251573,365.7413,421.52573,0.78312016,309.14584,385.6795,0.9066566,407.1565,404.046,0.9496193,449.6006,406.5638,0.8320736,490.79193,402.6299,0.74660486,522.0573,382.75565,0.8784675
1220,280.14346,361.98282,0.8856446,289.00012,394.0864,0.97171694,301.81848,370.07928,0.91718405,336.89062,392.8991,0.8162231,377.18234,397.50537,0.8114005,380.1662,371.80795,0.97158045,359.15625,421.0544,0.6918117,303.90665,383.94937,0.86307305,402.14545,404.2048,0.9767842,445.08832,408.47266,0.81182784,485.26654,403.26642,0.80579674,517.02747,381.9989,0.93098986
1221,274.17587,359.51556,0.9343861,283.24573,389.8231,0.7905109,296.0328,368.79166,0.84452426,332.10602,392.2747,0.87715757,372.64224,397.44708,0.89381135,375.37436,370.94034,0.9569922,355.60345,419.6546,0.7670112,298.5813,380.41626,0.72961056,398.78317,403.36905,0.9570349,440.58945,409.49655,0.7913398,481.40353,404.0672,0.77025896,512.91077,382.38214,0.8640847
1222,269.60037,358.5968,0.9073254,279.6149,388.15497,0.8860836,292.3618,365.46442,0.9195239,326.79486,388.45102,0.8821999,367.62265,396.26428,0.82810193,369.93588,368.89825,0.96933997,350.89297,419.05298,0.7345518,294.29575,377.23615,0.77525043,393.95038,402.71844,0.94721085,436.89795,406.9153,0.8378244,479.92685,404.3008,0.8149589,512.78235,386.73846,0.8894403
1223,267.95883,356.09702,0.981565,274.9299,386.099,0.9325174,288.2677,362.01987,0.9431875,321.88217,386.1556,0.866191,363.0877,393.2022,0.8325315,365.9421,367.19595,0.9345399,347.13834,415.7499,0.80355084,290.86197,375.04456,0.90228474,390.11804,399.30676,0.9701955,431.91904,404.44232,0.86211175,476.02982,405.20413,0.8863115,511.35278,389.39734,0.8232446
1224,265.0778,355.55014,0.99108815,272.67395,384.8894,0.89059114,285.27014,359.74554,0.978421,319.5848,383.8984,0.82373667,359.7174,391.32242,0.8689511,361.37955,366.02728,0.8635546,345.32962,413.42532,0.8659618,288.1819,373.47504,0.87538606,385.69214,397.43484,0.9891427,426.98282,403.54202,0.8502467,470.4516,405.10437,0.9187956,505.5826,389.57758,0.8785124
1225,260.5307,357.0563,1,271.35333,384.13486,0.8961504,281.69797,358.46732,0.9053897,318.39114,382.13705,0.8408478,355.42285,389.02237,0.9258868,356.53058,361.64026,0.8650865,342.79245,411.45596,0.83958805,285.1916,372.40558,0.8554834,382.7314,395.60895,1,424.1759,403.87762,0.8256934,466.36316,405.95026,0.86449367,502.56717,390.44543,0.88779783
1226,256.00482,358.85193,0.92840856,269.6492,383.35052,0.8920345,278.41492,357.34763,0.89163214,315.09607,379.421,0.8769535,352.0178,386.7398,0.8415597,352.47092,360.40393,0.7917766,340.30466,409.01688,0.8236072,281.6589,371.02887,0.8678663,379.01495,393.03497,0.9682434,421.26053,402.29797,0.8465279,462.61514,405.6165,0.8914382,498.7848,391.88953,0.88859063
1227,253.21701,359.05847,0.9365215,267.4122,383.90396,0.9083026,273.51266,356.20596,0.8563525,312.707,376.87756,0.83851886,349.2752,383.69827,0.8068618,349.51608,355.48434,0.8565094,336.8301,406.14136,0.8453777,276.59058,369.84262,0.8243157,376.384,389.7296,0.85367876,417.2128,398.21777,0.81010973,459.35306,404.0869,0.8815822,494.90164,389.722,0.8678369
1228,251.81741,359.7153,0.9358406,265.1473,384.8065,0.8916457,271.83475,356.69974,0.9430702,310.638,374.3731,0.85612804,345.8668,380.13702,0.8087187,346.2711,351.80734,0.89483196,333.11237,403.42603,0.8760934,274.44574,369.6111,0.84014213,372.5186,386.27573,0.93849933,413.44,394.6427,0.84704953,456.68048,400.14642,0.793438,493.10303,386.6359,0.8986862
1229,249.46965,360.654,0.8789476,264.0533,386.84885,0.88950926,269.04633,357.24396,0.95552856,308.17346,373.4406,0.870368,344.5193,377.24304,0.8436573,343.43365,349.50497,0.8210137,330.66498,400.24023,0.85323733,273.27292,370.7,0.8608275,369.95096,384.46863,0.9221037,410.65427,392.03268,0.8329488,454.0983,396.30457,0.75025016,492.09894,380.89264,0.9142736
1230,247.2692,361.42334,0.8141552,261.38858,387.3754,0.9805379,267.02945,358.3721,0.9106901,305.8808,373.40942,0.8441696,342.0252,376.28104,0.8807047,343.60345,349.51758,0.8641913,328.2051,399.41678,0.81342936,271.6619,372.06476,0.8914192,369.16544,383.86438,0.8925294,409.80597,390.31027,0.8295411,453.06906,393.06653,0.84611654,488.9288,377.18542,0.91587734
1231,246.21265,361.56638,0.83316344,260.81555,387.87207,0.9746737,265.69485,357.78748,0.87272847,304.81137,374.94543,0.8204263,339.70645,376.26013,0.90457636,340.77972,349.22937,0.8903145,324.68906,399.9059,0.8221432,270.6071,372.44766,0.9119543,366.8826,383.20837,0.9486062,408.3298,387.7998,0.8506406,450.37012,389.83133,0.92880464,487.12653,373.36407,0.88402724
1232,246.83974,363.0682,0.83003116,262.01474,389.43222,0.9756183,266.32117,359.35663,0.88821304,304.32898,374.51675,0.8055343,338.4574,376.60367,0.8948801,338.94748,349.08365,0.9119187,323.43784,400.76608,0.8090241,271.15314,373.58423,0.8895589,364.95892,383.44614,0.9828574,407.8724,386.66034,0.9015706,448.17657,387.4651,0.93183875,483.49466,371.4909,0.94736356
1233,247.30603,365.9853,0.8939182,264.68845,392.47043,0.81982094,267.2074,363.38342,0.8586652,304.38998,374.9565,0.7852112,337.54816,376.6802,0.8766595,338.2291,349.53854,0.91765946,322.74854,401.03134,0.79050624,271.75543,375.90625,0.8123196,363.802,383.5042,0.98589504,407.01083,387.21823,0.9212391,448.14926,388.49347,0.9462405,483.74103,372.80176,0.94757915
1234,248.45204,376.24478,0.81716466,267.28223,394.97675,0.85506886,266.30164,366.81717,0.7382024,304.45862,375.7695,0.7911898,336.96783,376.66104,0.86950475,337.983,349.70502,0.9167254,322.94827,400.9322,0.7340061,272.445,378.76633,0.82760227,362.99747,382.83755,1,405.99945,387.1171,0.9577389,447.8267,390.25613,0.9188564,485.21765,375.83508,0.8988438
1235,249.18414,383.54575,0.7752709,268.87912,398.75623,0.9138097,263.249,370.48236,0.7498792,303.63892,378.25235,0.80328417,337.10422,376.62915,0.87469524,337.4063,349.75308,0.9210072,325.13748,401.4483,0.74995524,272.29187,381.64703,0.7611649,363.50037,381.51987,0.99150497,406.84982,386.77948,0.93737453,450.07883,389.85226,0.8738626,487.82086,375.2481,0.8502408
1236,247.78627,385.86383,0.7897742,267.2319,401.57257,0.94686514,262.5946,374.20865,0.7366697,302.99216,379.98563,0.85572904,336.2511,376.38864,0.9157433,334.99963,349.36612,0.94787496,327.54587,402.02634,0.7916889,271.27972,385.87125,0.80384123,364.0952,379.0591,0.9726,405.45166,383.75797,0.88668495,448.5749,388.03223,0.8577175,488.1342,374.14282,0.8521082
1237,248.52396,389.43555,0.7680796,266.60498,403.69055,0.8997417,261.0655,376.82556,0.7135858,302.02072,381.0482,0.8589633,336.2113,376.15656,0.898761,332.31503,348.80566,0.9078837,329.46115,402.30154,0.7703445,269.97552,387.89325,0.8300614,363.1655,375.87744,0.88718754,405.5792,376.89725,0.8630685,450.03824,382.10275,0.8142633,488.44434,366.95047,0.8872634
1238,247.98521,390.79675,0.7680611,266.55612,405.81866,0.88103426,260.55246,380.17508,0.75629646,301.7239,382.3185,0.868932,336.0577,375.52307,0.85861564,327.68933,348.868,0.88427955,331.92572,402.12744,0.8380661,269.64374,389.78055,0.8002167,363.17844,372.01422,0.9523551,404.15826,370.16943,0.94831675,448.89417,372.17365,0.86639476,487.50638,354.9314,0.888535
1239,245.1942,388.35657,0.8820118,264.80585,406.2701,0.9300368,260.436,379.79202,0.7819418,301.28223,383.42444,0.9035193,335.99915,375.19653,0.816547,326.37802,349.48288,0.8534176,333.8121,401.37714,0.8456859,267.87186,390.36624,0.8336691,362.07895,368.27823,0.90440565,403.2388,364.58554,0.9073892,446.1077,360.9006,0.82445997,485.25772,342.35513,0.9179366
1240,242.21895,384.5228,0.8814733,261.21735,406.13687,0.9484807,260.02118,378.7911,0.85138714,299.92792,383.95743,0.9645681,334.04178,372.972,0.8338694,322.32596,349.49585,0.80985564,332.70972,401.03497,0.8692699,265.7202,390.43674,0.8875536,360.78073,364.6759,0.93265843,400.03943,357.88235,0.8948299,443.7949,349.5714,0.7637121,478.97513,328.09958,0.8908608
1241,240.47934,382.52826,0.835271,257.98044,405.3913,0.9223676,257.1047,377.53333,0.85719234,297.976,383.69006,0.9267922,332.45346,371.52347,0.88600284,320.41086,349.4075,0.7744619,331.77338,400.08118,0.92433524,263.4247,389.33096,0.856748,359.10886,362.44113,0.91587585,397.5693,350.6373,0.8996076,436.73798,338.49637,0.78151816,474.10916,315.3574,0.9198459
1242,236.24498,382.8835,0.8700037,253.62209,403.00995,0.9077947,254.41264,375.76285,0.84889334,294.9329,382.60483,0.90049523,330.3499,371.04578,0.90816945,318.48978,348.66043,0.8041026,329.25226,399.597,0.93535525,259.348,388.18448,0.9128257,357.16748,361.7057,0.8933964,393.90152,345.69214,0.9227044,430.6336,329.76257,0.7842847,466.09848,303.81564,0.88134664
1243,232.55605,380.35797,0.82782537,250.40059,401.85904,0.90851873,251.08733,374.1369,0.8555339,292.21216,381.2515,0.8984811,328.06046,371.5936,0.9241329,316.58163,348.29327,0.8385916,327.09503,399.2904,0.8824443,256.60403,386.9057,0.8635906,354.1136,361.98038,0.85606986,389.16373,343.84946,0.86672014,424.76752,324.9499,0.78909737,459.20987,295.4508,0.90921706
1244,227.27295,376.03226,0.8669751,246.62773,400.56952,0.8867151,247.7483,372.3277,0.8537155,288.39044,380.82278,0.8687219,325.03784,372.79944,0.93108827,314.64413,348.70282,0.8411292,323.67462,399.12057,0.8898401,252.08372,385.21194,0.8655891,350.3369,364.24466,0.8419616,386.07974,346.8826,0.88231164,418.7149,324.7016,0.8082259,454.11584,292.56833,0.92666876
1245,222.8081,376.7906,0.81833714,241.31726,399.88467,0.84043086,241.50394,370.90558,0.87124413,284.98755,381.10922,0.9046861,321.12863,374.39627,0.88356346,313.01614,349.4487,0.8394086,316.71136,400.75125,0.89976084,245.69566,383.82825,0.81904566,347.03503,366.32663,0.867571,384.19177,349.31326,0.90261567,417.68472,326.68726,0.82864213,452.69647,294.57748,0.9143767
1246,220.83269,380.00073,0.83194286,239.73088,400.63235,0.86480254,237.79045,372.8318,0.8689153,281.45718,381.16495,0.8660217,318.0653,374.40222,0.8515126,311.23477,349.21704,0.8618655,313.15106,401.8021,0.86240065,243.39465,385.46295,0.8598065,344.32617,369.52185,0.84801596,383.27173,353.41824,0.9073797,418.2917,331.34235,0.7609228,452.56744,300.29602,0.92165697
1247,218.85507,382.50848,0.81935567,236.50476,401.58374,0.87287694,235.71577,373.4744,0.83769494,277.86514,381.31915,0.88128173,314.14865,375.13315,0.91513485,309.0961,349.8699,0.88691545,309.28333,401.52167,0.86725336,241.37236,386.48865,0.86110914,341.8761,370.83325,0.8938636,382.76126,357.88876,0.9418622,418.19177,338.04,0.77670246,453.63428,308.68344,0.94668746
1248,216.9457,388.06686,0.78574973,236.47392,402.98367,0.9011045,232.44858,375.9818,0.7356357,274.4492,382.03326,0.8681203,311.45355,376.70074,0.9004365,307.3099,351.39032,0.9204366,304.38446,403.33395,0.8274059,240.2917,387.4661,0.82173383,337.81577,373.68546,0.87347704,382.23474,362.78976,0.98679876,418.64352,346.8507,0.7478014,455.15497,321.89243,0.881612
1249,216.93085,393.37234,0.7395634,236.50362,406.1498,0.8538498,229.10338,379.934,0.72573334,271.73917,383.21585,0.8270408,308.7375,377.99222,0.924543,304.8364,353.04456,0.9015332,300.1721,405.56387,0.82138515,238.64223,390.2942,0.811089,336.137,378.2511,0.7857564,379.81607,369.04816,0.9102525,418.4302,355.16684,0.7973076,456.16837,332.95023,0.90407926
1250,218.15251,398.98874,0.7300828,239.2863,411.02875,0.8207214,225.89151,384.5696,0.7243628,269.66354,384.37137,0.9202002,305.8797,379.7646,0.87913793,302.23227,353.74368,0.94510394,297.2158,406.3829,0.80429995,236.53857,393.60776,0.81317985,333.95602,380.46625,0.9484376,377.314,372.57004,0.86740977,418.40018,362.90097,0.7931701,456.9599,343.69592,0.8970946
1251,217.97615,404.5879,0.69606173,239.16838,415.75165,0.79784304,225.01929,388.38428,0.7457334,268.93323,386.31516,0.93184286,304.09525,379.91638,0.7995539,299.5621,353.92136,0.9677529,297.962,405.97192,0.75929177,236.62468,397.70917,0.7714771,331.68173,380.89673,1,375.48816,377.31433,0.8669676,417.7355,370.41785,0.84417236,457.73892,354.4703,0.91724986
1252,219.53967,410.2139,0.70625514,239.76787,419.48547,0.86386544,223.43666,394.47025,0.680995,269.3171,387.83344,0.9224478,304.18793,379.762,0.8374736,298.17676,354.88327,0.9328101,299.79077,405.93848,0.79470634,236.86804,401.57022,0.84418523,330.84067,377.90945,0.9462257,372.8669,377.25784,0.89947665,417.4633,374.62173,0.8915842,456.7938,360.90698,0.8653492
1253,225.76102,417.324,0.8398297,243.66946,423.05997,0.8886686,223.50829,401.53912,0.8052682,268.78607,389.01376,0.90971124,303.9038,379.3573,0.8456878,293.5422,355.13998,0.8619136,301.69046,405.75366,0.8421072,238.79364,406.468,0.8878613,330.2295,373.7924,0.87492865,371.06033,371.5172,0.92534095,417.05624,374.1014,0.89969766,457.537,364.1478,0.9115125
1254,230.17995,422.6647,0.81729865,249.82559,426.60645,0.8101494,225.86507,408.20776,0.84997195,269.87177,389.33984,0.8685597,304.57748,378.4273,0.88319194,290.39365,355.4109,0.8456276,305.7168,403.68582,0.8508464,242.38538,410.84573,0.90958154,329.74518,371.1964,0.9196948,369.98135,367.89694,0.8765779,416.38837,369.7325,0.8727885,457.25504,357.17923,0.8794017
1255,236.64066,427.0565,0.77123326,257.1498,430.0072,0.836885,230.6792,412.84256,0.7350309,271.68576,390.50034,0.888324,305.92105,376.66187,0.896866,287.7035,355.42194,0.8248443,307.89752,402.11905,0.8587047,247.45068,415.61243,0.8341366,330.42883,367.39233,0.9462047,370.76422,362.0264,0.90562505,413.8477,359.92096,0.87916285,454.04956,345.9247,0.9625454
1256,241.03676,430.77548,0.7688014,262.42404,432.11758,0.90031976,234.71675,415.87036,0.73285586,274.19943,392.2389,0.9111215,307.1764,374.42758,0.8570833,284.87228,356.88705,0.8151186,311.5273,400.20135,0.855512,251.28853,417.10428,0.851014,330.48282,363.17984,0.9749733,368.9815,354.93652,0.9221874,411.12222,349.20508,0.790723,453.2988,334.8908,0.90686554
1257,243.79123,433.77322,0.9299507,266.8581,434.31454,0.8959263,238.61208,418.42145,0.78828937,277.87723,392.98322,0.9106841,307.34732,372.92157,0.88626546,284.75714,357.3097,0.8287007,315.56726,397.39172,0.9334916,255.73386,419.56104,0.8663721,331.3225,360.346,0.8826902,368.87125,347.83975,0.88143593,409.3816,338.57462,0.8424874,448.9874,320.40295,0.8605851
1258,247.03403,436.8957,0.9339937,269.76987,436.0599,0.891794,239.98569,422.16855,0.85151166,280.54572,393.9121,0.867105,308.76562,371.98627,0.8907842,285.32626,357.725,0.83232033,318.73364,395.4823,0.9217247,258.27814,421.58942,0.86856794,332.5978,358.89963,0.8721015,367.8399,343.10144,0.8686933,406.43652,327.67386,0.85219896,446.08,305.27222,0.8797426
1259,249.50478,437.87924,0.83708185,273.09097,437.9643,0.83604866,244.18185,425.1697,0.7913738,282.80328,395.8102,0.8053391,309.64612,372.02997,0.88237244,285.21353,359.5702,0.7887859,320.87012,395.53436,0.8889405,261.9381,424.96722,0.88436913,333.5987,357.90613,0.8921086,367.4773,337.577,0.86374044,404.02692,319.70206,0.7510106,441.242,293.57654,0.8925781
1260,251.6184,439.39728,0.78851795,276.7948,440.41165,0.86801815,246.57204,426.69174,0.7182089,284.56198,396.77603,0.8196543,311.81842,372.56375,0.92434293,287.11963,358.76074,0.7851309,323.66797,395.413,0.9042654,264.55914,425.52722,0.8695053,334.3405,357.55695,0.8927949,367.22025,335.1945,0.799998,402.3275,315.17197,0.80552524,436.65686,286.88022,0.9036342
1261,255.87662,441.3552,0.7799939,278.81824,441.87466,0.8022121,249.85817,428.59848,0.7620266,286.53638,398.56772,0.81081986,313.10367,373.91727,0.9481874,289.1347,360.81473,0.8375675,326.31418,395.75885,0.89679706,266.74927,428.6625,0.8732445,335.3478,358.29346,0.8644044,366.5459,334.01904,0.8226616,400.1808,311.06967,0.8225923,434.1151,280.7639,0.8631607
1262,260.30765,441.37427,0.8076209,282.2255,443.11594,0.8318093,253.3628,429.61804,0.72932476,288.87634,400.23703,0.87072897,314.65872,375.27472,0.9333095,291.47864,362.33554,0.8643741,328.58118,396.98056,0.83604884,269.81512,429.72906,0.8279444,335.95184,358.9799,0.8591356,366.53775,334.1349,0.81190354,399.3858,310.79413,0.8319836,432.82513,278.78662,0.880391
1263,263.50897,441.84235,0.83997774,286.41373,441.8608,0.8122971,255.82303,430.71323,0.66529065,291.12628,400.72015,0.909279,315.85266,375.93958,0.91685444,293.53528,363.2224,0.86677366,329.68167,396.80685,0.85523826,272.78036,429.94595,0.77425843,336.75543,359.5018,0.8707331,367.48517,334.43414,0.7977742,401.0645,311.0625,0.82914317,435.59653,278.8929,0.9375221
1264,266.49643,442.09442,0.8329264,288.69702,442.5946,0.81033176,258.74588,431.85904,0.675557,293.65866,400.62137,0.89155793,317.7327,375.36224,0.8983311,295.56622,363.11676,0.8351307,332.60794,395.09537,0.9057103,275.74182,430.52145,0.81470466,338.29865,358.9471,0.9122682,369.6206,333.52133,0.8132208,404.53543,311.30957,0.80260426,438.66812,280.33533,0.8804982
1265,269.8172,441.78018,0.8142675,292.08667,442.72922,0.8284901,262.2248,431.53226,0.6934107,296.28452,400.8272,0.8377093,320.0281,374.72614,0.8536608,297.37045,362.98767,0.78053427,334.33118,394.7399,0.942726,278.90488,430.10275,0.82627934,339.9572,358.2969,0.931375,371.93848,333.39114,0.81251085,407.86993,311.9569,0.7865124,441.14194,282.47592,0.88180465
1266,274.35257,444.506,0.8708497,294.33176,442.64136,0.8558331,264.3049,432.36554,0.8260911,298.631,400.7264,0.8524765,322.04578,374.54132,0.8947888,299.5424,362.915,0.7691842,335.94687,395.38635,0.995942,281.50204,430.89584,0.8465753,341.8535,358.29556,0.9147575,373.8283,333.24475,0.8046503,409.67215,312.17715,0.83203775,443.42575,283.54,0.89742744
1267,277.19586,445.2626,0.89791745,297.67114,442.8411,0.9071432,267.03754,432.47498,0.87120914,301.36334,400.0593,0.80650073,324.4005,373.97882,0.91521174,301.60922,361.5421,0.78229135,338.19196,395.43674,0.98619163,283.48752,431.27496,0.85689145,344.6402,358.01047,0.8969868,376.7346,333.27017,0.8204763,412.22943,312.35568,0.85166425,445.41324,284.30188,0.90226215
1268,279.67523,445.4671,0.84649867,301.39722,443.32944,0.93497616,270.84143,432.7578,0.7944834,303.8557,400.51562,0.84923744,326.3384,373.8835,0.9117487,303.84412,361.93213,0.8592326,341.46768,394.27762,0.94205713,285.9928,431.0887,0.81320405,347.11176,357.40628,0.9290783,378.97937,333.17108,0.8466781,414.5162,313.05768,0.8193238,447.8543,284.70792,0.87390584
1269,281.09454,445.832,0.89486265,303.89008,444.37442,0.9305297,273.72723,433.16147,0.8187875,306.6735,400.5735,0.88849443,329.0063,373.7041,0.9793044,306.93268,362.0383,0.87856275,345.00842,393.96,0.8631307,289.8529,432.74182,0.79427123,349.09143,356.7787,0.9240975,380.66315,332.32578,0.8838204,416.3059,312.65656,0.7911547,451.5591,284.70462,0.9190028
1270,284.69733,446.63293,0.8766294,306.67734,445.57092,0.89159924,277.91223,433.74084,0.8569087,309.63373,401.62537,0.89008856,331.59586,374.69742,0.9662716,309.72757,363.19662,0.8828885,347.55835,394.02383,0.8993697,292.72308,432.20004,0.8329619,351.31155,357.48364,0.88382155,382.21765,332.22668,0.8769034,417.0922,312.40387,0.80652565,452.5738,282.8792,0.91838247
1271,287.9037,446.244,0.8047241,309.6587,445.0599,0.9003411,280.37152,432.89917,0.8372057,312.3777,402.64108,0.8526029,334.48184,375.91968,0.88324493,312.3645,364.40454,0.8133432,350.3906,394.32327,0.9268781,296.41833,432.15128,0.8383479,353.42017,358.51816,0.9024002,383.9072,332.48386,0.8359853,419.19376,310.29965,0.815213,454.09415,279.02133,0.8848831
1272,291.3521,446.12582,0.8506609,312.90088,444.6759,0.8862421,283.31696,433.0447,0.8285314,315.61743,403.34363,0.8813262,336.73376,376.30374,0.837953,314.63904,365.62143,0.8202772,351.78378,395.7147,0.9796984,299.3082,432.1685,0.86861444,355.2389,359.10168,0.9278285,385.60248,332.562,0.8131737,421.23538,309.98264,0.791078,455.35934,278.28677,0.8868847
1273,294.087,445.7314,0.8408084,316.67596,445.1284,0.90804595,286.80447,432.69635,0.75288755,318.62732,404.01672,0.8735645,339.48184,376.8945,0.8951505,317.6821,365.69577,0.8015373,354.629,396.5437,0.9960549,301.98486,432.28592,0.84869224,357.28717,359.1156,0.9284811,387.69034,331.76837,0.81908727,425.28232,309.8451,0.81422454,457.6265,278.9184,0.92036736
1274,295.70956,445.27225,0.8496695,319.5862,445.09036,0.88300264,290.05368,432.72153,0.80643904,321.7096,404.36438,0.9464971,342.51785,376.93756,0.88806295,319.7161,366.0646,0.81753284,358.07706,396.88474,0.9388566,304.63068,432.49088,0.78997016,360.47845,359.18396,0.8915285,391.53845,330.63443,0.8451044,428.4783,308.6884,0.8601991,460.65656,278.81738,0.91601163
1275,297.6355,444.10025,0.8657885,321.39035,445.81876,0.83443785,292.8453,431.82544,0.76639324,324.3765,404.03452,0.957245,344.62363,376.53683,0.9028378,322.9532,365.7841,0.8579105,360.9737,395.80875,0.89324886,308.88208,433.3394,0.80587983,364.1071,358.16202,0.9355224,395.37253,330.95572,0.9298254,431.1614,308.44797,0.85683507,464.10666,278.30017,0.8616037
1276,300.3201,443.56665,0.80694103,323.9643,445.21378,0.8566621,296.3115,431.0954,0.72649467,328.21826,403.50253,0.8811378,348.05725,376.62222,0.91751087,326.87744,365.57132,0.84709877,364.95517,394.53583,0.9090237,312.102,432.3653,0.8128234,366.52325,358.39313,0.90999407,397.46854,330.9367,0.9346308,433.37955,308.2601,0.85594314,466.50433,278.69604,0.90405315
1277,304.24008,444.94653,0.83663213,326.0614,444.60672,0.876188,297.7456,431.29065,0.8142958,330.06726,403.5883,0.8786237,351.15753,376.4494,0.85153043,329.22052,365.22797,0.8227047,367.0069,394.73154,0.9202641,313.61417,431.81638,0.84307206,369.06235,358.20764,0.90439856,399.74683,331.42838,0.85840064,435.47403,308.70132,0.83040947,469.3088,278.0913,0.89155334
1278,305.87473,444.81387,0.86552244,327.81738,444.62668,0.87445796,300.0877,431.0886,0.788569,332.64142,403.56036,0.8703989,353.36636,376.09897,0.856227,331.43735,365.46893,0.8124182,368.65503,395.12564,0.9976157,315.70438,432.01172,0.87241566,371.5485,358.11255,0.94462335,402.1282,331.30804,0.8172881,438.67368,308.26923,0.75523204,471.88788,277.87323,0.86122435
1279,308.61966,444.80936,0.90278304,331.6075,444.8473,0.9479305,303.27533,430.81848,0.75295186,335.31155,403.74277,0.8842044,356.42764,375.9003,0.88428885,334.5425,365.15244,0.7919934,371.3461,395.52753,0.985903,318.07056,431.58426,0.86079997,373.89648,358.17755,0.93331283,404.92197,331.04727,0.8341041,442.85602,309.05756,0.84349376,475.38452,279.21988,0.91572917
1280,310.2681,444.82504,0.8911471,334.2537,445.09335,0.9510943,305.5857,430.86475,0.7879818,338.1477,403.96503,0.9408245,359.36847,376.01022,0.8627076,336.63226,365.24908,0.82994086,374.68005,395.59564,0.937181,320.25787,431.6845,0.814806,376.92926,357.92532,0.92472506,409.00797,330.57642,0.88394207,445.79172,309.61508,0.8651599,477.89844,281.2505,0.92357504
1281,311.72028,443.90472,0.87985075,336.30704,445.58542,0.8799378,308.30478,430.40283,0.78144425,340.617,404.00153,0.95129275,361.2113,376.4794,0.9213053,339.96857,365.5646,0.8751337,377.6779,395.3669,0.8997948,324.09988,433.2574,0.81881595,380.4442,358.09796,0.94077903,411.95944,330.95288,0.94544446,447.94556,309.92218,0.8624629,481.28586,281.3267,0.88497293
1282,314.86194,443.23672,0.8169399,339.39648,445.74478,0.8492005,312.2677,430.2177,0.70288914,344.4684,403.543,0.87185425,364.74213,376.59338,0.9169114,343.8161,365.4232,0.83587307,381.3133,394.38162,0.91575366,327.72562,432.47174,0.8194315,383.09302,358.56485,0.90474874,414.30637,331.56006,0.9128016,450.17374,309.94205,0.8585364,483.97842,280.20453,0.90848285
1283,317.73187,444.58823,0.80248344,341.3611,445.3113,0.8542567,314.1102,430.5187,0.7580123,346.52612,403.90222,0.8756996,368.41727,375.20117,0.8337565,346.03214,365.4367,0.8253124,383.1542,394.85962,0.93514407,329.41852,432.2809,0.8416718,385.6902,358.22076,0.9285476,416.72412,331.7877,0.8323696,452.9933,309.8603,0.80769044,485.9882,280.32086,0.9278834
1284,321.61334,444.8615,0.8568355,343.75015,445.05887,0.85297006,316.5312,430.96805,0.77121645,349.31113,403.71393,0.85782117,370.6425,375.8719,0.8863176,348.83032,365.51703,0.81126595,385.09897,395.41647,1,331.988,432.3787,0.8801416,388.11438,358.24094,0.95606565,419.26038,331.43118,0.8295761,456.8193,309.91354,0.8070591,489.28226,281.17258,0.9138824
1285,324.71655,444.9161,0.9021701,348.0308,445.24323,0.9469039,319.91614,430.6991,0.77118784,352.128,403.9868,0.90132767,373.51447,376.1683,0.8970166,350.93213,365.24216,0.800308,387.99026,395.58667,0.9858661,334.66388,431.80884,0.86429703,390.79993,358.43848,0.9293698,422.44043,331.26105,0.8371871,459.77527,309.5539,0.84835714,491.94562,281.06967,0.94415843
1286,326.57358,444.7578,0.89500785,350.6363,445.29233,0.93326795,322.87515,430.3965,0.7938226,355.0581,404.2591,0.9554836,375.72778,376.21857,0.8916782,354.47086,365.41565,0.8642593,391.75616,395.82443,0.8952161,338.39948,433.20596,0.80993056,394.55753,358.1002,0.9288252,426.09842,330.92715,0.9075567,462.7653,309.1614,0.84871215,494.05576,281.03778,0.9067166
1287,328.0431,443.25137,0.89183974,353.08087,445.36066,0.84128773,326.05853,429.3884,0.7431916,358.3027,404.32452,0.9304937,378.7847,376.56555,0.9242429,358.1195,365.7526,0.85378784,395.1595,395.04703,0.888857,341.69678,432.7242,0.8404921,397.61316,358.47125,0.92369837,428.96518,331.37857,0.9417497,464.40604,309.69214,0.8553458,498.01672,280.8501,0.89071244
1288,331.4354,442.5309,0.8333792,356.0809,445.40247,0.85518676,329.44046,430.17563,0.7144718,361.2546,404.02032,0.88134766,382.41006,376.38098,0.8791741,360.97485,365.12427,0.8310823,398.68817,394.05075,0.907399,344.94882,432.23364,0.8255689,400.24603,358.17972,0.8865994,431.21097,331.37198,0.8897909,466.72714,309.56918,0.846363,500.28552,280.07086,0.89954835
1289,335.92032,443.97876,0.7971009,358.74747,444.93225,0.8293651,331.45126,430.54013,0.77274054,364.12094,403.67612,0.867476,385.22876,375.99484,0.8685682,363.91864,365.12134,0.80698746,400.1189,394.76245,0.98447955,346.81293,431.86862,0.84033775,402.93918,357.83243,0.9446125,433.45374,330.72098,0.8228225,470.43347,308.83334,0.78136045,503.14902,279.84338,0.89540577
1290,339.02258,443.71796,0.8695903,361.85522,445.14584,0.89927626,334.14572,429.88852,0.7425583,367.08817,403.7757,0.8786347,388.14673,375.79764,0.90029615,367.2778,364.96667,0.7758886,402.95615,395.14365,1,349.59897,431.4448,0.87010276,405.3111,357.77933,0.9464994,436.26398,330.6333,0.8343194,474.1477,308.11893,0.8073838,505.8855,279.25424,0.9001829
1291,341.5078,442.7504,0.8519614,365.52435,444.79053,0.93959117,337.90015,429.80573,0.76140934,370.315,403.94754,0.944323,391.15305,375.29532,0.8818922,369.4144,365.11273,0.8585152,406.49274,394.6401,0.9427141,353.2485,432.28278,0.8335742,408.62354,357.24335,0.9097664,440.159,330.2354,0.87136525,476.4141,307.90527,0.8177562,508.48135,279.77838,0.9187581
1292,343.2382,442.3791,0.89926684,367.91443,444.65335,0.90280384,340.70767,428.79645,0.7463745,373.4418,403.95856,0.94423836,393.48737,375.56177,0.9375538,372.61368,365.17627,0.89898497,409.84894,393.95493,0.88632065,356.2956,431.88797,0.8747262,412.093,356.94778,0.94882244,443.35352,330.122,0.9433668,479.15054,307.69745,0.81388766,511.18216,279.20798,0.8416731
1293,345.54092,441.37827,0.843366,370.62796,445.46664,0.8475948,344.2109,428.67493,0.69132286,376.24103,403.8547,0.87445974,397.29892,375.6619,0.92177314,376.35367,365.00586,0.835396,414.02634,393.029,0.8913536,359.69043,431.7001,0.8559527,415.05145,357.34634,0.9059522,445.67654,330.14987,0.94101095,481.25128,307.62778,0.8271821,514.2407,278.13486,0.88793904
1294,348.2396,441.93826,0.8001436,373.45798,444.6455,0.8152069,346.60446,429.18903,0.7406732,379.46487,403.4952,0.8760191,400.24203,375.32468,0.87053126,378.62604,365.0504,0.8202568,415.4252,393.46817,0.94034445,362.39423,431.8887,0.82822216,417.84412,357.3525,0.93082577,447.8796,330.37393,0.89274377,482.71536,307.71344,0.81976724,515.6249,277.93915,0.8986317
1295,353.20746,442.79605,0.81298006,376.32797,444.90573,0.8768104,348.86954,429.56345,0.7740077,381.78363,403.4251,0.8392494,402.90598,375.3638,0.9125116,381.36465,364.91553,0.80508256,417.5861,393.53436,1,365.11807,431.83386,0.85168153,420.15103,357.13245,0.96259785,449.93637,329.46506,0.8208505,486.26956,306.6473,0.7557706,517.6155,277.7269,0.88075095
1296,355.78876,441.9458,0.8439059,379.8263,444.48663,0.90253353,352.54572,429.0399,0.7454231,385.07816,403.4128,0.91596276,406.0852,374.65308,0.915537,383.74368,364.74347,0.83221084,421.11276,393.23767,0.9639909,368.21353,431.5345,0.8456112,422.9992,356.53787,0.925872,453.33936,329.37863,0.833291,490.25183,306.7248,0.7666587,521.1289,277.8626,0.8576058
1297,357.38504,441.27112,0.875774,382.7878,444.20905,0.917714,355.69553,427.78278,0.75316995,388.25656,403.38757,0.94850993,408.22687,374.67365,0.9268798,387.1847,364.57516,0.90364766,423.9423,393.38812,0.8681384,370.89215,431.11978,0.8701884,426.56348,355.9753,0.93721,457.0484,329.25342,0.9043466,492.74213,306.4111,0.78196305,524.48193,278.44595,0.8845201
1298,359.62122,440.76227,0.85423326,385.19855,444.3886,0.86746293,358.48984,427.67227,0.72588646,391.9995,403.52527,0.90310097,411.71677,374.7303,0.95673615,390.71777,364.8356,0.8608025,428.74097,391.5881,0.865429,373.99957,431.1111,0.8876201,429.61237,356.07977,0.9338011,460.26483,329.32877,0.936958,495.595,307.2791,0.8000129,529.03784,278.44052,0.8847224
1299,361.5719,440.1638,0.79237705,388.5338,444.32858,0.8305852,361.87103,428.03262,0.70225644,394.63757,403.15723,0.8876524,415.31824,374.83328,0.8947415,393.19437,364.33682,0.8064786,431.65555,391.536,0.85626966,377.1305,431.01324,0.8387194,432.94775,356.56107,0.90072864,462.49655,329.32797,0.9294007,497.94135,306.973,0.8036682,530.5528,277.552,0.9047698
1300,366.67755,441.6807,0.75536454,390.74008,445.17123,0.8344484,364.17953,428.287,0.784861,397.42865,402.91815,0.84442616,417.67322,374.68356,0.90393394,395.81604,364.7565,0.80305403,432.60287,392.27145,0.9661499,379.93372,431.11942,0.84752643,435.25455,356.45197,0.9323996,464.75137,329.54694,0.85224634,499.65924,306.99942,0.79606473,532.2965,277.6418,0.92865956
1301,370.1041,441.77744,0.8113483,393.91986,444.47604,0.8986178,366.87137,428.43353,0.75187504,399.48584,403.31845,0.88922507,419.9838,374.51926,0.931956,398.17798,365.05493,0.794945,434.90762,391.9206,0.9892465,382.5575,431.4009,0.86176294,436.90875,356.06284,0.94773275,466.39194,328.38934,0.84670216,503.23697,306.26562,0.723289,534.0745,277.37115,0.8541161
1302,372.10165,440.8942,0.8330359,397.4139,444.08493,0.9017551,370.42957,427.9004,0.75957054,402.68195,403.2343,0.9402039,422.9841,374.06393,0.91842407,400.765,364.62054,0.87787455,438.18735,391.93317,0.9299319,385.40094,430.91815,0.8436433,439.5287,355.69818,0.9046939,469.41104,328.44327,0.8581806,506.52786,305.986,0.7462303,537.13654,277.29898,0.8361661
1303,373.52567,440.52615,0.85496634,399.4444,443.83563,0.8952079,372.5005,426.9292,0.74109536,405.31808,403.20764,0.9373312,424.8647,374.08755,0.9348735,403.33624,364.49902,0.92825145,441.45627,391.63525,0.8726782,387.79306,430.57867,0.8795128,442.93387,355.24496,0.93655294,472.96655,328.66653,0.9048883,508.38144,305.93167,0.75636214,539.3309,277.6166,0.8571831
1304,374.8936,439.45367,0.8154909,402.173,443.45728,0.8543768,375.2896,427.0264,0.7032769,408.71533,403.11847,0.8869838,427.98486,374.33337,0.9550337,406.6157,364.89258,0.8800621,444.4267,391.80255,0.86243296,390.60602,430.18796,0.88038564,445.39264,355.3689,0.93185776,475.48737,328.43896,0.943473,511.05014,306.65704,0.7786226,541.9157,278.54462,0.843054
1305,378.03046,439.92505,0.7788229,404.91605,443.69095,0.8281085,378.1917,427.85413,0.7047642,410.73505,403.04077,0.881387,430.85413,374.5726,0.9139351,408.6461,364.43808,0.82753354,447.36728,390.92862,0.842213,393.28897,430.55286,0.8378991,447.98395,355.8675,0.8835748,477.85785,328.69122,0.9255765,513.37,306.4092,0.7903772,545.9719,277.45108,0.89436924
1306,380.28348,440.65857,0.75179285,406.73477,444.56097,0.83762103,380.03464,427.34348,0.77118903,412.97025,402.85022,0.857153,433.00446,374.4663,0.89866847,410.77176,364.90558,0.82616687,448.23538,391.55283,0.9193752,395.41495,430.42642,0.85521746,450.51312,356.12424,0.9268041,479.9304,328.9847,0.8762914,514.81586,306.36746,0.7839774,547.14264,277.34283,0.912787
1307,384.77072,440.923,0.7920332,409.40527,443.8166,0.89759266,382.10938,427.6878,0.7731474,414.87576,402.83246,0.8712263,435.26688,374.44147,0.9220476,413.25085,365.01437,0.8103574,450.29648,391.56595,0.9700023,397.87964,430.52243,0.870517,452.23987,356.02365,0.95400435,481.1321,328.53006,0.83385056,517.0668,306.3245,0.76295334,548.6045,277.78836,0.9145992
1308,386.68155,440.6725,0.83638096,412.01242,443.8618,0.92375267,385.1986,427.44507,0.75466126,417.30627,403.14755,0.923302,437.6366,374.01346,0.9329614,415.3071,364.70706,0.84043616,452.78577,391.21063,0.94365394,400.17313,430.41132,0.85935014,454.07788,355.5705,0.942284,483.7412,328.246,0.85121477,521.28424,306.37854,0.7195587,551.6914,278.72864,0.8392615
1309,388.404,440.43204,0.86189777,414.50745,443.36026,0.901228,387.1952,426.70142,0.7624784,419.6799,403.09076,0.9393702,438.89255,374.03192,0.9058847,417.5436,364.54163,0.9130303,455.32468,391.62946,0.88370824,402.23105,430.10065,0.8575729,456.68384,354.97592,0.9195512,486.3243,328.33032,0.8612679,523.5164,306.10226,0.75936264,553.53204,278.3122,0.8568022
1310,389.1993,439.19543,0.83592963,416.17484,443.25864,0.8842057,389.35632,426.38913,0.7371991,422.59457,403.02362,0.9181697,441.81854,373.7009,0.92995274,420.28522,364.5311,0.9298703,457.96048,391.36816,0.8663419,404.5221,429.75662,0.895828,459.28244,354.68634,0.9438418,489.4171,328.2308,0.9180265,525.1697,305.81326,0.7509941,556.2231,279.08984,0.90545845
1311,390.4409,439.09552,0.8028456,417.7423,443.48416,0.8436799,391.6226,426.2348,0.72550255,425.25476,402.97107,0.86157787,444.55338,374.01443,0.95040816,422.9713,364.73627,0.8886729,460.79773,391.19516,0.85898113,406.68707,429.5792,0.8854382,461.4939,354.86368,0.9350759,491.52847,328.23398,0.9370452,527.124,306.76364,0.77486223,558.1405,279.46805,0.8701476
1312,392.62756,439.2385,0.75115496,420.51608,443.01434,0.8179893,394.05798,426.88324,0.7167509,426.92,402.64777,0.8824777,446.88394,374.20047,0.9109233,424.59705,364.01483,0.8339048,462.85028,391.5897,0.83917874,409.06042,429.78818,0.83575165,463.62103,355.20496,0.8964724,493.40982,328.29956,0.9294464,528.932,306.78125,0.78975934,561.3445,278.65744,0.8474378
1313,394.79453,439.8238,0.74636793,422.3361,443.89218,0.81885564,396.4484,426.48462,0.75208855,428.7492,402.701,0.8658985,448.48013,373.98865,0.892484,426.21436,364.5195,0.829465,463.87866,391.5933,0.87810546,410.9577,430.1728,0.8504673,465.92972,355.87445,0.913013,495.2622,328.54846,0.89097327,530.40674,306.4719,0.7780885,562.4873,277.70932,0.86447227
1314,397.76437,439.8252,0.71847385,423.87234,443.3406,0.8591973,398.40967,426.961,0.7243453,430.37042,402.52515,0.85211015,450.22134,374.02246,0.9031438,428.15833,364.82095,0.8194296,465.6941,391.87177,0.9347758,413.20767,430.10382,0.88759613,467.27768,355.57748,0.9374946,496.93436,328.93567,0.83868665,531.6864,307.13376,0.7811684,563.5267,279.13293,0.8535193
1315,399.18268,439.9925,0.7731443,425.308,443.20612,0.9025528,400.27393,426.75464,0.757752,431.91513,402.90887,0.9021318,452.1298,373.89468,0.9298632,430.02057,365.0536,0.79734725,467.16156,392.07196,0.95157135,414.65543,430.40857,0.89052933,468.75507,355.43234,0.94992024,497.80844,328.14694,0.84034365,534.64124,306.46292,0.7320032,566.502,278.99335,0.87258995
1316,400.85422,439.9705,0.82366014,426.96066,443.36026,0.9241463,401.99213,426.02512,0.7754873,433.87927,403.00833,0.9316432,454.1078,373.58582,0.9351196,431.7274,364.71616,0.8510935,469.06625,391.97513,0.9220511,416.28687,430.2974,0.8734606,470.28708,355.0565,0.93612903,499.57007,328.08524,0.84730875,537.09235,307.04437,0.7163144,567.7789,278.82983,0.84842587
1317,402.12646,440.1029,0.8518963,428.69818,443.44983,0.9344697,403.42166,425.88794,0.7867743,435.8098,402.95886,0.9304492,455.04227,373.66965,0.90723497,433.70193,364.5246,0.9176832,471.05045,392.2396,0.8786074,417.9065,430.2462,0.88047564,472.6106,354.48346,0.9126827,502.0464,328.06638,0.8529416,539.3375,306.69022,0.7635887,569.3973,280.17905,0.8957048
1318,403.83957,439.7979,0.85192776,430.68304,443.06982,0.93665177,404.8277,425.84006,0.7890871,438.02353,403.04382,0.91763705,457.0275,373.3077,0.929938,435.6473,364.56494,0.92459065,472.8622,390.92404,0.8668092,419.59924,429.8148,0.9171943,474.30954,354.122,0.9431799,504.63538,328.25293,0.89853483,540.39246,307.02164,0.7768644,571.9337,281.56085,0.92060274
1319,404.87225,438.42618,0.83070433,432.5148,442.69046,0.86772996,407.0177,425.38586,0.7894377,440.47934,403.06985,0.87621784,459.52878,373.46524,0.93984175,438.1668,364.54874,0.9031115,475.5841,390.64825,0.87532824,421.7244,429.3606,0.92615736,476.33264,354.22787,0.94855875,506.7055,328.2053,0.9378178,542.36005,307.78143,0.77420425,572.81433,280.97122,0.91224927
1320,406.8314,438.37982,0.765731,434.50958,442.74066,0.8361009,409.38315,425.47223,0.75155413,441.90475,402.88138,0.86886513,461.84125,373.77298,0.92740804,440.12723,364.3872,0.85940486,477.49695,390.63208,0.85678244,423.88226,429.11276,0.8830273,478.12103,354.62418,0.9305524,508.5876,328.5857,0.9531147,543.8206,307.99463,0.80424833,574.43445,281.38458,0.8965975
1321,409.30032,438.99057,0.7524612,436.448,442.47498,0.816981,411.1144,426.3116,0.76984036,443.87222,402.78516,0.879406,463.43784,373.97375,0.885881,441.2984,364.0368,0.83401746,479.19543,391.31418,0.8390224,425.5002,429.55286,0.8360105,479.76468,355.0372,0.89002603,509.78552,328.7171,0.93594164,544.92505,308.3568,0.8021918,575.73364,281.7498,0.8380488
1322,410.89197,439.32022,0.74622303,437.99622,443.3029,0.8275485,412.6625,426.47705,0.7828867,445.2653,402.7089,0.86563,464.79333,373.74963,0.8973829,442.67215,364.57324,0.83435464,480.104,391.2836,0.88853526,427.12302,429.68732,0.8658667,481.95343,355.54794,0.91365486,511.38364,328.78754,0.889627,546.3319,308.1994,0.8059721,578.7427,281.6825,0.8695855
1323,413.74963,439.7524,0.74746,439.9029,442.725,0.8638218,414.7624,425.92065,0.75928885,446.533,402.47122,0.8590131,466.35828,373.73276,0.9069025,444.2464,364.72742,0.8298355,481.7598,391.46603,0.92960095,429.05417,429.8023,0.8821179,483.27866,355.3057,0.931284,513.30164,328.96805,0.8180169,548.46075,307.92465,0.7841376,580.77405,281.46573,0.90256906
1324,414.86557,440.15283,0.79280806,441.1062,443.15717,0.88780266,415.9728,426.4466,0.7758411,447.7805,402.92953,0.89928263,467.88617,373.7972,0.9236725,445.9854,364.9593,0.81504923,482.97385,391.8048,0.9397162,430.26627,430.50543,0.88803816,484.30823,355.24588,0.95357347,513.44635,328.1479,0.83421296,550.4545,307.47287,0.7610761,582.14056,281.0348,0.90160596
1325,416.7135,440.64822,0.85892624,442.36188,443.37488,0.9212273,417.02,426.1102,0.79129285,449.22195,402.93814,0.92048514,469.6733,373.48816,0.9368931,447.4657,364.54672,0.8451404,484.628,391.77954,0.92429954,431.51425,430.33017,0.8985517,485.68912,354.8409,0.95032346,514.9985,327.8837,0.84741426,551.72797,307.3008,0.73641115,583.2811,280.8945,0.883592
1326,418.33044,440.71942,0.88596565,444.42892,443.26163,0.92174524,418.68835,425.8723,0.80005795,450.9834,402.99512,0.9322938,471.102,373.48993,0.9200692,449.15836,364.62006,0.88586324,485.96628,391.86807,0.8983346,433.3465,430.1327,0.8710499,486.9101,354.72455,0.920714,516.4375,327.94098,0.85132957,554.00073,307.287,0.74815875,583.5923,280.92032,0.845414
1327,419.81763,440.7321,0.88210666,446.30536,442.9228,0.9178806,420.18085,425.92883,0.79349273,452.72598,402.85287,0.9262666,471.59387,373.42474,0.9177978,450.77948,364.47824,0.9158151,487.72507,391.9984,0.86472315,434.92505,429.92545,0.8959485,488.80313,354.452,0.9160872,518.089,328.03952,0.84452766,555.5517,307.54742,0.8095467,587.0637,282.88617,0.9337123
1328,421.66754,440.2971,0.86625594,447.93445,442.81787,0.8857347,421.5989,426.2297,0.77499324,454.97928,402.83487,0.90380496,473.9313,373.19315,0.9193699,453.11023,364.57153,0.91473466,489.50937,390.692,0.8751378,436.62857,429.65286,0.92262095,490.68692,354.12335,0.9449867,521.3163,328.82068,0.9163792,556.8637,307.27856,0.795538,588.3971,282.59006,0.9344867
1329,422.56097,440.19504,0.85844123,448.99683,443.2422,0.8465982,423.13348,426.28622,0.7554634,456.77322,403.02734,0.86528724,475.8357,373.40826,0.9401923,454.76352,364.60428,0.8857382,491.74747,390.33765,0.878176,438.07086,429.94095,0.9201706,492.36057,354.23178,0.95239687,523.1524,328.8437,0.9492794,558.71454,307.3263,0.7869642,590.3341,282.3829,0.9091429
1330,424.10712,441.2905,0.8379365,449.94357,443.79327,0.87167317,424.68774,426.0553,0.7499914,457.64716,402.8404,0.86513686,478.05225,373.57547,0.9228595,456.2507,363.68027,0.85484165,493.69208,390.43436,0.86212254,439.5842,430.33627,0.8980666,493.995,354.2714,0.9335329,524.7319,328.6988,0.95531875,560.04,308.75522,0.8039217,591.06256,282.79788,0.8895425
1331,424.63058,440.84985,0.8032935,451.6309,444.0331,0.8492132,426.6152,427.18457,0.8033615,459.4254,403.0941,0.87781966,479.53363,373.91052,0.88417476,457.5236,364.45258,0.8376938,495.26624,391.11722,0.8422274,441.32965,431.31998,0.8495939,495.65854,354.82843,0.9024052,525.83344,328.71985,0.94075406,560.723,308.58386,0.80142635,591.76385,282.49243,0.87701935
1332,426.52527,441.29395,0.7782555,453.62228,443.48422,0.8136774,428.30417,427.1334,0.83427346,460.85526,403.15756,0.8566506,480.8152,373.7983,0.8939939,458.86914,365.03418,0.8403828,496.1952,391.12476,0.8888631,442.71872,431.57233,0.8540969,497.7691,355.48132,0.90271956,527.1524,328.2754,0.8856582,561.9681,307.7228,0.80246794,593.8003,281.31796,0.842859
1333,430.50998,442.3647,0.8726301,455.99863,443.66376,0.8884468,429.9467,427.17908,0.843662,462.1854,402.7347,0.84677607,482.26062,373.78116,0.9026192,460.4344,365.15857,0.8307144,497.56705,391.20224,0.9297492,445.08664,431.55603,0.89766455,498.90723,355.26544,0.92252487,527.6925,328.31912,0.8457481,563.0287,307.7515,0.80234027,594.947,281.02594,0.8738705
1334,432.00226,442.6036,0.92570865,457.73172,443.8851,0.9192374,431.04437,427.25784,0.8139757,463.40714,403.04663,0.88686377,483.77014,373.84647,0.91794556,462.0168,365.3284,0.81480926,498.68713,391.54272,0.9475357,446.40625,431.9255,0.89483345,499.94034,355.20688,0.9492445,528.617,328.09995,0.81950176,565.16345,307.84775,0.7820501,596.9825,282.10114,0.9322175
1335,433.12564,443.32724,0.9818723,458.8995,444.2365,0.9498483,432.603,427.98547,0.8195876,464.9104,403.3995,0.91128314,485.33694,373.78964,0.9362076,463.33487,365.1506,0.83162075,500.28183,391.73715,0.94215107,447.6703,432.4324,0.8724234,501.24875,355.0065,0.9499012,530.2331,327.8189,0.8331228,567.3007,307.69046,0.75987697,598.7469,281.86523,0.93673265
1336,433.83084,444.0224,0.99987686,460.0991,444.70642,0.95007366,434.24054,428.53207,0.8088657,466.5133,403.5967,0.9232026,486.76144,373.70453,0.9243508,464.9442,365.05783,0.87308043,501.8362,391.74097,0.91966957,448.29996,432.34488,0.8376189,502.32153,354.69556,0.9276597,531.7001,327.88278,0.8400443,570.00757,307.91742,0.7764668,599.8985,281.4906,0.9126807
1337,435.489,444.41858,1,461.84976,444.70105,0.9367194,435.8972,428.51184,0.7933202,468.4204,403.83463,0.92370605,487.21622,373.63873,0.90607065,466.64038,365.1194,0.90266603,503.52286,391.81192,0.87639236,450.8709,432.4679,0.8596374,504.35236,354.51834,0.9052939,533.48865,327.8723,0.838059,571.33813,307.46487,0.7949331,600.4079,281.63406,0.92102796
1338,437.32516,443.96637,0.9826511,463.64047,444.7464,0.9000299,438.30206,428.08582,0.77668506,470.6136,403.67264,0.9029081,489.08896,373.36813,0.921168,468.4311,365.196,0.90761393,505.02716,390.60565,0.87424326,453.1307,432.22604,0.8766149,505.826,354.128,0.9336154,535.4248,327.8808,0.850827,571.83276,307.2879,0.7998592,601.0168,281.94626,0.94203115
1339,438.30826,443.15854,0.93379927,465.14243,444.59274,0.84859145,440.2261,427.388,0.7618776,472.57996,403.61145,0.86297745,491.268,373.21185,0.92388624,470.27768,365.0975,0.8812577,507.42596,389.95847,0.88745946,454.8036,431.86945,0.87295055,507.43234,353.79147,0.9443211,537.4376,327.8264,0.9053987,573.0187,306.7273,0.7948132,602.5937,280.55643,0.94666713
1340,440.6877,441.39072,0.8313992,467.2254,443.94138,0.8464923,442.4374,427.48907,0.8163695,474.07617,403.27527,0.87190807,493.42804,373.44174,0.9229446,471.92484,364.37137,0.8505196,509.09894,389.87848,0.87529147,457.1489,431.50415,0.85415244,509.0941,353.96225,0.94608706,539.048,327.8998,0.91497177,574.1588,306.64923,0.79530454,604.35944,281.40872,0.94937015
1341,442.89972,441.8052,0.80932385,468.7611,443.6785,0.81536436,443.6461,427.77548,0.85471785,475.58627,403.12375,0.8772657,494.97986,373.59628,0.89261276,473.1882,364.5429,0.8340101,510.7868,390.2125,0.8440858,458.39105,431.90485,0.84849304,510.84958,354.20905,0.91996145,539.79456,327.10168,0.9206392,576.3181,306.76587,0.79758376,606.6537,280.78192,0.90917206
1342,445.7733,442.3513,0.83455324,470.84286,443.62405,0.8334915,444.29297,427.76834,0.8625131,476.74692,403.02948,0.8580846,496.31036,373.60257,0.8864764,474.50012,364.98553,0.83537036,511.82162,390.59586,0.87283546,459.72998,431.6095,0.8745925,513.0853,355.0374,0.89058083,541.7364,327.37482,0.9061796,578.02496,306.90323,0.79661894,607.54987,280.69818,0.8770814
1343,446.5206,443.03574,0.9147521,472.05194,443.7149,0.9002237,445.65448,427.25296,0.8519888,478.1265,402.68997,0.8500156,497.94397,373.2947,0.9013954,476.33438,364.8753,0.8349559,513.36035,390.5987,0.9202306,461.3631,431.83264,0.899606,514.59656,354.79846,0.91095334,543.3811,327.33078,0.8751155,579.2544,307.27902,0.7837466,607.8784,281.97,0.8443836
1344,448.2871,443.05112,0.96904397,473.80624,443.85587,0.9395478,447.3422,426.92468,0.8183518,479.42215,402.78796,0.884149,499.4509,373.33475,0.915847,478.0884,364.7467,0.820655,514.49835,390.63754,0.95004416,462.64084,431.90863,0.8941615,515.6285,354.49796,0.93739754,544.3712,327.11472,0.83887327,581.8773,306.92517,0.7584629,611.0654,283.28122,0.8382523
1345,449.6681,443.40228,0.994395,475.1492,443.97043,0.96849686,448.62555,427.9018,0.8150872,480.63654,403.09097,0.90579045,500.87527,373.42618,0.93961394,479.03693,364.7892,0.8203304,515.8146,391.13608,0.9603346,463.78568,432.18906,0.8683893,516.8432,354.56158,0.94801444,546.22144,327.08035,0.8483829,584.3396,306.24707,0.7363828,612.29785,284.29147,0.7316958
1346,451.82938,442.99478,0.9451334,477.21268,443.6906,0.9578159,450.23242,428.17297,0.79549605,482.4699,403.05545,0.92112005,502.48203,373.32608,0.9362347,481.03845,364.69302,0.86357576,517.19525,390.98123,0.947066,465.24954,431.36325,0.8558082,517.8623,354.21033,0.9344928,547.68567,327.13507,0.85327095,585.4163,306.68274,0.76770705,613.48663,284.86945,0.6853192
1347,453.7625,443.0073,0.95040345,478.86826,443.74393,0.94053406,451.80905,428.27048,0.7841406,484.3777,402.88794,0.930021,503.82315,373.14523,0.9124127,482.43817,364.6113,0.895822,518.6514,391.18744,0.91575605,467.03656,431.07504,0.89205575,519.22095,354.00354,0.9062112,549.6432,326.8373,0.861491,590.07886,305.4589,0.78497064,616.2377,284.11166,0.49913725
1348,455.13367,442.0077,0.90502286,480.56116,443.6687,0.8815215,454.5129,427.1824,0.7611112,486.7179,402.7739,0.9092964,504.84845,372.5037,0.92178136,484.78412,364.29056,0.8906903,520.0731,390.12854,0.8831663,469.4594,430.71216,0.9083971,521.332,353.42206,0.924656,551.1283,326.81213,0.85283226,590.5581,305.27322,0.7961089,615.9059,283.52982,0.43490526
1349,455.70377,441.65503,0.89032656,481.2772,443.76572,0.8566637,456.21603,426.69434,0.7720634,488.695,402.74698,0.86677194,507.05252,372.1994,0.9175975,486.49442,364.11356,0.876699,522.62244,389.5515,0.90231013,471.19836,430.72226,0.89342415,522.87866,353.109,0.9352729,552.5981,326.5917,0.8836673,591.0086,305.18283,0.79453295,615.83374,283.8561,0.3970651
1350,456.6847,441.72983,0.845776,482.3349,443.94946,0.8587418,458.14948,427.28412,0.81100047,489.533,402.7634,0.8680458,508.92242,372.64194,0.9286886,487.7212,363.63593,0.8694943,524.43097,389.4009,0.89359343,472.68945,431.19366,0.86302865,524.6404,353.27722,0.9460246,554.02295,326.6135,0.91253144,590.78204,305.6387,0.79758227,616.0946,284.93848,0.3839934
1351,458.45386,441.99915,0.7984123,485.15356,443.88168,0.82730347,460.5767,427.78558,0.84918165,491.52435,402.99078,0.8786824,510.62515,373.06683,0.90560704,489.14597,363.92075,0.8649681,526.16534,389.50085,0.87154496,474.61154,432.36948,0.84291446,526.17914,353.68045,0.93633884,555.31476,326.49277,0.92876697,591.5928,305.8079,0.80129164,617.00464,286.5207,0.36545584
1352,460.1632,442.4517,0.8279718,486.7587,443.50177,0.84769756,461.74164,427.32297,0.84724957,492.73264,402.85358,0.869643,511.86725,372.96786,0.87687695,490.40378,364.4366,0.8503619,527.1469,389.8544,0.86729866,475.9691,432.27048,0.86603105,527.72833,353.9631,0.89995813,556.41907,326.4977,0.93219745,592.016,306.61746,0.796367,615.0892,288.37354,0.43034586
1353,462.1544,442.45132,0.8840336,488.75528,443.87115,0.9023842,463.1423,426.63303,0.81983334,494.1697,402.5538,0.8481411,513.66473,372.76624,0.9069181,492.41568,364.1511,0.84650797,528.8829,390.02826,0.9233521,478.01718,432.08502,0.87811434,530.0902,354.3762,0.9087116,558.16406,326.80698,0.90048957,592.4267,308.54947,0.7583953,614.1943,291.31815,0.5155256
1354,464.98492,442.47763,0.93298304,490.9308,443.63812,0.9379062,464.66904,427.86887,0.8038755,495.58325,402.33032,0.8786906,515.15234,372.70056,0.9157704,493.79712,364.17227,0.8338816,530.333,389.9674,0.9636248,479.5017,432.05695,0.85621756,531.17487,354.01584,0.9271975,559.5594,327.10083,0.8729748,593.5821,309.6704,0.7258519,614.38727,292.9047,0.48926583
1355,466.4991,441.9026,0.9023605,491.86453,443.28568,0.9226496,466.13882,427.1981,0.8018458,497.0101,402.34644,0.90320134,516.95306,372.66565,0.9387387,495.1607,363.94772,0.8201038,531.6788,390.0967,0.9873221,480.55328,430.99252,0.83825946,532.4939,353.6591,0.9517506,560.54816,327.0011,0.8300136,594.8672,309.3974,0.68856883,614.912,294.56192,0.4323943
1356,467.78958,441.256,0.87590027,493.66226,442.7826,0.9142847,467.80374,427.0726,0.7770509,499.09695,402.37802,0.91916466,518.7398,372.6546,0.9437166,497.4882,363.87192,0.86488354,533.1917,390.10046,0.97698045,482.25696,430.6132,0.863575,533.69434,353.51666,0.94132215,561.9689,327.05206,0.8464083,595.8972,309.32895,0.69442236,615.8,295.02237,0.36522767
1357,469.60214,441.6447,0.89479387,494.77667,443.07043,0.9161808,469.45572,426.83243,0.7605098,501.02713,402.24878,0.9205591,520.17084,372.40604,0.9125838,498.98782,363.63593,0.86966586,534.58246,390.24817,0.94671404,484.03622,430.34125,0.89812887,534.9072,353.2727,0.914252,563.58655,326.93253,0.8563941,596.91486,310.06158,0.6458983,615.35876,297.7687,0.3991256
1358,470.8565,440.0439,0.8526176,496.6416,442.58633,0.8495228,471.2129,426.30524,0.7735031,503.39438,402.27,0.8978005,520.67554,371.7823,0.91515464,500.7611,363.55182,0.8932688,535.82416,389.59088,0.89379954,486.0692,429.7078,0.9100387,536.80164,352.97665,0.9131673,565.3076,327.0058,0.8447477,597.27423,309.4782,0.63012475,615.4805,299.85812,0.40553752
1359,472.15524,439.64066,0.7902374,498.3179,442.24557,0.80598587,473.79367,426.52762,0.765294,504.9737,401.98578,0.8626871,523.08405,371.2983,0.916361,502.61282,363.3265,0.8739412,538.33167,388.7942,0.91315395,488.29285,429.77655,0.8714531,538.59674,352.6657,0.932229,567.2548,326.83374,0.8448534,599.02167,309.6595,0.6180517,616.5119,300.1044,0.36634058
1360,475.58224,439.82996,0.768699,502.40903,441.87714,0.7664637,477.26114,426.11234,0.79985636,507.234,401.54642,0.8665111,525.3532,371.52173,0.9161952,504.2386,362.69778,0.85518277,540.37634,388.21378,0.9082259,491.1039,429.80017,0.8100365,540.5762,352.63684,0.95512944,569.8846,326.6232,0.8948215,605.05444,307.33228,0.582482,616.8663,302.07788,0.29701278
1361,480.45667,440.22345,0.81807756,505.1297,441.66043,0.84989905,477.47562,426.69885,0.8145797,508.5852,401.54956,0.8601518,526.9671,372.10956,0.89123315,505.41095,363.2139,0.8617837,542.2178,388.35635,0.87481177,493.09222,429.9908,0.8231205,542.14606,353.04727,0.9314446,571.567,326.41443,0.9122557,606.9627,306.9045,0.551617,616.9054,303.4422,0.25931332
1362,483.3756,440.1183,0.86899215,506.94962,441.41022,0.8806148,478.51526,426.5961,0.79208314,509.93494,401.2195,0.8417991,528.2586,372.04935,0.8819832,507.24112,363.51608,0.84993,543.2374,388.67133,0.8908506,494.76102,429.5413,0.81686103,543.8324,353.40216,0.9059817,573.1953,326.59,0.9038177,608.3178,306.90866,0.5250619,617.18286,304.18805,0.25270972
1363,485.21606,440.0176,0.8485214,508.7539,440.49982,0.8408874,481.17072,426.76816,0.7233151,511.06854,400.7273,0.86222774,530.04486,371.84576,0.90223175,508.8908,363.40707,0.84301347,544.7784,388.8119,0.938951,495.82553,429.06573,0.79186416,546.3575,353.59668,0.906913,575.264,326.4815,0.86270255,610.2749,307.49442,0.46593282,617.1296,306.35687,0.2376653
1364,486.5758,440.4422,0.85415006,510.45267,440.11777,0.8581996,482.507,427.90344,0.74168926,512.9165,400.50363,0.8697662,531.79395,371.5849,0.92255574,510.4986,363.0742,0.82591873,546.52405,388.73364,0.9857818,497.64328,428.7916,0.87623537,547.64435,353.09247,0.942149,576.9072,326.36276,0.8129521,611.4371,305.5659,0.3950204,617.0659,307.89362,0.16550057
1365,488.50192,439.93512,0.87464184,512.05493,440.03284,0.8096888,484.8331,427.84653,0.7443698,514.64923,400.6283,0.88426006,533.2709,371.723,0.9425118,511.6493,363.29053,0.8386446,547.97314,388.63223,0.9966238,499.4719,428.68616,0.90319765,548.63983,352.96307,0.9407611,578.1048,326.38953,0.83049184,611.76855,305.99637,0.40495655,617.0988,308.3413,0.12637645
1366,488.69083,439.75684,0.848,512.812,439.3011,0.776009,486.29517,426.63345,0.75551456,516.5468,400.45258,0.89218974,534.9115,371.84943,0.94435316,513.4906,363.191,0.8672447,549.4603,388.8936,0.9841757,501.13602,428.18033,0.8996166,549.7827,353.01642,0.93868846,579.02966,325.939,0.82163596,612.3862,305.90533,0.37814483,615.947,308.17972,0.12085325
1367,489.77112,439.70773,0.838784,514.51184,439.74692,0.7617306,488.79556,426.18155,0.7480159,519.0903,400.62842,0.8844016,536.91284,371.2227,0.8919825,515.6682,363.03006,0.8851289,551.2633,388.72937,0.93926644,503.2386,428.19583,0.8758198,551.3809,352.71313,0.89592993,580.78766,325.71365,0.8326054,613.0732,305.89017,0.37039074,616.43585,308.48636,0.11151543
1368,491.2739,439.00696,0.7973999,516.70386,439.56427,0.7507759,491.6551,425.8674,0.7679575,521.1764,400.2802,0.825074,537.6172,370.3806,0.90265447,517.39514,362.72754,0.8890217,552.4487,387.7874,0.9045564,506.1296,428.17776,0.7995174,553.0447,352.08975,0.89345366,582.90564,324.93777,0.80819434,614.7806,304.92813,0.3269458,616.8888,308.91986,0.090951
1369,492.625,439.03683,0.7767507,518.86035,439.555,0.7986505,493.42142,426.58124,0.7689019,522.79474,400.2581,0.836051,539.96564,370.20807,0.90301234,519.07556,362.757,0.8608633,554.8462,386.9434,0.9020566,507.93204,428.87863,0.8120979,554.2187,352.2041,0.92805976,584.7127,324.78333,0.8219055,615.64813,305.3332,0.3550047,617.42755,308.16406,0.077920794
1370,493.64496,438.64938,0.7711876,520.0022,440.10236,0.83903974,494.60693,426.48523,0.7794281,524.1463,400.43518,0.84246075,542.1639,370.84692,0.89134747,520.56165,362.1985,0.85168433,556.7813,386.88507,0.8982373,508.5394,429.04236,0.82211417,556.3494,352.64734,0.95146316,586.1858,324.8645,0.8465374,616.31744,305.62808,0.34761345,617.73724,308.06387,0.07937884
1371,494.64844,439.28003,0.8022497,520.82117,440.85593,0.8829819,496.08514,426.90405,0.76635605,525.6082,400.5459,0.836756,543.90686,371.15958,0.8588954,522.156,362.41513,0.83391905,558.6086,386.85193,0.8629785,510.09616,429.66208,0.8344874,558.46643,353.2937,0.9242596,588.0443,324.47498,0.8382288,621.4054,302.27133,0.29495195,617.6023,307.92932,0.063448824
1372,496.05246,439.76132,0.82195973,522.75195,441.01163,0.91141504,497.61047,426.32285,0.7879873,526.9734,400.45154,0.84479535,545.12787,370.81613,0.8903438,523.74207,362.4318,0.83925873,560.40485,387.03946,0.91145736,511.64984,429.74878,0.82478917,561.4576,352.59924,0.89482605,589.7505,324.35413,0.82914174,624.8989,301.20377,0.30433485,617.63007,308.25574,0.06687129
1373,497.51196,439.31247,0.8512518,524.16144,440.7832,0.9084617,498.61798,425.18524,0.79705304,528.5765,400.28683,0.87058365,546.97974,370.48642,0.9042923,525.40735,362.25967,0.82901156,562.1743,386.94678,0.96143377,513.09454,428.96716,0.85009,562.23065,352.34146,0.87631035,591.64044,324.15408,0.80901307,625.1431,301.16217,0.3164224,617.7991,307.83716,0.055506658
1374,499.2909,440.03958,0.8674712,525.9931,441.2751,0.8939126,500.4767,425.50046,0.78671646,530.50494,400.3706,0.8751941,548.6412,370.60706,0.9238655,526.69977,362.3928,0.80374557,563.7141,387.21136,0.98252416,515.0192,429.4375,0.8866621,564.0827,351.7266,0.8928551,594.4898,323.52722,0.7745486,626.7783,300.41385,0.28286162,614.0314,69.45339,0.05172475
1375,499.94296,439.7664,0.8846426,526.5437,441.6627,0.8780376,501.77734,424.9849,0.79352576,532.2453,400.4067,0.8790158,550.6509,370.58844,0.9241014,529.19684,362.26437,0.8617583,565.2359,387.34586,0.98391443,516.345,429.49966,0.90377074,565.5386,351.54907,0.8915627,595.6183,323.35907,0.7725046,628.14386,300.0308,0.25988314,614.0521,69.40056,0.052200038
1376,500.7652,440.1952,0.90331113,527.12006,442.04684,0.83066964,503.471,425.15292,0.7756466,533.9723,400.75415,0.88014495,552.18134,370.53192,0.90143436,530.74396,362.54666,0.8860474,566.75116,387.56775,0.9468862,517.7493,429.58557,0.9047407,566.7581,351.46686,0.8890595,596.80963,323.24704,0.75999784,628.68384,299.86978,0.25674638,506.85104,435.72418,0.080409676
1377,501.5395,441.30746,0.90106434,528.7417,441.4306,0.77951556,505.3193,425.14313,0.71590316,535.68396,400.50528,0.85759026,552.5481,369.91476,0.8885152,532.5853,362.15088,0.8818719,568.3597,387.474,0.89310455,519.311,430.13248,0.86778206,567.4918,352.034,0.8732298,597.9805,322.91754,0.7623182,628.70056,300.09448,0.27461487,507.62585,435.84314,0.100645036
1378,502.2733,442.38382,0.904522,529.7382,442.4309,0.7611179,507.05157,426.42096,0.7115262,537.2796,400.84134,0.823773,555.0287,369.46872,0.9090388,534.3017,362.10696,0.86220783,569.8292,386.4927,0.87912464,520.4576,431.0538,0.8241674,569.4613,351.17194,0.93987465,602.1505,322.78943,0.7446095,628.8409,300.3096,0.26996258,508.9139,437.05685,0.09961835
1379,503.6072,442.19305,0.8578049,531.36774,443.0451,0.7548372,509.73288,426.59967,0.75555784,538.88995,401.21252,0.8593181,556.8593,369.92834,0.8877947,535.74524,361.62897,0.837957,571.6704,386.55484,0.88129663,521.1643,431.443,0.8399926,571.06415,351.58087,0.9733771,602.95154,322.99548,0.743081,629.24744,300.65656,0.26295054,593.42346,468.26202,0.11447577
1380,503.8035,441.58752,0.8390672,532.9134,443.65366,0.7672178,511.57004,426.83392,0.7621661,540.2349,401.59692,0.8505143,558.65234,370.69186,0.86861724,537.2664,362.05557,0.8321708,573.4853,386.8465,0.8778516,523.0015,432.02753,0.8602853,573.3303,352.42603,0.93478477,604.2526,322.7135,0.703682,628.5519,290.76035,0.21876463,593.53613,468.3082,0.117108084
1381,505.67596,441.69318,0.8729882,534.4897,443.23822,0.82606065,511.57803,427.29102,0.8112914,541.63135,401.78723,0.85381603,559.9702,371.01645,0.86873454,538.9742,362.3822,0.83601844,574.8892,387.2585,0.8506445,524.55365,432.06122,0.8623895,575.12305,353.57748,0.9108558,604.8748,323.64728,0.7551304,630.5746,301.23032,0.23975833,593.71954,468.16608,0.117886215
1382,507.49948,440.8851,0.8449001,537.00214,442.88724,0.92132336,513.39185,425.96277,0.823977,543.0279,400.31226,0.8381508,561.7818,370.71793,0.89505154,540.4183,361.72113,0.83238804,576.7498,387.20706,0.9053003,526.9306,431.27252,0.8754502,577.93353,352.38068,0.87502897,606.40894,323.8914,0.7627507,630.68506,301.94568,0.2594729,593.9044,468.03976,0.116372995
1383,508.41275,439.447,0.80459416,539.57007,441.8465,0.9014472,516.47595,425.46887,0.7887213,545.5367,400.19302,0.8656088,563.59894,370.15826,0.9074692,542.10486,362.21426,0.8227378,578.55383,386.6093,0.9527002,530.06415,429.21616,0.8544626,578.79193,352.2382,0.86701924,608.71204,324.2625,0.7256843,631.70844,302.1482,0.23381925,594.783,468.25073,0.12696312
1384,506.15326,434.5155,0.73118377,540.8877,439.93073,0.82618016,519.2336,422.15164,0.75934124,548.6197,399.9331,0.85877043,565.2206,370.10138,0.9250724,543.5123,361.6442,0.82434416,580.2267,386.5234,0.9419695,533.2373,427.38464,0.86986256,579.6838,352.7011,0.8835284,609.18427,324.41263,0.7586147,631.1943,301.3092,0.26952723,597.0366,468.03708,0.09760067
1385,502.03445,428.1902,0.7936001,538.8441,438.02176,0.8082177,521.0988,418.8342,0.77537256,550.04395,399.73495,0.8305296,567.28094,369.73126,0.89749914,546.1008,360.95953,0.87356824,581.8467,386.26892,0.9115819,533.6783,425.05832,0.8508044,581.3114,352.45798,0.8788654,610.61597,324.03415,0.71226853,628.0253,290.38736,0.26868892,599.00745,468.28644,0.06797103
1386,499.32843,421.3676,0.7204095,535.0903,436.3821,0.8041024,522.3271,415.53183,0.76428837,552.5901,399.19876,0.82957083,569.16656,369.75223,0.85739547,548.1817,360.56326,0.8764042,583.4253,386.8992,0.8558473,534.053,423.18243,0.8086332,582.8725,352.86533,0.8814308,610.3995,325.2046,0.7643858,629.9889,300.29272,0.29296812,630.41376,284.13617,0.07719816
1387,496.86353,416.4878,0.6980882,532.0045,434.43546,0.86206496,522.042,412.20474,0.7926116,553.522,399.15735,0.80588335,569.35,369.5752,0.8738093,549.59937,359.8759,0.8736045,583.7275,386.64264,0.8377405,532.59283,420.6265,0.8588481,584.4559,352.50696,0.8841329,611.72644,325.8792,0.786004,629.71545,300.21094,0.30255625,630.4448,283.6125,0.083068445
1388,492.78876,410.30258,0.6494449,526.21326,431.49338,0.9234733,521.5348,409.6896,0.787111,555.1345,398.74002,0.8402824,571.18567,370.24078,0.8900307,551.5288,360.03833,0.84679395,584.10345,388.42017,0.83746785,530.5516,418.024,0.8511277,586.528,352.15442,0.89198714,612.77545,325.92126,0.7573411,630.39136,301.41928,0.3057545,598.19,468.50793,0.06826434
1389,489.17416,406.05835,0.7036245,522.5672,428.68124,0.8457668,518.42755,405.6016,0.89335626,554.34155,398.82825,0.83018607,571.9746,371.83383,0.9038552,552.7655,360.23102,0.8083916,583.9261,391.46732,0.81647974,526.65704,415.3638,0.826769,588.022,354.66513,0.9170919,613.6395,327.82428,0.7320135,629.496,302.09048,0.3227798,633.7666,284.77206,0.06876963
1390,484.98712,404.68326,0.8406129,518.56,425.99905,0.8359826,513.94336,403.32532,0.8728675,552.00366,397.41595,0.88069344,572.551,373.72888,0.9090594,553.6807,360.24417,0.78005594,582.28485,393.5222,0.80065966,522.86694,413.02728,0.8662049,589.7894,357.43848,0.8866543,615.16846,330.36346,0.6384193,630.0132,303.9961,0.26933262,614.49506,68.70366,0.06261299
1391,480.76138,402.72018,0.8065182,511.29956,425.1268,0.90404457,510.15063,402.6007,0.8414261,548.22943,397.8041,0.914693,572.1546,375.97256,0.9040254,554.1348,360.26578,0.77828467,579.0621,397.61258,0.8351238,517.03735,411.9792,0.8396879,590.1628,360.44406,0.85731655,613.5781,334.5271,0.6571791,629.17737,304.89276,0.24340102,614.431,68.829445,0.059606113
1392,473.9681,400.68665,0.7275833,503.36877,423.70743,0.95068055,503.9133,400.2881,0.84104276,543.67255,399.02258,0.86825174,569.4143,378.6395,0.9530771,553.6236,361.33978,0.78037053,575.8173,399.7634,0.76441145,511.62503,410.49878,0.77693766,588.2988,363.77985,0.93213457,616.06415,339.32007,0.64135104,628.1413,306.30603,0.16812295,614.4359,68.8004,0.06065431
1393,467.17877,398.88562,0.8885978,496.39886,423.5027,0.8562867,497.4382,400.05103,0.8533373,539.2107,400.7365,0.85042125,566.118,381.50513,0.96349835,550.9402,364.22488,0.8317402,571.08093,403.6659,0.7973088,504.19714,411.4314,0.83715045,586.119,368.41068,0.9167227,614.24976,344.7449,0.5843956,627.70667,318.87036,0.15555035,614.38214,68.92119,0.057374213
1394,463.0414,399.0167,0.8485563,490.05414,423.60394,0.890472,492.3179,401.21365,0.8395665,532.9207,402.13907,0.9429046,561.4285,385.72803,0.7944811,548.5036,365.81738,0.80551773,566.02386,407.5548,0.7368709,499.17395,411.39972,0.8633847,581.6997,372.45575,0.9688308,614.726,351.6117,0.5293415,627.68164,320.73434,0.14768875,614.36365,68.9726,0.057176035
1395,457.8673,398.69836,0.7861233,483.38522,423.54526,0.9363966,486.47485,399.6972,0.8873244,527.83044,403.89514,0.9811843,556.6833,388.80746,0.8736096,544.849,367.28174,0.7014389,558.7598,412.8326,0.79590964,491.73923,412.13824,0.8206493,577.8789,379.16296,0.86847055,613.24756,358.6058,0.49105513,617.06226,320.2243,0.13431437,614.32684,69.06499,0.057798404
1396,451.5778,397.04626,0.9467242,477.01962,422.56982,0.84737796,480.8431,399.5354,0.89927495,519.6254,405.90625,0.92095965,548.898,394.40958,0.92679745,536.0289,373.13257,0.73509216,548.16437,417.91547,0.7308207,485.9108,411.8571,0.8435314,570.87616,384.28513,0.8989094,606.35284,368.4484,0.5044028,615.0731,320.32593,0.12521097,614.33685,69.14811,0.059941918
1397,446.10538,395.06873,0.848114,468.6305,420.9647,0.9320932,474.77863,399.8245,0.9104929,513.2585,408.84497,0.9076169,541.8186,398.07507,0.8570194,530.0339,374.61835,0.8033069,541.56824,420.70474,0.7564075,479.59842,410.99347,0.7756549,564.0008,389.02295,0.95364934,600.07166,372.40002,0.585264,614.9172,334.83002,0.13176098,583.0875,472.12683,0.058865987
1398,437.39835,392.5471,0.8303735,460.33197,420.49042,0.89863604,468.7944,398.94656,0.89533925,505.37662,410.03018,0.8776813,534.8099,400.4185,0.879711,524.5868,378.55576,0.8300343,534.17737,424.1973,0.7480735,471.16486,409.59338,0.77272636,558.177,391.42108,0.8793368,595.8735,375.9012,0.616951,612.5936,335.01013,0.13667317,582.97485,472.19318,0.0598701
1399,430.99634,391.79346,0.7792851,452.6919,418.07822,0.93418074,460.2252,398.20474,0.8792892,497.64578,410.5549,0.84933853,528.9416,402.42734,0.82329345,519.60675,379.70346,0.86996114,527.7437,426.2247,0.8147955,465.7007,409.75296,0.7789058,552.7492,394.8112,0.9328165,590.97565,380.6288,0.73788464,612.97754,335.7343,0.11331806,583.2551,472.1284,0.060053214
1400,425.73965,391.0891,0.77990127,447.3642,418.10233,0.8497207,454.57623,396.18298,0.8477363,491.77954,409.74548,0.8565889,523.0597,402.1253,0.87364304,513.4139,380.50372,0.78903633,521.61273,427.44965,0.8293045,458.5864,407.07297,0.8377352,548.39636,396.13223,0.9714964,587.9573,384.49884,0.69543904,614.0024,373.62997,0.150216,583.15137,472.11206,0.060227253
1401,419.53986,390.43842,0.9036199,440.00635,417.234,0.8979631,447.4174,395.33267,0.8724681,483.92267,408.83813,0.8059313,516.1239,403.58456,0.90854037,507.84106,380.75186,0.77864087,512.72217,427.9662,0.72573733,452.0646,406.78842,0.88791716,540.6466,397.04587,0.95403755,582.12024,387.5919,0.7056815,609.10455,379.0645,0.21187048,607.6129,382.0726,0.073287
1402,411.91745,389.95547,0.83037174,433.6999,415.83752,0.8748794,440.78717,394.60547,0.8609639,478.8027,407.40543,0.88724613,511.56503,403.0895,0.84704876,503.5657,379.38742,0.8682675,506.8576,427.4389,0.9482078,444.56198,405.27686,0.84078467,536.0928,397.25568,0.970998,575.0013,388.81873,0.73069805,607.1121,379.21878,0.32022527,612.6572,374.861,0.08955776
1403,404.54974,390.48013,0.87810636,427.55722,417.21857,0.9260836,434.80518,393.4442,0.83624357,471.73956,405.59958,0.8578429,504.5368,402.30728,0.9326892,497.1908,377.90012,0.90538853,498.37766,427.12265,0.8596693,438.49615,405.5253,0.855208,530.1493,400.65912,0.9242162,569.561,388.4442,0.7806512,601.4821,376.209,0.47976017,614.1053,369.18945,0.11965635
1404,398.7701,390.08502,0.8123631,421.11856,416.39264,0.9693255,426.6885,394.0318,0.8713688,465.84845,405.8119,0.87271285,498.85468,403.54828,0.9664993,493.17325,378.21396,0.8527937,490.7675,427.25214,0.8467795,432.51462,405.2936,0.7927111,523.8002,401.95688,0.986381,565.7552,389.61935,0.83415335,596.79816,374.9016,0.56284666,612.5917,360.0357,0.11473628
1405,394.34503,390.3509,0.8115739,416.20337,416.9213,0.9181012,421.0051,393.65173,0.86499447,460.18555,406.65582,0.91174334,493.26675,403.6023,0.9318355,488.9601,379.54245,0.81205386,484.2336,428.47922,0.8440002,425.7635,404.6336,0.8715642,519.1545,403.29083,0.94239473,562.2969,392.61148,0.82432765,597.3982,371.22,0.606357,611.8851,354.1502,0.07776706
1406,390.94492,389.47888,0.87918437,407.99628,417.94174,0.94003993,416.13437,393.02206,0.88574165,454.10876,407.64282,0.81535906,487.31372,405.32562,0.94409984,483.64252,381.1607,0.8633658,475.86414,429.97995,0.72558,420.4355,405.92316,0.93676007,512.76965,404.97952,0.92380756,557.39825,395.84204,0.8861685,593.33264,370.96594,0.7311308,611.4428,345.0889,0.2606821
1407,384.99112,389.45792,0.92241156,401.43777,416.28458,0.949117,409.65814,393.37668,0.9073434,447.92523,409.01935,0.8114946,481.74805,406.92734,0.9687873,478.8647,381.10056,0.859287,471.09094,430.00568,0.7247261,413.97882,404.99066,0.8423079,506.6214,406.48914,0.94450766,550.048,398.1144,0.8264376,586.5337,377.6439,0.7523186,600.89307,346.30307,0.74541616
1408,378.50055,386.41232,0.89046097,397.2341,415.58182,0.8811698,405.33145,391.96335,0.92695755,442.8822,407.8821,0.83975446,476.338,406.1055,0.9301488,474.6157,381.16125,0.83957696,467.53568,430.09006,0.77132463,408.78586,403.78354,0.8697531,502.26437,405.7866,0.9144305,544.14636,398.541,0.8070877,581.04425,379.31427,0.80665165,598.2483,347.36258,0.87507284
1409,371.00946,384.3532,0.9725158,389.96075,412.76334,0.92001754,398.36908,390.7546,0.8879681,435.64777,406.75964,0.8417935,470.31195,405.54422,0.98610586,465.48517,380.58508,0.86902386,459.68835,429.51007,0.7400612,402.49332,402.20917,0.8923433,496.61765,404.43472,0.9432407,540.382,398.70004,0.8435795,578.2756,380.10458,0.82777995,597.6218,349.38574,0.8873688
1410,367.2887,381.03244,0.89572644,383.0959,410.41068,0.87897444,392.79163,386.854,0.877259,429.17172,406.0801,0.86092615,465.2217,405.0675,0.96343243,460.55112,379.3083,0.8366961,454.1209,429.1393,0.7477459,395.74823,399.1654,0.7966316,492.03943,403.7256,0.98553014,535.42175,396.37607,0.84558386,575.3081,378.24396,0.7134775,595.8449,349.81796,0.957316
1411,364.567,380.81088,0.85416746,379.0364,408.72107,0.8150172,389.07025,384.37952,0.92357427,424.28705,402.59537,0.8197152,460.59674,402.9947,0.8904453,455.0864,376.95792,0.8528479,451.75842,427.83273,0.7995187,392.73672,397.47934,0.76577914,488.03537,402.5161,0.87519294,531.1482,396.11862,0.8906061,571.1858,377.9712,0.75525355,590.3975,346.88803,0.9036038
1412,357.8006,380.4257,0.9073127,374.30914,407.31128,0.8962673,382.90533,383.56808,0.8364585,419.07172,400.75012,0.82952666,455.716,401.1816,0.83575016,450.12857,376.30658,0.82444817,446.29886,425.66162,0.76501805,386.67453,396.1838,0.8533661,482.1167,401.62173,0.9269317,527.0956,395.29016,0.89795923,564.74524,377.55103,0.7613371,583.4626,346.47684,0.8861679
1413,351.2562,379.59232,0.915591,370.28506,404.87607,0.91066635,377.23367,381.99417,0.8747418,415.12723,398.72842,0.81128246,450.86603,398.58694,0.8784308,446.03354,373.63538,0.9013622,443.59473,423.69977,0.8367959,381.38303,393.9255,0.7667978,477.03363,398.1511,0.9383539,523.01276,393.19983,0.84223944,560.0329,376.5676,0.7485313,579.3905,345.77948,0.93952584
1414,341.98523,378.7957,0.89763504,363.6772,404.8267,0.8722305,369.738,380.31317,0.81614894,410.3394,395.5798,0.86187875,446.04483,396.40704,0.83561033,440.77066,370.97714,0.9368779,437.44714,420.6897,0.8924474,374.60992,392.44617,0.8183913,472.69543,397.55298,0.89148325,516.7411,389.10864,0.8847213,555.36194,370.70258,0.7396031,576.04596,340.52515,0.76206523
1415,336.40433,378.43497,0.89234066,357.7406,404.7218,1,362.9482,379.25488,0.8952777,403.78546,393.58353,0.83988225,440.4132,394.0448,0.8915028,436.83408,368.3586,0.974786,428.86298,419.0886,0.8770344,368.71527,391.9132,0.8127574,466.7789,396.7676,0.9049523,510.76505,388.4721,0.91425514,549.2485,366.95932,0.79179126,566.66504,334.79642,0.83855903
1416,333.98706,377.86157,0.8402728,351.79764,404.42136,0.93628395,357.79987,378.73166,0.85107577,398.5538,393.85355,0.8405935,434.6502,393.80368,0.92129064,431.95087,367.85013,0.93993044,423.3569,417.72385,0.8507943,361.8584,391.14038,0.85574996,461.16757,396.64288,0.93547535,505.71817,387.2486,0.8829393,543.2957,365.7576,0.7309975,561.7136,333.75516,0.9079504
1417,331.0239,378.14804,0.8770271,345.80057,404.64816,0.90663546,353.30356,378.7733,0.8762806,393.1315,393.8723,0.8281744,428.221,393.4706,0.88647693,426.91125,367.60077,0.91332275,416.27225,417.82605,0.80172145,357.3744,391.5966,0.9180604,454.40793,397.0213,0.9056865,500.86472,387.53473,0.91930085,538.17285,366.04007,0.7227034,555.9054,334.7798,0.77961755
1418,325.76364,377.60315,0.8685463,340.99945,404.5254,1,348.00174,377.51086,0.9247347,387.29813,394.6206,0.8231296,423.62094,394.22885,0.927744,422.69543,369.0558,0.9128008,409.5785,418.85132,0.72122455,352.63345,391.387,0.8758012,448.8963,398.21985,0.8944809,495.89084,389.44626,0.889911,531.86694,366.9633,0.83053166,548.51697,334.9492,0.93650603
1419,321.20978,375.257,0.89253837,334.2653,401.71762,0.8867045,343.89236,376.11023,0.89607626,381.71445,394.32544,0.8423511,418.3353,394.54785,0.9100831,417.14447,368.78656,0.9520884,405.14493,418.2414,0.7404961,346.24347,389.02603,0.87434494,444.3873,398.1935,0.8925463,491.41034,390.88492,0.89332706,526.84784,371.0395,0.76687264,544.43036,338.96075,0.854169
1420,317.0932,371.5197,0.9191022,328.4526,399.84427,0.85444444,339.42334,374.29517,0.9317271,375.97336,393.16797,0.8257482,411.51083,393.28848,0.88222885,411.00223,367.1705,0.9748036,400.1136,417.95285,0.7856727,341.43027,387.7978,0.9075521,437.8322,396.775,0.97816646,486.0586,392.05264,0.8193617,524.20074,373.88818,0.76482946,540.3161,343.06348,0.8004549
1421,312.5073,366.97574,0.971079,323.0418,396.8325,0.96664256,334.8227,372.7124,0.9269751,370.2807,391.59363,0.86647177,406.3139,392.30414,0.9471163,405.2352,366.67053,0.9045132,395.5731,416.04346,0.8347853,337.00897,385.4748,0.90725964,432.73877,395.41367,0.89085656,479.67755,391.48294,0.8159378,518.9431,375.29407,0.73598516,540.9693,346.43933,0.8453026
1422,305.33337,365.09824,0.9526154,318.41193,393.99542,0.91007173,329.01495,369.26984,0.8902219,364.707,390.00906,0.902133,400.78714,390.84717,0.9585569,397.3715,363.86978,0.86489266,390.11786,414.9617,0.8135257,331.49765,383.11472,0.78891337,428.0978,393.0333,0.896529,474.96616,389.53384,0.8325995,515.77246,374.75684,0.76537234,540.3822,347.46207,0.8639451
1423,298.8093,364.16177,0.90057325,313.12457,391.3171,0.821864,323.63928,366.53735,0.87068254,359.3179,386.304,0.8593393,395.58087,388.0201,0.89006394,392.0134,360.54593,0.8011477,386.3256,413.0285,0.82805026,327.07822,379.8801,0.7998804,423.411,389.63632,0.863537,470.13763,387.38773,0.815746,512.0197,373.43008,0.76238304,535.4943,345.4837,0.88715553
1424,292.0094,361.04837,0.9072153,308.0655,389.73758,0.9937614,316.64767,364.73425,0.9137383,352.87546,383.43524,0.83271587,390.98438,385.4291,0.8839988,386.3151,359.77463,0.8029922,380.93237,410.10345,0.8717522,320.36194,377.67487,0.796845,417.62454,386.84122,0.9214463,464.4749,384.05334,0.78343636,505.34457,371.27344,0.7059645,528.9383,344.42908,0.8197662
1425,286.79507,360.92307,0.84519243,301.39197,386.70862,0.90891564,310.06366,361.68008,0.8769426,348.7548,380.39038,0.8540381,385.62128,382.31418,0.8548479,381.8307,355.434,0.93131155,376.3721,407.81735,0.88090646,313.82562,374.60004,0.83445483,412.45517,383.6248,0.92040306,461.4641,380.98645,0.8587117,500.9821,365.54526,0.73340535,523.5411,339.60672,0.88967466
1426,282.6104,359.1576,0.92951643,297.29184,385.68704,0.87137777,305.38187,359.378,0.8812277,343.89282,376.925,0.8300934,379.489,379.62576,0.81684303,377.52545,352.00922,0.9225628,368.4499,403.88828,0.85393906,308.51517,372.5495,0.88020444,406.68787,382.5152,0.918292,454.8967,376.90933,0.84919316,494.5604,361.51154,0.77835554,518.6377,334.27487,0.9291563
1427,278.76953,358.35938,0.9350727,292.6308,385.25488,0.9463343,299.97043,358.37973,0.91442233,337.89325,374.99222,0.8699315,374.09036,377.05753,0.90824527,373.25247,350.16934,0.9056466,360.46506,401.59088,0.86451393,304.08307,371.158,0.8505933,400.96393,382.07278,0.89369816,448.40875,377.41403,0.8570887,486.84683,359.37115,0.7541816,510.0582,329.96106,0.8771853
1428,272.05414,356.77704,0.9412422,286.81073,384.4979,0.8825328,295.02127,357.6618,0.8791681,333.20715,375.13138,0.90383804,367.91263,377.29123,0.8749343,367.81818,349.8847,0.92585844,354.05887,400.6813,0.8251382,298.1546,370.62668,0.8537159,394.83243,382.56363,0.9546673,444.34042,377.38397,0.9079872,481.67957,359.99722,0.7904647,505.3257,332.02432,0.8578824
1429,264.95056,355.25073,0.94840837,282.35873,383.55756,0.8819306,289.11752,357.28232,0.8916633,327.8073,374.59488,0.841355,362.74316,376.36517,0.86732435,364.96527,350.33704,0.9265751,348.5261,401.08105,0.79879534,292.81842,370.43262,0.8587519,389.17126,382.7354,0.9344558,439.18463,378.00775,0.8557542,477.41504,362.2071,0.7770365,500.7815,334.3934,0.9637148
1430,258.08716,355.13547,0.9927687,275.15057,382.96155,0.914082,281.48474,357.0724,0.86166555,320.29355,374.20593,0.83231044,357.2049,377.73175,0.9291337,360.3233,352.6713,0.8126023,341.4765,401.2331,0.80818576,286.01587,369.4885,0.8229462,383.2376,384.23874,0.8666405,433.5192,380.8718,0.82571,473.5071,364.82028,0.7099136,496.95197,339.2388,0.8923426
1431,252.17178,352.14368,0.88948894,267.9082,381.94934,0.8514407,275.5761,354.33313,0.9549462,312.9078,374.8922,0.7950861,351.39258,378.50085,0.8277759,353.57547,353.50833,0.8821348,333.75574,402.6577,0.68697774,278.30014,367.96335,0.84766495,377.08582,384.3289,0.8838288,425.10974,384.40247,0.7526886,465.11142,372.5201,0.7640202,490.9392,345.8985,0.8888178
1432,246.96259,348.95264,0.9309333,258.9468,378.3892,0.98927504,269.00967,352.33875,0.87244076,305.63425,373.63556,0.8451682,344.645,377.25925,0.8391902,348.16672,351.36432,0.9431078,329.26044,400.53967,0.7723228,271.97162,365.8504,0.8497688,371.33057,383.95242,0.96186477,416.85666,386.81262,0.8140475,462.01685,376.74536,0.8236621,489.19147,352.8779,0.85888296
1433,242.16058,346.84506,0.9809215,250.70158,375.9856,0.84211504,263.11185,350.67346,0.92788357,299.6881,373.00223,0.86024857,339.67606,376.6084,0.9088157,341.9138,350.43356,0.8883973,325.34937,399.8472,0.82147557,264.7256,364.4707,0.8254324,366.96283,382.49567,0.9469281,410.09595,387.6881,0.79589194,454.54163,384.3942,0.7359075,487.34982,360.71487,0.8805691
1434,234.11719,344.36588,0.87352335,246.48811,374.11642,0.90218097,255.95818,349.3348,0.86422217,292.5513,370.27448,0.8658026,332.6513,374.8777,0.8946578,333.9662,347.99524,0.87182194,319.64517,398.2864,0.8205879,259.15607,361.62787,0.84236777,359.8045,380.89166,0.9940427,403.82486,386.56543,0.88620794,449.33768,386.0819,0.81210655,484.12698,366.94864,0.884573
1435,228.50085,341.0561,1,238.43869,370.92438,0.89978915,250.04715,346.38943,0.98945177,287.09656,368.8972,0.7837544,326.88696,373.4919,0.9457108,327.55814,345.6947,0.911269,315.1106,396.71252,0.8388384,253.08589,359.5792,0.8074645,353.2085,378.22046,0.9491834,398.34485,385.626,0.7953274,443.4303,385.8004,0.7992072,478.07028,366.6945,0.8533493
1436,222.62572,338.99893,0.913388,232.47075,368.9929,0.83407444,244.4156,344.3346,0.9302095,279.48743,365.80032,0.8026303,319.6859,371.87445,0.8748313,315.24973,341.42038,0.8165528,309.18622,395.14514,0.8085366,246.17738,356.89996,0.89701176,346.98248,376.14987,0.92630416,390.12976,382.49826,0.7972273,433.6697,383.89233,0.74058837,469.18903,364.2179,0.94964373
1437,218.16212,337.022,1,226.00343,367.06287,0.8873995,237.74698,341.97964,0.93710864,273.15692,362.61343,0.83964133,313.06375,369.05862,0.825882,310.96323,339.9299,0.823271,303.88882,391.66183,0.7648435,240.3257,354.27863,0.88199365,339.62228,372.94836,0.883351,382.7189,381.1219,0.81091374,428.1806,380.00568,0.6897848,462.7976,360.1785,0.8847194
1438,212.14938,335.64484,0.9921108,221.02629,366.0854,0.8699287,232.12746,338.77982,0.9310419,267.96448,360.68854,0.8544724,306.0659,365.8448,0.8845666,304.33908,336.92578,0.9169522,295.29343,390.4581,0.86430705,233.63557,352.38763,0.8548471,333.12262,369.4732,0.867075,375.671,375.9772,0.8046875,422.17227,377.59045,0.7572951,456.59146,358.17203,0.8408597
1439,204.89998,337.08707,0.9447226,217.67007,365.66077,0.84634113,225.56107,338.05414,0.9175741,263.44684,358.06693,0.88613635,300.5251,363.07492,0.8124709,300.8729,335.27866,0.9186931,287.63174,386.54465,0.83290887,227.90808,351.14526,0.8486109,326.92783,368.71277,0.8815156,370.56635,372.52487,0.9090119,415.58237,372.82153,0.870647,452.88013,354.93893,0.9095883
1440,198.45285,338.92422,1,211.416,365.95526,0.9619651,218.56361,338.26294,0.89122933,257.4223,357.2346,0.86592746,295.80347,361.13165,0.87103385,297.23645,334.53238,0.861488,281.12982,383.84958,0.8375314,222.77155,351.49792,0.84898126,322.0753,367.67142,0.9202586,365.28348,373.34467,0.78347975,411.3766,370.68658,0.7861113,446.81506,348.37207,0.82847065
1441,192.46405,339.76724,0.95087326,207.77092,367.31305,0.81412506,213.16898,338.67,0.9408643,252.96558,358.37927,0.85957015,290.81204,361.5067,0.891271,292.90002,334.47812,0.9170273,275.43427,384.70468,0.83845776,216.09512,352.18314,0.816028,317.40744,367.71255,0.9387964,359.4129,372.25555,0.901627,403.98273,369.89166,0.79712296,440.7671,346.902,0.84397835
1442,189.13574,340.30093,0.9999187,200.60675,369.1185,0.8283933,207.90965,341.1156,0.94601125,246.9406,359.49203,0.83062524,285.22864,361.5404,0.862038,287.19864,335.1446,0.9442825,269.40656,386.5658,0.81401503,210.12184,353.37424,0.88693404,310.99384,367.8899,0.897439,353.40198,371.29938,0.9362536,397.79422,368.01917,0.7886041,433.707,346.57617,0.9164528
1443,183.93066,340.50195,0.97692263,194.51933,369.71262,0.91683507,203.13234,342.13177,0.9185371,241.38452,360.61923,0.79763347,279.3182,362.081,0.89479667,280.85355,337.11798,0.9133125,265.6203,387.37228,0.7160107,206.94177,355.29803,0.88950837,305.33066,367.34262,0.9111021,347.20117,370.4087,0.9171303,390.1175,366.57645,0.7905405,426.04718,343.3325,0.8816131
1444,177.82555,341.34586,0.97471607,188.5918,368.75778,0.92886937,198.32472,341.93243,0.93146294,235.90962,361.63638,0.86638004,275.06726,363.4772,0.9288513,275.24173,337.94604,0.9576775,260.07794,387.67126,0.68145716,200.32204,355.34735,0.8578135,301.75854,367.96194,0.8826299,343.4521,370.15753,0.9367756,385.35452,365.6297,0.80546886,422.36124,341.9535,0.93018574
1445,170.81152,342.2505,1,183.7071,369.166,0.87412953,190.63539,340.8755,0.9752205,229.87189,360.92664,0.82362425,268.69937,363.01993,0.82185954,269.4805,337.44934,0.99524564,254.38829,387.93097,0.74206245,193.75908,353.81033,0.8985572,295.3687,367.0527,0.9493183,338.08893,369.91888,0.94224125,381.7473,366.2754,0.7495276,417.88135,343.27646,0.91495836
1446,165.21402,343.1401,0.940148,176.6364,368.65778,0.95665956,184.62042,340.24902,0.88553816,224.4188,359.74994,0.83209896,263.66748,360.9062,0.9065562,262.95743,334.57843,0.93615526,251.9594,385.5631,0.8810766,188.57303,354.08087,0.8956045,289.7766,364.3512,0.968756,333.34384,368.98117,0.87509733,376.87384,368.76138,0.8196327,413.00067,347.9066,0.9209047
1447,160.41534,343.92914,0.86111474,170.92125,367.8283,0.92964524,178.63943,339.0567,0.9152468,218.52641,358.72418,0.8343173,257.14447,359.68674,0.9436023,255.40353,333.0454,0.89758855,247.94148,382.86118,0.82727057,181.45203,353.20483,0.90630734,284.52014,362.77618,1,325.99704,365.7133,0.86973166,370.8023,368.62796,0.828006,409.09955,350.06665,0.90073025
1448,155.04832,343.68338,0.960498,166.7034,369.232,0.8909467,172.89163,339.0003,0.9922723,213.19516,356.75565,0.8567776,250.99142,357.06268,0.92523974,248.90369,330.52927,0.85986656,242.87737,381.7618,0.87182766,177.10493,352.6448,0.92521,277.86053,359.25885,0.8729132,320.47116,362.19022,0.8783567,365.4498,364.43546,0.7226685,404.64923,348.31696,0.96939546
1449,149.17369,345.64557,0.860083,161.99413,367.96606,0.92447495,166.59013,338.2954,0.8769435,207.11679,355.42044,0.87136495,244.60815,356.4252,0.97594315,238.11682,327.7937,0.81198853,236.99388,380.0595,0.9111067,171.77896,352.24713,0.9018321,272.0206,357.41827,0.8668434,313.26483,360.13547,0.830235,360.17334,360.9374,0.86795443,398.11874,342.483,0.89074874
1450,144.84575,347.11307,0.8751839,158.47565,367.50797,0.90172035,161.07587,339.1772,0.86014104,202.11307,353.6175,0.8807919,239.38489,353.691,0.86980516,231.35239,325.9449,0.77373517,231.96095,378.54236,0.90202945,165.21066,351.91553,0.87019277,264.76202,354.11746,0.8849493,307.0812,354.68423,0.9463934,353.25916,356.67926,0.87270194,392.09216,337.84293,0.9099941
1451,140.13022,348.08557,0.9382923,154.03879,368.5983,0.89834076,154.64803,339.05783,0.8992309,196.15627,351.07455,0.86466265,232.60968,351.30075,0.8414622,228.71301,323.9095,0.95352894,223.63667,377.44873,0.88753945,161.28558,352.80026,0.88580513,259.17352,351.88342,0.9051474,301.97803,352.2012,0.84390616,346.56506,353.76556,0.8207448,385.96967,334.77713,0.8663027
1452,134.6282,351.7927,0.76078004,150.13225,370.14328,0.95232373,148.21182,340.30753,0.8262489,190.42949,350.30518,0.8124091,227.27296,349.37494,0.91481584,223.70686,322.724,0.9400657,218.40323,375.01932,0.9444934,156.30307,353.40414,0.90841424,254.04361,350.45114,0.9365699,297.96484,349.71185,0.78726065,343.2548,348.06534,0.7776335,381.08008,329.13495,0.9404507
1453,129.48659,356.09164,0.872753,145.82521,371.17996,0.9266174,142.01701,343.8501,0.7753808,185.01918,350.90692,0.82037616,221.99037,348.988,0.8010773,218.06068,322.53433,0.92243725,213.91336,373.74817,0.8727773,150.36736,355.00665,0.8551167,248.41548,351.12564,0.93933916,292.53336,348.38174,0.88535756,335.57965,343.1615,0.8665617,375.1548,323.38116,0.90262675
1454,125.22534,358.5653,0.84908664,140.84628,373.25946,0.9024165,137.61278,345.64954,0.7275855,180.89986,351.72388,0.88899285,217.67665,348.82462,0.8446355,214.4207,323.23196,0.9536238,208.92438,374.31064,0.8278442,146.61655,357.5708,0.8810223,243.32152,350.7476,0.93604726,288.04398,347.72922,0.82013273,329.7984,340.60303,0.89834654,367.16565,317.86963,0.88526773
1455,120.73594,359.7285,0.7765691,138.55017,376.57584,0.847326,133.62666,348.3967,0.753009,176.18648,353.90036,0.88618284,212.3501,350.1093,0.91548073,208.35393,325.20557,0.9306806,203.95107,376.52588,0.82991105,142.5194,359.17496,0.78533673,238.4583,351.32895,0.90221834,282.41782,347.16132,0.82799065,324.63998,338.48996,0.83518577,362.08994,315.94495,0.908175
1456,116.911514,362.03024,0.82345814,133.39323,379.3817,0.94043916,129.86296,349.77127,0.7454166,172.34735,356.5938,0.9329016,207.47258,352.07343,0.8140153,203.96959,328.0598,0.87604564,198.31003,378.63843,0.8044565,138.28433,361.66663,0.8300057,232.6164,353.0638,0.9418953,276.6222,346.6555,0.8939304,318.60855,335.7289,0.79841226,355.9806,314.18256,0.93974364
1457,112.80162,362.13046,0.8292695,128.10211,380.5175,0.8813773,127.087364,351.87033,0.70312595,167.3934,359.3098,0.83735794,202.03319,353.43573,0.8788522,198.75233,329.91068,0.852011,195.30154,379.9102,0.8019638,134.49031,362.61478,0.86281246,228.21474,354.25424,0.93414277,272.39627,347.0777,0.8758193,314.6403,335.79312,0.7942597,350.0842,311.5694,0.9065974
1458,109.14959,362.80807,0.93592006,125.37303,381.76538,0.87050635,122.833046,352.6106,0.8381155,163.78593,361.00482,0.904862,198.23973,355.19635,0.94594485,192.20685,330.7088,0.835308,192.28555,380.58405,0.8702576,129.59781,365.1365,0.8816649,224.10677,353.35147,0.9553735,266.93405,347.26517,0.8272507,309.14774,335.84415,0.7692667,345.93118,310.89175,0.9147905
1459,103.01987,363.1236,0.7891337,117.755775,383.02454,0.9454742,117.95625,353.19254,0.8263433,160.05338,362.2076,0.87346464,194.57878,355.79858,0.9298071,188.17227,331.55347,0.8615404,189.26683,381.46448,0.94580656,125.146835,366.30197,0.80556744,219.98834,352.26144,0.95278525,262.26022,345.4111,0.8502285,305.88046,335.35635,0.8057917,343.4578,310.7587,0.8791941
1460,97.514336,363.2906,0.8369603,112.93491,382.40128,0.87332606,113.0594,353.8028,0.7719832,155.69519,362.52957,0.9000355,190.72856,355.56934,0.8503347,184.02203,332.33878,0.90667754,185.35005,381.98572,0.9589382,120.05317,364.8071,0.7960519,215.72343,350.9109,0.8906519,256.47125,343.1764,0.8662036,301.0886,331.74344,0.80489826,339.3577,308.52582,0.92733276
1461,94.85447,362.73056,0.84595567,109.57457,381.99823,0.88027936,107.849846,352.29193,0.8532208,150.16235,361.95874,0.8951151,185.35707,355.53693,0.9267609,177.05157,331.514,0.8499519,181.77058,382.12128,0.889105,115.28668,364.68085,0.8901317,212.03055,350.2796,0.9092614,251.38687,341.1899,0.92828256,293.18738,328.5,0.82900727,331.4726,303.74588,0.8904436
1462,91.20016,362.84995,0.904914,104.91878,381.95453,0.8521108,103.97221,350.94537,0.8165373,145.86995,361.30142,0.90506816,180.40709,355.4016,0.9403654,170.64102,330.47522,0.8683834,178.44113,381.22485,0.87517637,112.038895,364.41196,0.8282144,205.98952,348.76212,0.8817228,246.48183,339.64084,0.92596734,287.1848,326.47003,0.85932666,324.54105,300.3868,0.92908275
1463,87.236046,364.02206,0.774066,100.50611,381.11893,0.94586235,98.38369,350.6066,0.75258654,141.76639,359.88428,0.87902576,176.11128,353.4873,0.82165307,168.71135,330.28873,0.8633266,173.5382,379.05008,0.9809317,107.29954,363.13724,0.79928946,201.22865,346.821,0.8542689,240.36823,337.69922,0.893181,281.81927,324.97714,0.90269274,318.7252,300.00754,0.9081219
1464,81.69322,364.28445,0.89123845,96.44556,379.8838,0.8933998,93.505455,350.9371,0.77060646,137.30966,358.70767,0.9174886,172.20123,352.52368,0.8884431,164.2217,328.87613,0.8406058,167.45915,379.08896,0.97738236,103.47812,362.0029,0.8431738,196.73305,346.73047,0.86621743,236.1452,336.4602,0.8987557,277.20566,322.23605,0.8057438,314.03552,296.0459,0.92151684
1465,77.31515,364.13397,0.91631,94.93893,381.27975,0.88526964,88.94021,352.52267,0.81053925,132.28493,357.95102,0.9320008,167.38565,352.85175,0.8919132,159.0179,328.15402,0.79762924,162.13884,378.28934,0.87980866,98.11712,363.75565,0.8981178,192.15768,347.45972,0.81032133,232.5963,335.9726,0.86320984,272.03995,320.06897,0.8151965,309.7464,294.0065,0.949221
1466,73.7689,366.35437,0.71367556,88.80148,382.7605,0.8665692,83.83292,353.60193,0.7870107,127.35571,358.59802,0.8640246,162.24197,354.03983,0.8933894,154.56622,329.1474,0.83759916,155.85826,379.59164,0.97407633,93.57733,364.73114,0.7870842,187.57503,349.39905,0.8881484,228.16415,337.27603,0.91652673,267.23236,320.50635,0.8045381,301.9597,293.99948,0.9353882
1467,70.00182,369.71768,0.835677,85.05356,385.09753,0.93210465,78.28732,355.65317,0.8173786,122.69504,360.15308,0.86569405,157.4293,354.95618,0.87141937,151.7981,331.369,0.854945,151.44606,380.32373,0.88383746,88.97461,367.26035,0.78217906,182.3059,352.58682,0.86897784,222.45027,340.00806,0.9471697,260.72424,322.5277,0.8177952,296.53476,294.53592,0.8849099
1468,64.19875,371.59177,0.85719275,80.60065,386.28397,0.8848126,75.14899,358.98453,0.778415,116.84473,362.43555,0.9136245,151.36734,356.1722,0.9205964,144.52106,331.84232,0.85196155,145.23077,382.68265,0.8593695,84.685646,370.11267,0.8941412,177.28467,353.60947,0.94066995,218.59322,341.9906,0.9352674,256.03433,326.2479,0.8586798,291.90497,298.7785,0.9516736
1469,58.445663,373.85345,0.75874245,75.34423,387.35614,0.916032,70.083534,360.19885,0.7531183,111.30692,364.8566,0.87197137,146.2836,357.33243,0.8923734,140.41402,333.53534,0.8223832,138.4417,384.79727,0.87800634,80.203064,371.42972,0.831934,171.35239,354.26797,0.93675,214.2845,343.9166,0.89622194,253.72635,329.46143,0.8422418,289.4317,303.88705,0.8730974
1470,56.499928,375.07773,0.73463756,71.93508,389.21625,0.918326,65.79834,361.33197,0.716251,106.84328,367.01767,0.88484746,140.72662,358.59457,0.8846566,135.19675,335.3457,0.861486,134.6941,385.17657,0.8519159,75.37532,373.24298,0.8628371,165.41571,357.53766,0.8569681,208.43379,346.8259,0.94416565,248.42867,331.87152,0.78124374,282.40353,307.6928,0.98049855
1471,53.038483,375.29642,0.79617316,67.1937,389.36227,0.92116284,62.25521,361.29953,0.70698947,103.21509,367.5809,0.83804035,136.51727,361.46304,0.8546292,130.86752,337.2961,0.97227997,130.50314,386.71497,0.8081052,72.301186,373.73398,0.84418464,160.75801,359.8381,0.8360488,204.42612,350.022,0.93363065,241.51169,334.88605,0.81174415,276.80496,309.71033,0.97993207
1472,48.438164,373.76938,0.879817,61.287823,389.18082,0.95150894,59.751213,360.7788,0.76458263,100.05656,368.5425,0.90156674,133.02667,362.23386,0.97201353,126.57534,338.91122,0.93098277,128.75516,387.96744,0.86473924,68.48578,373.58344,0.9211255,157.55261,358.9763,0.9093937,200.1875,351.22876,0.84754795,239.00203,337.49075,0.7905463,272.30438,313.01126,0.85975885
1473,42.297874,370.17972,0.82912976,55.84978,389.21982,0.99226576,56.74279,360.24805,0.7757657,95.426315,369.76666,0.87337077,129.14558,362.48703,0.92717093,120.1427,338.91177,0.92217994,126.14847,388.88687,0.9399675,63.81282,373.23032,0.90258676,154.01514,357.23074,0.86744577,193.73784,348.57465,0.89559084,233.3384,338.90417,0.851108,269.3381,317.2104,0.9175379
1474,40.858746,370.0784,0.8364464,50.856995,388.58212,0.9943938,52.406773,358.906,0.8285993,91.980606,369.5075,0.92453897,124.87348,363.0912,0.8637445,115.14849,339.24634,0.92204475,122.774635,389.05936,0.98072916,59.55799,372.9075,0.9342909,149.55844,357.182,0.876566,189.87169,347.07996,0.9538424,229.30563,336.63107,0.7956276,265.4506,314.98843,0.9322898
1475,39.463173,370.78192,0.8373219,45.596443,387.6944,0.91803986,47.87019,357.31168,0.82308716,87.89462,368.7987,0.86518544,120.666595,362.5193,0.9025861,109.168236,338.31223,0.8210548,119.800476,388.29614,0.90094036,55.15587,372.227,0.862278,145.24121,356.5034,0.85151964,186.20183,345.66467,0.8774691,225.48175,333.8584,0.8502205,261.43973,309.2122,0.97156984
1476,36.691193,368.81125,0.93104976,44.086647,385.96967,0.949464,45.465534,355.84616,0.89055574,84.407455,368.12418,0.8972423,116.51779,362.55618,0.9766107,104.85064,337.53772,0.92597103,114.23524,388.55402,0.9117139,52.70417,370.36743,0.94078255,140.52315,355.9519,0.8755195,180.23128,343.70502,0.8612903,220.5137,331.27847,0.85067064,254.7917,307.76523,0.95901334
1477,33.86155,366.7513,0.9390927,41.707928,384.43692,0.97049123,43.954628,354.88208,0.92793244,80.7616,367.226,0.8951284,112.720085,361.50537,0.88215244,104.31669,336.99707,0.92213386,110.63245,387.7004,0.9324132,51.408577,369.23117,0.97285414,136.63199,355.23575,0.80978245,175.99055,343.1037,0.8591655,215.31766,329.83298,0.8322353,250.22856,304.8362,0.9373684
1478,31.531689,365.81897,0.8605145,40.017296,383.94363,0.92719287,41.2265,353.93036,0.8725646,78.237854,365.32465,0.8532504,111.08901,361.01093,0.8031587,102.73398,336.22452,0.9302715,106.8874,387.67816,0.97513866,48.902973,368.13162,0.87034,135.33759,355.9866,0.8006837,173.50807,343.2371,0.8821344,210.64056,328.1414,0.8693619,246.99722,301.3563,0.9173086
1479,30.450975,366.18094,0.79527664,39.061832,382.83737,0.9223711,39.52211,353.07687,0.8891307,77.390976,364.47162,0.89805967,107.93174,360.0578,0.8290439,101.40275,335.84357,0.9490702,104.86599,386.09018,0.88956827,47.55287,367.2714,0.84960705,133.8895,357.2763,0.8658629,172.50008,344.42838,0.91934174,208.55278,329.18585,0.8431201,243.54802,302.02762,0.92692584
1480,30.523682,363.99796,0.8188869,38.13771,381.37744,0.96347934,40.531883,352.00803,0.87632877,76.986946,363.88983,0.9122597,107.50491,360.21033,0.84468037,102.284065,336.26785,0.96698815,101.69837,386.2468,0.90024334,47.48629,365.75613,0.86124164,133.1937,359.66864,0.8555247,172.89949,346.8738,0.9815884,209.60007,331.47693,0.83738226,244.27544,306.14758,0.9655376
1481,31.745552,362.11838,0.8779727,39.55762,379.5996,0.987593,42.12917,351.10822,0.8559695,77.53001,364.1085,0.89503545,107.64055,361.01532,0.8342739,103.5057,336.6251,0.96785724,99.34142,387.40698,0.8709684,48.197643,364.82346,0.8993653,133.48053,362.9378,0.90586156,173.4969,350.76135,0.92048085,210.8754,335.7364,0.8146984,247.24257,309.34033,0.918892
1482,32.969574,358.65527,0.96531224,40.0882,378.0604,0.9788478,44.84921,349.35498,0.80071783,78.73021,364.6447,0.88011986,109.32335,363.54767,0.80353695,104.69606,337.20978,0.91280836,98.81871,388.5528,0.83768004,49.025677,363.0658,0.9354929,134.9331,365.96487,0.8888903,175.09778,356.25427,0.8599849,212.38832,341.61398,0.88936245,248.67212,316.1103,0.9050833
1483,33.795937,355.79672,0.94228256,40.72373,375.08362,0.9082476,46.37659,347.49463,0.7329385,80.2817,365.13177,0.8583253,111.04043,365.07852,0.79163545,107.4517,338.8249,0.9294268,98.681145,389.8783,0.7936407,50.29143,361.15118,0.94922376,135.72186,368.58646,0.8625775,177.46284,359.926,0.8695408,216.57307,346.4952,0.84680754,251.39139,321.896,0.936506
1484,32.95467,354.20813,0.96500117,39.577484,373.7352,0.9747271,47.666946,345.42343,0.76839864,80.63066,363.67413,0.8924074,112.38979,366.7346,0.8420909,110.12968,340.2816,0.92793006,99.73541,391.02103,0.76614004,51.21098,359.4108,0.9358229,137.56279,370.32034,0.94472975,178.6428,362.5196,0.8804699,219.44576,352.52377,0.78581494,254.80524,328.90707,0.8862886
1485,35.61911,352.13052,0.9941231,41.02024,371.7796,0.99392134,49.741158,343.60034,0.8136205,82.940544,362.86105,0.9354022,113.84013,368.325,0.88813096,111.95542,341.6937,0.9271432,101.48156,391.9127,0.7724307,53.92375,358.59277,0.9134695,139.10803,372.20148,0.97653186,179.00111,367.65448,0.8792449,219.8226,358.24136,0.9229768,257.4986,336.02072,0.84526825
1486,38.474476,353.32208,0.95090353,45.049862,372.3138,0.95752674,51.77021,342.84116,0.81045055,85.84356,362.3313,0.91495085,115.50272,368.64117,0.8953034,115.225914,342.64285,0.93725044,103.294174,391.7872,0.76105213,56.757473,358.6898,0.82511103,140.44238,373.47873,0.97071886,180.60046,371.36115,0.94423646,220.81628,363.8958,0.7715466,260.21167,342.94238,0.9570012
1487,40.52505,353.91684,0.8993185,47.559334,371.90515,0.91276914,53.951313,342.83008,0.8126778,87.50974,362.58383,0.84182435,117.89521,368.37778,0.87433714,118.16557,342.75684,0.8689442,105.476944,391.36877,0.7653617,59.75541,358.14795,0.8663742,142.53024,374.30338,0.92905855,181.68846,373.90677,0.8610596,223.0934,370.61642,0.83484966,260.50534,349.84106,0.9335271
1488,40.75169,356.85898,0.8488526,50.2155,373.9291,0.94425285,53.863045,344.24988,0.76455206,89.75856,363.09744,0.8276583,121.08981,368.27734,0.83368415,120.97251,342.26605,0.8103908,106.39539,390.96973,0.7522559,60.340622,359.0469,0.86751074,144.9261,374.28256,0.9374809,183.94498,376.62186,0.79311556,223.87291,374.75253,0.85723805,262.58725,352.21887,0.9064939
1489,40.502235,361.30637,0.8224201,51.08642,377.3252,0.93428046,51.055367,347.7437,0.71934307,91.2012,364.1354,0.8248244,122.01008,368.09998,0.8679144,121.51417,341.42206,0.8327347,109.60526,391.05548,0.7582253,59.805992,361.40158,0.8214414,146.90648,373.86368,0.9659726,185.03465,377.54047,0.7945592,226.38777,376.43802,0.90851164,265.36188,353.95343,0.9089938
1490,40.037167,363.14557,0.8118479,50.715782,381.28595,0.965081,51.911125,350.89438,0.7714309,91.008354,364.7108,0.80744797,122.87192,367.22372,0.83716947,120.834915,340.57294,0.85167474,112.08701,391.58368,0.79273725,59.40648,363.50546,0.8048215,147.7719,372.87875,0.9643645,185.75224,377.57974,0.7679092,227.47678,376.65042,0.9151077,266.47394,355.11194,0.92488927
1491,39.327084,366.54382,0.86271006,49.346096,384.76196,0.93571985,49.960728,353.6806,0.8337114,90.062004,366.102,0.7923529,123.21085,366.9346,0.80303246,121.32657,341.0275,0.87422544,112.382866,390.99918,0.81419086,57.900974,368.12347,0.83091223,148.36305,372.05554,0.9618917,187.07727,374.56293,0.77732986,229.59972,374.82486,0.91952735,267.83762,353.35483,0.90780765
1492,37.62295,371.41257,0.9706572,49.675896,387.05484,0.9514705,48.45356,357.44788,0.76302207,87.91957,367.14288,0.8296587,121.8259,367.34738,0.81883484,118.442375,342.3993,0.8788126,111.929955,391.47382,0.81801695,55.640263,371.35165,0.8361579,147.07918,371.29303,0.97315896,186.54968,373.1666,0.7975733,228.94199,371.17645,0.9081664,266.47122,348.74484,0.91672444
1493,35.804607,374.2415,0.9687382,48.766804,388.08948,0.93437797,46.083622,360.56296,0.7626116,86.33951,368.6324,0.8730452,120.374916,367.9871,0.87459934,115.60496,343.96494,0.88380396,111.62697,392.63574,0.81154096,53.92466,373.44492,0.8777673,144.375,370.70053,0.93115044,185.17465,369.83536,0.8704496,226.21495,367.70184,0.8217152,263.97855,343.6918,0.84940827
1494,33.928577,375.64487,0.8956846,45.232857,390.92737,0.93570375,43.866863,362.63306,0.7033875,84.6116,370.21796,0.9104694,118.66184,368.65906,0.9254138,113.49156,345.33505,0.9022904,109.655914,393.20532,0.84296227,52.46965,375.086,0.88295907,142.6674,370.40213,0.9645658,183.72884,368.5412,0.88216984,225.83995,364.49008,0.84308225,262.0031,340.17972,0.9492482
1495,32.68157,376.98718,0.865398,42.9774,393.11887,0.92887455,41.443768,364.62787,0.7057673,82.10065,372.10706,0.929379,116.31764,369.87155,0.9500037,111.48061,346.59943,0.87968075,107.18745,394.12613,0.890742,49.26489,376.17236,0.86254764,139.94359,370.21655,0.98567635,181.96283,368.65433,0.91916466,222.9602,361.44427,0.8131103,257.7064,338.0896,0.95544136
1496,29.575846,378.82202,0.8958094,40.764046,393.37283,0.9756457,40.065315,364.66953,0.7866183,80.111374,373.35077,0.90903854,113.6888,371.35767,0.933317,108.609535,347.77792,0.7641428,106.039856,395.24033,0.9205351,47.254726,376.7426,0.8448957,137.01396,370.24356,0.91943496,178.34276,368.03802,0.8774721,218.74829,359.98434,0.8574466,254.56247,335.74414,0.8662106
1497,28.04513,379.4759,0.85038114,38.346004,394.29016,1,38.10424,365.2879,0.818304,78.72837,374.8491,0.87369096,111.4758,370.52115,0.86666137,106.51886,347.9041,0.7676161,104.50275,395.57605,0.9286375,45.75703,377.97278,0.80721253,135.19028,370.31998,0.8818391,176.4061,366.6829,0.84118944,215.9131,359.60162,0.85203904,250.74352,335.90753,0.92021203
1498,27.695337,379.9715,0.82099175,37.540195,394.67636,1,37.02257,365.55597,0.8200516,76.89464,375.36624,0.88807654,108.45952,371.4258,0.9091083,104.24585,348.25653,0.8453175,103.111404,395.8763,0.9267042,44.898018,378.29822,0.8005006,132.29295,370.6265,0.88872486,174.32608,365.91608,0.9060745,213.20145,359.46222,0.8954797,247.68633,336.02097,0.9286858
1499,26.993093,380.2505,0.7984009,36.76129,394.52347,1,36.334133,365.07224,0.82819587,74.76687,375.23367,0.901489,105.10115,372.24777,0.91858524,101.06246,348.40158,0.8888869,101.67674,395.82812,0.8608252,43.94526,378.33044,0.80907416,129.30734,370.7344,0.79636717,171.48436,365.20093,0.926151,208.40297,358.45834,0.8316949,242.8356,335.5343,0.9316548
1500,25.712387,379.48773,0.8106152,35.9375,394.0479,1,36.085564,364.81198,0.83770806,73.31236,375.0503,0.90073264,104.16998,372.9781,0.89228034,98.091866,347.64877,0.8652734,100.13408,395.91095,0.82614696,43.022545,378.0365,0.82648665,127.80511,371.28473,0.75202036,169.74263,364.84668,0.9048026,205.63078,356.31882,0.8038575,237.85626,333.8396,0.88890934
1501,26.37434,377.55472,0.7585808,34.955463,393.5023,0.95685303,34.50362,364.43246,0.8338918,71.793335,375.00046,0.88720345,102.53506,372.99377,0.9368843,95.53106,347.03973,0.81455666,97.718925,395.49576,0.7685468,42.586506,377.89062,0.849747,126.49051,371.75275,0.7690175,169.23738,365.00827,0.897034,205.31128,355.1926,0.80318314,235.78531,332.87643,0.93117857
1502,26.532307,377.3178,0.74502236,34.587666,393.4415,0.9448836,34.049576,364.1109,0.81952304,71.12874,374.7041,0.89459,101.45777,372.48633,0.95489025,93.394135,346.11258,0.77510625,96.99771,395.7801,0.7808487,42.31658,377.66937,0.860471,125.36206,369.70917,0.7777912,167.30681,363.888,0.85871035,204.06743,356.25482,0.8433632,236.36542,334.09915,0.9224978
1503,25.535252,379.9819,0.7357345,34.787476,393.62225,0.9322634,34.106106,364.2616,0.8227845,71.33549,374.28525,0.92008275,101.68448,371.07248,0.9551794,93.104935,345.52866,0.77969193,98.23441,395.7936,0.83288556,42.405273,377.73886,0.8499268,126.16979,367.69223,0.83213735,167.29898,363.07236,0.8549767,204.20218,356.4179,0.84744686,237.99452,334.12863,0.86331105
1504,25.895123,379.88736,0.75541496,36.8995,393.72302,0.9977916,34.755306,365.09216,0.8216663,72.23479,373.44855,0.954116,102.24003,370.4744,0.9361253,94.926636,345.28223,0.75578207,98.02062,395.17078,0.8365705,42.866234,377.61975,0.8236556,126.97947,368.24878,0.8714582,167.37015,363.54004,0.8476452,204.29028,355.71225,0.85438246,237.88902,334.21588,0.89941883
1505,26.402279,378.38254,0.76361847,38.0313,393.92935,0.9990234,35.06791,365.8998,0.8205064,72.48205,373.35422,0.9459754,102.43789,370.4849,0.9237686,95.14082,344.5099,0.7930452,95.247055,395.84555,0.79693896,43.661865,377.96002,0.82444775,127.091,369.4361,0.94751185,168.86191,364.409,0.82405263,208.42546,357.5893,0.8639074,242.58366,334.33838,0.9467658
1506,25.906897,378.74692,0.7922656,37.715656,394.85736,0.99178463,36.337883,366.14557,0.83632725,74.20782,374.39325,0.94138086,104.08595,370.47903,0.8984142,96.86477,345.56696,0.8167569,96.18762,395.9923,0.81234276,44.19828,378.97336,0.81825703,128.92317,370.0849,0.94785666,169.1589,365.36557,0.8248474,211.1624,359.63025,0.8935568,247.48827,338.42084,0.9118275
1507,24.802834,379.32486,0.78795874,36.270786,395.54303,1,37.22415,366.7342,0.88330024,75.01576,376.4338,0.8991384,104.794685,370.91528,0.88268805,97.27372,346.7977,0.81925905,98.08489,397.19803,0.8299118,43.98007,379.7382,0.83111215,130.02626,370.5977,1,169.31639,365.4025,0.8418477,211.22891,361.6383,0.88980633,249.30334,341.26303,0.93749696
1508,24.984056,379.76172,0.8050268,36.43529,396.80487,0.9887485,37.496193,367.99045,0.9326239,76.30797,378.5939,0.9402003,106.4476,372.64932,0.8804955,98.17325,348.63358,0.83913785,101.33438,398.7909,0.847366,44.08663,381.59912,0.8205584,132.36699,371.82578,0.97155917,170.43059,366.6274,0.85726637,211.05357,363.4337,0.8496872,249.24911,342.53317,0.9132813
1509,25.909193,385.52664,0.8345752,39.48775,400.9391,1,36.80741,371.0581,0.93892664,76.717155,380.79053,0.9253688,107.833565,374.31058,0.8646808,101.47551,350.47183,0.8504344,102.73516,400.15613,0.8277935,45.434963,384.78268,0.8789326,133.95006,373.76147,0.9200088,172.09526,369.50745,0.8783134,211.73575,364.436,0.8443029,251.31696,343.91922,0.91249776
1510,27.344784,393.1705,0.84479403,41.194077,403.73685,0.9869026,35.095264,376.16397,0.83471066,76.56654,382.35886,0.89408356,108.60624,375.09454,0.8353856,102.73833,351.976,0.8247089,104.10747,401.2014,0.83484,44.953426,388.39102,0.86549354,135.01544,375.18533,0.8956579,172.37842,371.58347,0.83841354,212.24962,367.62247,0.85481006,252.02696,347.0148,0.92163587
1511,27.229807,397.4477,0.78905773,41.303707,407.92984,0.90529114,32.317856,381.33862,0.7637704,75.51363,383.80087,0.8625267,108.57236,376.09793,0.8117437,103.15428,353.65884,0.813564,104.43213,402.17545,0.8168951,43.355824,392.49362,0.85245615,135.06532,376.4772,0.8726232,172.27058,372.69754,0.8205705,212.71078,369.2354,0.8936999,252.00621,349.2882,0.9221908
1512,25.93317,400.59143,0.8235909,40.095657,411.4904,0.87918574,31.37772,384.7596,0.7939088,74.47762,385.01785,0.89743555,107.34758,376.88458,0.81105256,100.8584,354.64996,0.8364227,104.655014,402.3561,0.8143768,42.636585,396.01462,0.81165576,132.75812,376.7782,0.9176356,170.78354,372.95337,0.82511336,211.21652,370.29675,0.9102967,249.54756,350.14664,0.87798893
1513,26.098225,405.69073,0.8026824,39.938484,415.74677,0.91791326,30.542265,389.05118,0.8140092,73.7267,387.3498,0.9126257,105.82379,379.1553,0.8275327,98.99609,356.55875,0.77949446,104.039925,403.195,0.81673443,41.553055,399.61652,0.78901917,129.86243,376.53003,0.8580023,168.07404,372.0038,0.8473527,209.99883,369.5152,0.88963693,248.0114,349.41678,0.8642103
1514,24.681047,408.3509,0.7972902,37.898235,417.55948,0.9772304,27.915522,391.80585,0.8224172,71.039055,389.29233,0.87600225,104.4863,379.53024,0.8937116,96.9884,357.38333,0.71161884,102.54561,404.14532,0.8267874,38.9654,401.32532,0.8988544,126.977,375.52713,0.8570831,165.37997,370.87552,0.9160062,207.56311,368.8709,0.8298843,246.29619,348.97607,0.8746376
1515,24.18454,408.61267,0.7144474,35.738335,419.30832,0.9475502,26.966444,393.4801,0.7526498,69.64602,390.51328,0.88738644,101.99234,380.68152,0.94432485,90.7363,359.18982,0.788955,100.90677,405.50983,0.8626406,37.678448,403.19974,0.94670177,124.97695,375.31277,0.86645156,163.24406,369.98254,0.90237254,205.12769,367.16965,0.7542727,243.38622,346.49667,0.89276147
1516,25.066662,411.34152,0.7523829,36.624268,421.0553,0.9094725,25.17342,396.05432,0.7410334,68.26628,392.07434,0.8861424,100.53318,381.00375,0.93861955,87.80822,360.7196,0.8252562,100.32672,405.46783,0.87014204,37.811398,405.38007,0.95022225,122.915474,374.79083,0.8323156,160.47832,368.1933,0.8477276,203.4606,363.79095,0.7826852,241.1303,342.5038,0.9217479
1517,26.580902,415.19382,0.70047474,38.66221,421.89606,0.8190666,24.616245,398.96732,0.7069194,67.41837,392.3939,0.91048044,99.52579,381.0149,0.93272215,88.14971,360.54672,0.86349934,99.993835,405.4414,0.8813529,37.818626,406.6827,0.89209867,121.51468,373.54535,0.8325272,159.39377,363.68988,0.8570398,200.65895,360.11926,0.89864177,237.72963,337.17606,0.8871695
1518,26.199802,417.75354,0.77783835,39.082993,423.89252,0.85081697,24.483456,401.9208,0.7405264,66.02386,392.6345,0.9061935,97.814766,380.94376,0.92673224,83.623535,361.71637,0.9052405,99.14485,405.50952,0.87732744,37.425266,408.931,0.9096739,120.06196,372.4163,0.8244657,158.34111,360.70306,0.85985285,199.0054,353.31973,0.8316628,234.42958,329.67133,0.9220984
1519,28.113104,421.48947,0.8136357,41.079865,425.4869,0.91673476,23.430763,404.35065,0.7768821,65.4634,392.16553,0.8997743,97.458015,380.49554,0.92342097,82.24985,361.30414,0.87940913,99.04948,405.05945,0.8901228,37.93942,410.42972,0.89357716,119.35776,371.60413,0.83177257,156.05565,359.12073,0.8698743,195.10788,347.99307,0.85857373,231.25438,322.0581,0.8939208
1520,28.150604,423.7715,0.82927036,43.927795,428.54794,0.7946304,23.963009,407.295,0.77388614,64.68395,392.4906,0.90348756,96.51014,379.71753,0.8945004,80.520294,360.38116,0.84638757,98.9244,403.77573,0.9021236,38.621834,413.36127,0.8931619,118.53708,370.6217,0.8266283,154.46158,356.61932,0.8764543,191.65471,344.55463,0.8535066,227.3425,317.79205,0.9417663
1521,28.284534,426.13248,0.83405536,43.98101,430.2254,0.77023953,24.117517,409.8368,0.76466846,63.797348,393.22073,0.90462387,96.12186,378.67026,0.8765979,79.222305,360.19464,0.81374526,97.68244,403.33475,0.8898918,38.4096,415.13797,0.90636456,117.2616,370.74197,0.8481,153.2224,355.42715,0.8622144,190.24083,341.4933,0.8729217,225.36288,316.0328,0.90168655
1522,30.721527,429.743,0.74756026,46.472736,432.84927,0.81770676,23.804108,413.50702,0.77675235,62.966858,394.62912,0.89685404,94.17863,379.62692,0.90893614,76.727806,361.7826,0.80887157,96.33476,403.49603,0.87400186,38.743744,417.01416,0.8770064,115.7715,371.79904,0.8717957,152.39583,353.7264,0.8647105,188.48404,341.0199,0.89909923,222.6393,315.8523,0.9096516
1523,32.437695,434.56268,0.68116534,49.08446,436.22156,0.86098725,24.189085,418.76068,0.83481777,62.266594,396.24826,0.8929539,91.519455,381.66257,0.9375069,74.594696,363.99664,0.76803243,97.30028,403.126,0.8945826,39.381264,421.77264,0.8666961,113.79262,373.0775,0.8372403,150.64221,355.23648,0.880558,187.08247,341.9788,0.9056334,220.6742,316.0937,0.9405015
1524,33.141796,436.00763,0.670605,48.21508,440.17197,0.86523646,24.442848,423.4321,0.83164304,61.37931,398.54944,0.85413826,89.32076,382.61282,0.92420435,73.106155,365.77408,0.7599161,96.66665,405.2329,0.86936593,40.54205,424.58398,0.7998053,112.242615,372.75284,0.8356827,148.9059,357.21417,0.8827597,186.26894,343.6385,0.91136086,219.55836,318.06964,0.94252074
1525,33.00023,442.15863,0.65231144,51.123432,443.00314,0.7422943,23.967571,427.66248,0.7807542,61.86037,400.70828,0.8609084,88.193054,384.8069,0.8348109,71.94909,367.88538,0.769996,96.960464,407.0358,0.8642591,41.824608,428.56274,0.77156806,110.07915,374.19147,0.8323837,147,359.27933,0.8670207,185.31444,345.57333,0.8725485,219.57265,320.13046,0.9154462
1526,35.495617,445.45056,0.7074131,52.65489,447.11453,0.7727909,27.34861,432.89835,0.79187053,61.5131,403.71976,0.91190815,87.465904,386.35928,0.8513165,70.14939,369.0309,0.7636172,96.73239,406.248,0.81924963,42.39246,433.12637,0.7910243,108.66839,376.7249,0.80996174,145.78809,361.93204,0.8727698,184.54889,347.9726,0.79040325,218.3061,322.06076,0.9379326
1527,34.949787,447.06924,0.72936594,50.63144,450.02762,0.88021255,29.426517,433.94537,0.8044844,62.193653,407.80347,0.8657157,86.716034,389.3474,0.8327177,70.44916,371.8708,0.6951436,96.03017,409.50735,0.8658536,43.473965,436.20526,0.8537395,108.19892,379.42984,0.7991215,145.31859,363.50565,0.9117519,182.2115,349.8019,0.80461484,217.02711,324.49472,0.9466589
1528,30.96769,446.67087,0.7624239,47.964497,452.11267,0.9108617,30.003963,434.15103,0.8040429,62.341984,412.26328,0.86293876,86.48406,389.9082,0.78424805,71.10724,374.27426,0.6895101,96.22036,412.03995,0.8672558,43.010983,438.15942,0.88930905,108.08916,380.8697,0.8047048,145.23386,364.40067,0.8889473,181.7219,350.445,0.81630534,217.22212,324.98816,0.92912775
1529,30.564053,446.73016,0.69545376,45.3307,452.93604,0.89064014,29.617989,433.50674,0.7796244,62.69115,413.79602,0.89052033,86.382095,392.63632,0.81936824,72.4012,376.1361,0.606971,95.7881,414.95816,0.79972214,42.98972,439.36246,0.8576337,107.946,384.43686,0.8633427,145.02692,367.17017,0.8536841,181.57129,350.91483,0.80646414,215.93073,326.11218,0.84494054
1530,31.8752,446.99152,0.6780832,44.38077,453.78088,0.8353714,30.458282,434.2523,0.7063457,63.369274,415.32593,0.9023534,86.69578,395.4357,0.8092776,73.034935,379.1067,0.53974384,94.74431,417.08774,0.75807154,43.100758,440.2633,0.78764176,107.73894,387.89087,0.8680381,143.45155,371.73987,0.90611047,177.56665,354.73157,0.83860683,210.40286,329.6415,0.8904269
1531,29.945093,446.13965,0.672296,40.99793,454.45374,0.80129355,28.876562,433.56433,0.68838876,63.10818,418.16693,0.89737904,87.31883,401.06577,0.8173446,73.33931,381.6693,0.56057686,93.42059,422.30545,0.77794695,42.358624,441.02246,0.7841955,107.56429,392.48892,0.78823274,143.12418,375.63904,0.942016,176.25417,359.0741,0.8418627,206.81583,331.82935,0.894581
1532,27.653452,446.64462,0.62680733,37.069965,453.90955,0.7710362,28.774937,431.11618,0.6562418,63.492485,420.45282,0.8560401,87.78422,404.76553,0.86947376,74.5059,385.63702,0.5610818,92.99557,428.49628,0.85055906,41.17688,440.56757,0.8065368,108.26501,396.947,0.8165613,143.42294,378.74854,0.99081063,177.05582,360.97336,0.8279001,208.66748,332.2587,0.83646786
1533,26.361725,444.08505,0.663825,34.603683,455.40836,0.78926927,28.556963,431.3034,0.64593214,63.65667,424.31512,0.8546823,88.74922,407.38922,0.791074,74.05216,387.75037,0.6688238,93.07794,431.96118,0.8334995,39.614258,439.3317,0.83041775,110.08505,399.79156,0.87061566,145.5898,380.47232,0.87199616,179.15501,361.79703,0.8291576,210.14468,333.24158,0.88807607
1534,25.660978,441.32394,0.65077114,33.34699,454.17145,0.7891556,28.650833,428.1329,0.6348746,64.824875,425.5401,0.867708,89.41548,410.50833,0.85230774,76.88292,389.55106,0.63225144,94.54998,435.0573,0.8433397,39.499954,438.66287,0.838727,111.20332,402.10547,0.9159066,146.53943,382.437,0.8423043,182.21428,362.55765,0.82150275,211.13557,334.1715,0.9474937
1535,23.148249,435.01315,0.6661067,33.436054,450.32117,0.8534643,32.320496,424.23367,0.712357,65.27799,427.83014,0.9230874,90.26964,412.59552,0.8846487,72.69865,391.71802,0.7322075,95.20045,437.6552,0.846503,39.38677,437.4864,0.875844,113.1457,403.6367,0.87753135,148.62978,382.6654,0.84650135,184.37395,364.36624,0.7871967,213.82285,337.13464,0.93848467
1536,22.245956,431.881,0.6871209,32.257553,449.35464,0.90136963,33.042164,421.53925,0.7953318,66.7017,427.93378,0.93549186,92.7478,413.90356,0.90672004,74.08659,392.98874,0.7062428,96.55073,439.64334,0.86026806,39.550488,436.36725,0.903268,114.86618,404.7985,0.9143291,150.66573,383.6338,0.84106046,186.8168,365.1256,0.7916991,217.11888,338.61203,0.9585304
1537,23.0141,429.35223,0.74000955,32.872925,448.52835,0.9320381,35.01143,420.17618,0.8700765,68.01029,427.648,0.9098809,94.40838,414.24597,0.8868342,77.00373,392.53992,0.67990965,96.630554,441.37347,0.8649771,40.143707,434.39612,0.8706989,117.00546,404.86768,0.89781266,152.6905,384.68552,0.798653,190.02866,365.54037,0.8027775,219.48534,339.05902,0.9917623
1538,24.816326,423.9082,0.9157125,34.202988,447.18076,0.8939205,38.607773,417.74442,0.88704056,70.02211,427.02234,0.88344145,96.73201,414.183,0.89856845,80.83734,391.79614,0.6821738,98.65761,440.40005,0.8579872,41.683273,432.31958,0.8720895,119.25085,404.56042,0.85338646,154.40988,385.46222,0.83373934,190.50261,367.059,0.787458,221.208,339.05698,0.9622477
1539,28.019955,414.3664,0.83805645,32.252804,441.62418,0.8572628,41.353195,415.49106,0.8137527,71.91245,425.99054,0.89430106,98.98743,413.20966,0.98697495,83.71727,391.1843,0.7173243,100.46454,439.72552,0.8470491,41.740932,428.763,0.7927455,122.026825,404.28812,0.9131333,156.42838,384.9917,0.82657415,192.03494,366.77917,0.82255083,223.43275,339.11597,0.9370189
1540,28.062063,411.32132,0.87079406,31.214697,436.51776,0.90820235,41.91422,411.9818,0.8678253,72.92626,425.01297,0.8715869,100.85315,413.1276,0.9990302,86.22996,391.05,0.7064896,101.77182,439.81247,0.81860894,43.987793,425.32184,0.8205122,124.29281,404.40616,0.9237624,158.60497,384.56042,0.8051522,193.7216,366.88184,0.84797233,224.74374,339.15167,0.9360732
1541,27.545338,410.49072,0.87561864,30.961586,434.87408,0.9116741,41.683464,409.33298,0.85597014,74.139046,423.53934,0.9329264,102.96108,412.7701,0.9743815,87.14619,390.72186,0.71596736,102.70125,439.81796,0.7853693,44.105442,423.531,0.8812677,126.548615,404.79135,0.9132361,160.10173,385.45398,0.85630476,194.86685,367.23657,0.8305386,225.94147,339.55594,0.98358
1542,26.805214,408.98224,0.9498408,30.472424,433.0767,0.9181254,41.44154,407.68402,0.8846298,74.76127,422.63992,0.9545237,104.4431,412.84268,0.9168042,89.86125,390.09637,0.74167615,103.91962,439.35498,0.8039262,44.200172,421.89685,0.9228054,128.17003,405.02008,0.8892792,162.10678,386.53433,0.89812976,197.48866,368.2055,0.8012164,227.81644,339.5628,0.967273
1543,26.012993,407.0257,0.9814615,30.450285,431.5013,0.91054577,41.78271,407.16608,0.8936643,74.73777,421.46017,0.9333676,105.08933,413.1752,0.9099017,91.77096,389.79477,0.7318376,104.32793,439.68817,0.8270246,43.919125,420.35278,0.91677034,129.19499,405.58856,0.90534616,163.79613,387.1136,0.9085739,199.5445,369.32867,0.77383536,231.25713,341.1285,0.9177218
1544,25.288055,404.67548,0.9389763,30.193863,429.91132,0.925036,40.8229,405.557,0.8957607,74.20922,420.00812,0.948033,106.04448,413.3524,0.90008396,95.1218,389.67126,0.7261265,102.92623,440.12628,0.8343013,43.054726,418.63638,0.89679706,130.16327,406.19678,0.91283464,165.24048,387.8463,0.90587366,201.66307,370.44226,0.8312257,232.06764,342.17862,0.9092093
1545,25.754128,402.2008,0.9388536,29.208961,426.79782,0.8961177,40.59007,403.67136,0.8727438,73.53705,419.40756,0.9356705,106.191185,413.73172,0.90437037,95.90668,390.20212,0.76111954,103.03127,439.98975,0.85510325,41.92346,416.40445,0.87063515,129.98909,406.69086,0.9083295,165.53749,388.65033,0.8958197,201.44904,372.1281,0.87750125,232.59714,343.96283,0.9032363
1546,25.880062,397.7685,0.81995827,25.540249,423.0028,0.84668696,39.001736,401.469,0.86550015,71.464,418.7326,0.87957853,105.44344,413.95438,0.897967,96.21503,390.0354,0.8013195,102.19546,439.60446,0.87554455,41.350586,414.47348,0.8503926,129.45938,407.63046,0.8744954,165.48372,390.0183,0.8756868,202.22758,374.03238,0.91684884,234.45183,346.53143,0.918101
1547,22.954777,396.08234,0.75349367,24.091927,419.52277,0.8897297,38.104465,399.438,0.80624515,70.39503,417.32367,0.86284006,105.11706,413.96564,0.8738891,97.30401,389.7165,0.83736587,101.29744,439.40826,0.87642205,39.643974,411.65494,0.8630818,129.37968,408.90317,0.8623584,165.61893,393.1985,0.8500621,202.69789,376.7509,0.9163126,235.31064,350.00342,0.91931605
1548,20.656206,396.4724,0.7816608,23.599888,418.5535,0.95172954,36.605885,397.87173,0.8308701,69.57796,416.14764,0.8459024,104.783104,413.73224,0.8798777,97.73459,389.60654,0.8792581,99.82341,439.0292,0.8580136,38.51958,410.01373,0.9146885,128.37103,409.3295,0.83937126,164.85428,395.4153,0.8811657,203.35202,379.7645,0.844618,236.61685,354.75412,0.94608355
1549,20.306892,395.43002,0.8258898,23.123919,417.45447,0.9807319,35.77234,396.04694,0.8584104,69.02055,415.48965,0.8778852,103.7808,413.19775,0.9205854,96.83531,388.98288,0.8965314,98.2454,438.4216,0.8873719,38.507416,410.4013,0.91343707,127.213585,409.42487,0.7909383,164.77884,398.07086,0.8638675,204.12016,383.2587,0.82021755,238.20769,359.0451,0.91406155
1550,21.267952,393.85345,0.8085134,22.980158,417.5303,0.97824347,36.372337,394.951,0.88067687,68.85716,415.0444,0.9065411,103.017456,412.6262,0.9337364,96.69362,388.35764,0.9304194,96.432495,437.45685,0.8794345,38.686493,409.89523,0.9077778,126.54091,410.45792,0.79080725,164.54997,400.39856,0.8802474,203.42728,387.52884,0.90215755,237.80711,364.40417,0.92515796
1551,22.340282,390.85907,0.88912094,23.776785,416.14554,0.9909356,37.42257,395.27924,0.9470383,68.40774,414.31094,0.92856824,102.05526,412.84634,0.93853027,96.59811,388.55826,0.9524452,96.30672,437.49643,0.88123107,39.610893,409.08994,0.9285851,125.50482,411.47684,0.83198965,163.79341,402.71948,0.92776614,202.48627,391.69955,0.93283004,238.21652,369.539,0.9342632
1552,22.943804,387.688,0.944793,23.722082,414.1308,0.98037016,37.18394,393.89395,0.98859805,67.8916,414.04367,0.92496645,101.09652,413.7794,0.92688745,97.34933,388.75943,0.9821511,93.088196,438.40652,0.8746424,39.856316,407.28168,0.9383987,124.97062,413.32556,0.8829706,164.30923,404.57144,0.934179,203.5159,394.0094,0.88308346,238.01099,372.5394,0.9721525
1553,22.476345,387.95764,0.9981539,24.440098,413.52057,0.9344789,36.836464,392.557,0.9819135,67.61282,412.96204,0.9285831,100.35143,414.50223,0.91982156,98.5908,389.19937,0.9820291,89.4803,438.9493,0.80888677,40.082703,405.74976,0.9744134,123.84729,415.52594,0.8855851,164.16083,407.70905,0.86275834,203.4386,396.08124,0.78201604,237.53363,375.0811,0.92788947
1554,22.482924,392.63416,0.86901546,25.863117,415.46902,0.92949486,38.811466,391.5115,0.9697246,68.7877,412.14816,0.910043,100.2416,414.47354,0.9068994,100.04932,389.58572,0.96402955,88.352585,438.3458,0.760529,41.290237,406.40805,0.9579989,123.803154,417.00748,0.9445789,164.14276,412.29398,0.8788506,203.5664,402.49045,0.8700896,238.27663,381.0701,0.91347307
1555,24.110699,397.65723,0.7786715,30.002438,418.58527,0.97772044,38.07903,391.33105,0.88570565,71.34977,412.0558,0.88782215,101.62187,414.32782,0.87857157,102.90949,390.3445,0.91869533,89.511566,437.90543,0.7120166,42.913097,406.30145,0.88897765,124.70273,418.44623,0.97747725,164.2169,416.5438,0.96576816,203.68819,409.523,0.8726971,241.64519,391.03696,0.9002993
1556,24.529375,407.14746,0.83823156,32.68067,422.99243,0.93394715,36.989864,394.49997,0.83028144,72.666626,412.8565,0.8864967,102.88213,415.90067,0.8532192,103.616875,390.67416,0.8672455,90.19789,437.96378,0.69050616,42.680164,408.7098,0.8144166,126.09635,419.8038,0.9666491,165.2005,419.48898,0.96168995,205.6091,415.6918,0.8510647,244.35638,400.5973,0.89465505
1557,26.288465,411.84772,0.7935647,34.514374,426.4358,0.96981686,37.072697,397.83588,0.8284757,74.094124,414.68948,0.8526044,103.802505,416.95908,0.86815757,105.26822,391.4575,0.910811,92.75581,440.54446,0.75315654,43.682556,411.94977,0.796592,128.38625,421.17172,0.92089087,167.6677,421.56445,0.8483785,208.95157,421.46848,0.9455706,247.69617,405.56937,0.88854504
1558,26.186337,414.76984,0.8270409,35.75667,430.4472,0.94697237,37.686516,401.87997,0.9200174,74.747406,416.2765,0.8919599,105.4284,417.74588,0.91509014,107.86991,393.61383,0.8882974,93.22622,440.91766,0.6999333,45.11328,416.38126,0.8850617,129.9653,422.34174,0.9389865,169.5703,423.75534,0.8098495,210.0577,424.08234,0.92253673,247.44708,408.74442,0.85210353
1559,27.927626,420.16415,0.9155359,38.935146,434.85806,0.9914544,38.814045,406.56033,0.8640331,76.105835,418.81094,0.9467999,107.06038,418.86108,0.9340391,108.91531,395.02768,0.85985214,95.77069,442.762,0.7142731,46.24906,420.34625,0.9163346,131.70737,423.6355,0.9277662,170.35077,425.38107,0.84863347,210.788,425.2904,0.88957745,248.57109,409.3306,0.8907331
1560,30.2788,424.4035,0.96732163,39.71835,438.29807,0.9305026,39.77489,410.67688,0.767312,77.67365,421.52524,0.9285799,108.42215,420.04202,0.9094091,109.227455,396.32864,0.80126697,98.26644,443.94095,0.78843594,46.82223,423.21832,0.84215164,132.29204,424.33698,0.9197688,170.68945,425.1381,0.8601983,211.667,425.1372,0.8989216,249.34123,408.94794,0.9017505
1561,31.578209,426.05542,0.9077698,41.48784,442.9272,0.9372246,40.792065,413.57108,0.7505614,78.43468,423.954,0.8901386,109.28867,421.11838,0.9064928,109.162094,396.92862,0.76376253,99.24893,445.70972,0.7848221,46.65319,425.99405,0.83403647,133.0982,425.1534,0.8911313,172.16336,425.12512,0.85732734,212.92049,423.35306,0.95551795,250.33846,406.41226,0.90429974
1562,30.744955,429.4978,0.82788295,41.938515,446.38266,0.92380816,39.6314,416.34207,0.8040787,78.33767,425.07693,0.89133555,109.39545,421.54492,0.9179681,108.04126,396.9082,0.80178654,100.380165,446.2745,0.80415475,47.129326,428.84747,0.8110925,133.35748,424.82837,0.89243895,172.87595,424.26065,0.84006155,212.81451,421.49393,0.94724053,249.9609,403.4851,0.93229437
1563,31.582981,431.29834,0.8766854,40.743324,447.6886,0.8959817,39.169086,418.28693,0.8236936,77.51496,425.81326,0.9216666,108.488266,421.97958,0.90605974,105.72747,397.8854,0.77679694,101.9029,446.3056,0.838936,46.689423,432.33224,0.8762696,132.79692,422.89285,0.9000673,171.79109,421.56116,0.8226277,213.05093,419.71686,0.92993045,250.04692,399.62958,0.8522513
1564,28.370853,432.14673,0.9550655,39.63336,448.67197,0.9118166,39.696407,419.88672,0.88294786,77.27285,426.31775,0.9360621,108.82675,420.6931,0.89012194,105.07213,397.7165,0.7655414,102.22949,446.1307,0.86894053,46.165195,433.88312,0.99019355,133.41624,420.7428,0.91808534,171.40872,418.84247,0.8848673,213.37439,415.78604,0.88131726,250.61684,394.3993,0.89845777
1565,27.884302,435.14368,0.9544059,38.7899,449.41602,0.9196109,38.34815,421.03162,0.9150942,76.38997,426.9805,0.9382833,108.670494,420.37463,0.8733148,103.78932,397.17258,0.8069292,102.17125,445.9106,0.8691726,45.603863,434.82727,0.9824747,133.62361,419.58475,0.9328426,172.44444,416.31964,0.8802168,213.0933,411.48987,0.8304382,249.04903,389.13675,0.91247755
1566,28.710436,438.09244,0.9765923,39.05841,451.32452,0.94196165,37.53226,423.18417,0.8849719,76.60614,426.8368,0.94516283,109.2198,419.51236,0.8797416,102.68146,395.59756,0.79987806,103.282425,444.73495,0.91573703,45.607838,436.37622,0.9677652,133.6733,417.80737,0.94066566,172.29222,412.20764,0.8642606,211.78305,406.2722,0.90333027,247.22856,382.1158,0.8902571
1567,28.101582,440.78952,0.9664735,38.926563,452.6938,0.9309452,36.769318,424.22168,0.8733975,77.32077,426.1678,0.92145956,111.18829,417.82205,0.85353273,103.291245,394.8296,0.7535153,104.99929,443.1272,0.9399129,45.396194,437.2043,0.9372097,135.03885,414.67474,0.895939,174.0071,409.12515,0.80345017,211.57735,400.33655,0.82198316,246.63644,374.09747,0.88031745
1568,27.194553,441.53607,0.93949807,38.845963,453.42477,0.92834854,36.221333,424.75174,0.8751547,77.6953,425.9426,0.89127016,111.86983,416.45786,0.8244055,104.530716,394.4049,0.74406785,106.53671,441.73395,0.91232437,44.8008,437.95547,0.94173,135.13828,412.67136,0.8934074,172.38774,404.9375,0.8621771,210.72191,395.78134,0.8455387,244.66057,367.72308,0.89510626
1569,26.7919,441.59555,0.9105178,38.08588,453.7725,0.9413145,35.96554,424.88965,0.87238055,77.52516,426.0775,0.90457696,111.34344,415.08264,0.84583753,103.497406,393.24747,0.7477744,107.46542,441.04767,0.89844924,44.301476,438.29718,0.95019126,135.12962,411.5118,0.8544752,171.18489,401.59656,0.86035115,208.06917,389.8366,0.8301231,242.03719,361.10965,0.866977
1570,26.082464,441.85062,0.8610327,37.27875,453.69092,0.95547557,35.146362,424.8902,0.8635729,77.25699,426.0325,0.9051111,111.94649,415.43347,0.8457536,103.47918,393.27853,0.7264245,107.71323,440.91333,0.92403865,43.542202,438.4422,0.9537805,134.54639,410.8383,0.84030026,171.04974,398.6011,0.8853215,208.50038,384.0901,0.8131004,240.13823,354.42886,0.8651429
1571,25.939274,441.2955,0.82080853,36.47749,453.85184,0.9229432,34.845276,424.59744,0.8535884,76.77727,426.1483,0.9129298,111.60088,415.52597,0.8437944,103.10804,393.3604,0.7193029,107.00481,441.46548,0.9519719,43.065605,438.45148,0.9390354,133.8371,410.46832,0.8281137,170.12157,396.95947,0.8924324,206.80319,380.10812,0.7883027,236.57994,350.92154,0.86342967
1572,24.1517,436.6661,0.88656014,34.348106,452.84473,0.93609005,35.51124,423.30545,0.8879979,76.264,427.6608,0.9267928,110.18984,416.22253,0.90124446,101.167465,395.11298,0.7208517,106.22624,442.44226,0.99478376,41.92881,437.57248,0.95464873,132.40984,410.90063,0.8402135,168.43092,396.8944,0.8368843,204.68031,379.15744,0.8031645,233.5679,349.75137,0.8805704
1573,22.949839,432.4802,0.8623002,33.036907,451.95917,0.8730095,36.16211,423.0812,0.88676554,76.24965,428.42706,0.93016386,108.746254,417.07642,0.9355889,99.05597,395.39688,0.69738585,105.895386,443.39682,0.9805171,41.722755,437.03418,0.97161067,130.678,411.68332,0.8031811,167.1176,398.0238,0.8246281,203.30704,379.50558,0.819567,232.312,348.81586,0.8909606
1574,22.817955,432.0476,0.84675705,32.34297,450.10782,0.86991274,36.08337,422.71326,0.90520126,75.66684,429.10788,0.92626363,106.95272,418.47894,0.9538352,98.29155,396.89935,0.6833173,104.770905,444.9256,0.96260065,41.52151,436.91965,0.9698941,129.23225,413.0588,0.7934442,166.77031,399.13412,0.8265769,202.31049,380.5904,0.800647,229.83318,350.99326,0.93585825
1575,22.35686,430.0326,0.7944703,31.631609,449.96362,0.89633626,36.11505,421.9845,0.917515,75.09458,429.54053,0.92369336,105.5011,420.27448,0.9619357,97.1164,396.74442,0.67515,103.81378,446.46527,0.9414745,41.189526,436.50986,0.9538042,128.61723,414.34146,0.78030884,165.99557,400.90024,0.86646706,202.33784,382.93002,0.79462075,231.11256,352.84045,0.8846591
1576,22.223341,427.43103,0.77057743,30.826817,448.51306,0.87940335,37.60706,421.73904,0.92905,72.90193,430.12982,0.9456665,102.829056,421.85507,0.93912506,95.277145,398.35086,0.7328189,101.77048,447.86026,0.8766835,40.88018,435.4246,0.9386015,128.01434,415.6732,0.80995756,164.4192,402.39902,0.8761001,201.38658,386.605,0.8320684,231.66232,356.8075,0.88542914
1577,22.111467,426.20517,0.7536075,30.97943,447.21075,0.8925806,37.63624,420.9159,0.914249,71.40391,430.01318,0.9146713,102.80634,421.94485,0.95722944,90.709946,397.95975,0.8551919,101.69925,447.61716,0.9103025,40.483322,434.27762,0.91979986,127.28861,416.36362,0.7923371,164.26814,404.32294,0.8537976,201.03214,389.82816,0.89643055,231.44115,361.0025,0.8555776
1578,21.640402,425.87268,0.7339389,30.805244,446.32364,0.936458,35.79848,419.12134,0.8763329,70.0983,429.646,0.9034949,100.90261,422.29782,0.9850594,90.3732,398.00967,0.8801729,98.72877,448.22723,0.93198085,39.760845,433.6323,0.871105,125.22032,417.34296,0.7899299,162.53377,406.3326,0.83104706,200.34769,393.72855,0.85398436,231.97278,364.57556,0.90000355
1579,21.98861,426.04617,0.71749115,31.287903,446.09653,0.9489659,35.408634,418.2592,0.86121994,69.720436,429.03867,0.9190711,100.28539,422.49954,0.98996717,90.56948,397.80145,0.88096875,96.32356,448.8581,0.9603406,39.75255,431.99167,0.83742964,124.30363,418.4664,0.860709,161.15123,408.33453,0.7949738,200.37143,396.03024,0.80449265,232.10754,367.986,0.8473252
1580,22.144972,425.65646,0.7103992,31.136683,445.62823,0.95666724,35.29024,417.7198,0.85395956,69.902016,428.7094,0.91038775,99.94933,423.40683,0.9638117,90.88352,398.63824,0.89639145,96.14537,447.89966,0.92991066,39.705822,431.43964,0.8306073,124.089806,420.30777,0.85012835,161.37341,411.19604,0.8417595,199.0954,398.84097,0.7867617,231.3759,372.1355,0.8675275
1581,21.291006,425.6138,0.7448545,30.508474,445.36255,0.9640094,35.14504,417.80853,0.8316957,70.2166,429.23972,0.91168,101.237724,424.0984,0.9833868,91.995514,399.46472,0.9135905,96.00125,448.58527,0.9182699,39.537598,432.0807,0.8241447,124.96115,422.27975,0.8319047,163.3877,414.62,0.83931154,201.58118,402.02234,0.83031344,233.09482,375.3758,0.86601555
1582,21.933245,425.86667,0.7305817,30.691338,445.37708,0.9666346,35.622932,416.91718,0.8440223,70.98749,428.99313,0.9239645,102.326,424.9603,1,95.0823,400.32715,0.91696936,97.32909,448.24008,0.9011108,40.505318,431.1203,0.8151705,125.89949,424.3974,0.8399242,164.96225,417.6377,0.90610534,202.72906,406.5472,0.89913857,236.1073,381.3294,0.93300027
1583,22.72168,425.55438,0.7183099,32.121643,446.16263,0.95708936,36.35987,417.22565,0.8797799,71.73568,429.17868,0.93170214,103.64952,425.52002,0.9834867,96.493996,401.05637,0.9543527,95.919556,449.17612,0.8760081,40.96841,431.196,0.84747887,127.31907,426.47412,0.8641941,167.48648,419.57733,0.90508634,205.41609,408.9463,0.8706297,238.40018,384.52478,0.8465587
1584,22.784903,425.51105,0.75075597,32.40343,446.09293,0.94042736,37.262512,418.02252,0.90907234,72.7625,429.93814,0.9233895,104.94304,426.21155,0.9255093,98.91608,401.45844,0.97116274,96.64399,449.54422,0.87961805,41.02573,431.61215,0.8794756,129.25604,427.55573,0.8990358,169.05914,421.4407,0.84426624,207.97539,413.4735,0.81914574,241.86432,388.5955,0.8879201
1585,21.965736,425.44745,0.7663652,31.379454,446.20914,0.9263943,37.11197,418.60397,0.8929523,73.47404,430.93735,0.92254573,106.113594,427.59543,0.86881226,101.38848,402.8651,0.93535334,98.014786,450.4893,0.88715357,40.609993,431.95346,0.8724912,131.28773,428.72458,0.913433,170.43849,422.27618,0.8262028,209.18216,416.10294,0.8107443,243.72504,393.98422,0.8829721
1586,22.196245,425.10156,0.7420582,31.03996,446.3172,0.92405707,37.678223,418.87766,0.8992458,74.389595,432.28238,0.92719984,107.96001,429.27563,0.8891922,103.12332,404.75058,0.8594224,100.43803,451.96353,0.9202006,40.861664,432.49402,0.88797635,132.72958,430.0084,0.9240013,172.44305,424.40762,0.8322536,209.73578,416.71625,0.8303644,245.63571,395.29028,0.88188314
1587,21.726185,426.65222,0.746218,30.190863,446.46387,0.9262344,37.401535,419.3927,0.88267785,74.77559,434.37714,0.9166268,109.07765,430.51706,0.8867733,103.863785,406.0661,0.80131644,101.653076,453.2764,0.911397,40.443737,433.0562,0.87350506,133.68729,430.702,0.9156333,172.76035,425.2675,0.86558205,210.19208,417.98935,0.8734441,247.03798,396.88275,0.88828814
1588,20.734983,425.23395,0.7704002,29.539206,446.33298,0.91321427,36.86169,419.67505,0.8668273,74.82324,434.7719,0.9147971,109.31491,431.48764,0.8864556,103.31975,407.60657,0.77481014,102.31701,454.29388,0.88671136,39.678143,434.12027,0.8728096,133.78366,431.35052,0.90244216,171.39291,426.49075,0.8674303,209.32814,419.96066,0.8914652,246.04475,398.659,0.9171302
1589,19.87574,425.3824,0.773766,28.72297,445.67435,0.90484905,35.895283,419.37598,0.83245206,74.25459,435.10315,0.8965175,108.80701,432.3678,0.8888818,103.18906,408.69107,0.7572296,101.66187,454.8399,0.8742393,39.173798,433.4342,0.85532045,133.92337,431.63977,0.9203871,169.96605,426.89423,0.8377323,208.32597,421.2201,0.89425105,245.20512,399.59445,0.9083708
1590,19.179396,425.49307,0.7315569,27.217178,445.1455,0.9153981,34.43316,419.3839,0.78773266,72.59243,434.9002,0.84917474,107.294,433.30045,0.9249937,103.4201,409.0107,0.7795863,100.06442,455.6696,0.8511614,38.14483,433.0164,0.85237277,132.46895,433.04535,0.95122385,168.35771,428.35565,0.8395124,207.45139,420.60272,0.89047796,243.20529,399.12103,0.89018905
1591,18.135494,425.42874,0.6794425,25.772816,444.15103,0.83257484,33.364338,418.80014,0.7699637,71.15305,434.45514,0.8523977,106.12352,433.74973,0.9564547,102.40503,409.6346,0.8130658,98.58718,455.90878,0.83081746,36.574757,432.4906,0.8436376,130.92137,433.70203,0.9711865,166.84192,429.80283,0.85360485,205.97182,421.64136,0.9146517,241.6932,398.87454,0.8543526
1592,19.161007,425.44965,0.5916332,25.636528,443.24377,0.8174796,33.039593,417.9843,0.7416529,70.27322,434.6925,0.84351796,104.9757,434.35968,0.98360246,101.619,410.27512,0.8499386,97.40326,456.0182,0.8130692,36.908794,431.7543,0.8395795,129.14781,433.82935,0.9402923,165.1662,430.4689,0.8892276,204.97903,422.35477,0.9353786,241.51866,399.9654,0.82239306
1593,19.564531,423.5222,0.7286111,26.03733,443.30206,0.82481724,33.84272,417.98944,0.78008187,69.42763,435.27353,0.8648266,103.63574,435.48004,0.9920288,100.04709,411.16583,0.8813476,96.07997,456.42188,0.77154636,37.250126,431.8208,0.8825464,128.4189,434.77792,0.94314855,164.73753,431.19495,0.8749599,204.36761,422.29492,0.9204902,239.63606,399.68738,0.8152861
1594,20.576534,420.8843,0.8625276,25.461489,442.7011,0.84279597,35.358425,418.83212,0.79905903,69.49441,436.4424,0.8600122,104.072914,436.1589,0.99582237,99.06325,410.40234,0.8665538,97.01429,456.16708,0.78809834,37.67511,432.62805,0.89650035,128.16685,434.61057,0.94440037,164.62111,430.8554,0.8614336,204.3259,421.70923,0.90490586,238.4931,397.5874,0.88726103
1595,20.949265,419.95416,0.9031815,26.824873,443.78415,0.87187034,36.48694,418.79254,0.85431963,70.97037,436.99408,0.8480905,104.0294,436.08432,0.9890461,100.08509,410.84326,0.8672717,98.98484,456.37955,0.81607497,38.824497,432.9065,0.8959179,128.89543,434.14035,0.9194712,165.74689,429.42557,0.8606735,205.02347,419.03305,0.85673434,237.89903,395.76755,0.91327226
1596,23.091024,417.12323,0.8597082,27.173264,443.40915,0.85467297,38.333275,418.68356,0.83172125,72.25246,437.99957,0.83108157,105.574875,436.29465,0.9881553,101.794624,411.23627,0.81616116,100.9612,457.2434,0.83471763,40.757988,432.477,0.85567725,130.15239,434.0588,0.8789508,167.73456,428.741,0.8181781,205.921,415.99872,0.79284036,236.6691,391.3628,0.8838507
1597,25.99389,411.92636,0.8006808,28.78924,441.8131,0.7928884,40.55568,418.59277,0.8053742,74.350136,439.3675,0.8532115,108.12142,436.225,0.9552651,103.352646,411.84048,0.76476854,103.85434,458.55154,0.8325509,43.08589,431.9154,0.79210114,132.98993,434.09317,0.8958929,169.83813,426.683,0.8320978,206.52402,413.86737,0.77464217,236.54865,387.86075,0.92819417
1598,34.40299,405.4994,0.946159,28.713709,438.77658,0.97739935,44.350002,419.62518,0.7845108,76.25222,439.96548,0.84010994,110.40469,436.64667,0.9094127,104.83757,411.7259,0.7206793,106.03174,458.95346,0.78674245,46.57973,431.47983,0.76999736,135.54727,433.51147,0.8582124,172.13077,425.40445,0.8873211,207.38655,410.8792,0.8040796,236.92786,383.92422,0.8366936
1599,40.127655,401.39175,0.78947836,31.687292,435.70184,0.95852464,49.153725,416.9046,0.8175468,79.17436,440.1588,0.8346728,113.26627,437.11337,0.955735,108.52408,410.47153,0.8026823,108.94331,459.427,0.77007484,49.71548,429.6573,0.84848046,138.1657,433.42892,0.8863732,174.14105,424.1332,0.85284233,208.13477,408.20804,0.8227584,236.91978,379.3437,0.89035594
1600,46.5454,393.1629,0.664856,33.11563,430.17465,1,54.49966,413.26816,0.84843093,81.2944,437.08453,0.8015495,116.10525,437.08432,0.9839954,111.721825,409.32855,0.80697954,111.41643,458.67926,0.7307143,50.42048,426.00812,0.82956713,141.09007,433.42993,0.91988844,176.68144,422.79044,0.8320097,210.32233,406.07425,0.82674026,239.18321,375.22485,0.8640133
1601,51.494404,389.50665,0.803849,36.687515,424.82153,0.9551011,57.227715,410.7177,0.7737251,83.25845,435.35397,0.8483169,118.77213,436.81625,0.95906955,112.6604,409.6338,0.8057225,113.431725,458.34845,0.75649333,55.162266,420.6958,0.85716796,143.73357,433.64865,0.92314476,179.41441,421.89328,0.8672591,212.70222,404.88544,0.80476826,241.36961,374.2782,0.86674106
1602,55.767513,385.54352,0.74362576,38.685196,419.17975,0.9978855,61.495373,406.2565,0.765482,85.11853,432.19992,0.87898433,120.56304,435.7645,0.9013619,115.484276,409.27982,0.7523368,115.07107,457.8416,0.74565756,57.43937,415.8903,0.797214,146.59232,433.18777,0.90632546,183.08057,421.3777,0.8432677,216.959,404.78006,0.8015966,244.17862,374.01224,0.8753005
1603,60.80503,382.1225,0.6810646,42.12931,413.23798,0.7944367,65.006676,403.0504,0.87963796,87.51019,430.00864,0.8797606,122.94448,434.6848,0.90818036,117.83448,409.22296,0.67388135,116.65284,456.9517,0.75302446,60.823055,411.3874,0.84824,148.65775,433.19025,0.9254077,184.9792,422.8689,0.7921812,219.47353,406.33383,0.88996655,247.74393,375.2708,0.8311144
1604,63.78761,376.7149,0.7841549,44.240017,407.53134,0.8833979,69.40287,397.7719,0.9483952,89.09056,427.0742,0.8791179,124.1841,433.81467,0.8835506,119.87591,409.1485,0.7557741,116.85734,456.28268,0.77896947,64.5654,407.39432,0.9016547,149.90065,432.78647,0.8885003,185.9516,423.57114,0.7978761,221.45284,408.52548,0.8766177,250.23737,378.7652,0.8774394
1605,65.38486,372.83057,0.91073334,46.589214,404.43152,0.8891979,70.16901,395.81714,0.9328404,89.389725,425.13968,0.88828385,124.765396,433.0565,0.84719056,121.65714,407.9374,0.7853367,116.26393,454.57178,0.71661466,65.93832,403.37692,0.9205802,150.55627,433.19238,0.8717471,187.62862,425.05685,0.8520762,223.6568,409.17188,0.816037,253.91145,381.32077,0.89811236
1606,67.072235,369.8682,0.90963066,48.021267,402.91962,0.92109156,71.88934,393.18567,0.91696006,91.4506,422.009,0.9730723,125.30018,432.44208,0.8321484,124.183205,407.24573,0.7697837,115.98804,453.15057,0.7892512,67.56254,400.85483,0.87348217,150.69456,433.99847,0.8810089,189.15953,426.7311,0.8792337,224.44606,412.15158,0.80029935,254.85513,383.0747,0.8373188
1607,68.7129,364.73447,0.8371439,49.629345,399.09476,0.9713971,74.41771,388.20322,0.7835228,93.31613,418.83047,0.91039467,125.40398,430.9206,0.8007961,126.81092,406.30585,0.7854679,116.764626,451.23923,0.80504614,68.57805,397.8917,0.80737996,151.56497,434.0989,0.8604305,190.04263,428.48495,0.8811262,226.23929,415.05078,0.8191686,256.8666,387.2744,0.9102813
1608,70.52942,360.27655,0.8638479,49.71789,394.38898,0.8819318,74.337845,382.41696,0.81703395,92.984314,415.74838,0.81594485,125.813644,429.94287,0.7854873,126.13133,404.94427,0.8615685,115.68812,449.65958,0.784669,69.63337,392.63815,0.8229809,152.34991,435.0261,0.8570755,190.53159,430.82578,0.85852474,226.98924,418.8207,0.8406663,260.12323,391.62946,0.8396965
1609,71.997536,358.99936,0.84034383,51.16909,391.55365,0.96455514,74.54828,378.9778,0.8213062,93.09529,413.34787,0.8661827,125.616974,429.77844,0.78215873,128.06624,403.92737,0.93004787,113.99017,447.84842,0.7811874,70.41375,389.19443,0.8687779,152.02246,436.21768,0.890225,191.32704,434.32983,0.83865756,228.91975,424.03342,0.8788836,261.99756,398.08627,0.92999446
1610,72.271904,355.56656,0.8697167,51.988083,388.98926,0.956499,75.64943,378.41095,0.81046414,94.20525,409.68964,0.87548864,126.44149,427.86673,0.7879678,129.76817,401.90585,0.8938916,113.93294,445.9726,0.7426214,71.286896,386.30484,0.8563664,152.33514,435.76218,0.86434925,190.49889,436.3456,0.84720594,230.94505,428.75854,0.84336716,264.3098,403.77444,0.90101576
1611,68.93203,351.12708,0.96305925,51.43661,385.30716,0.97497267,75.19383,374.58536,0.79137355,93.95113,407.5013,0.8639404,126.53259,426.56952,0.7766769,130.73715,400.69272,0.89472157,113.11134,443.37872,0.7431716,70.47302,384.61267,0.75834614,152.24226,435.3903,0.8791107,190.19757,437.98904,0.8281141,230.04715,433.22543,0.84833896,265.1114,409.55518,0.90109104
1612,66.5423,349.46405,0.9707203,49.87963,383.34164,1,74.35967,371.52277,0.8235309,92.788506,404.67908,0.88411295,126.37318,424.43298,0.844967,131.68459,399.62598,0.92574924,109.80902,440.52408,0.8291083,69.136185,381.6929,0.7767607,151.45232,435.00864,0.9051061,190.79134,439.97067,0.8164021,230.53166,436.92343,0.8931623,266.46802,417.8904,0.9249877
1613,67.42463,348.328,0.97304064,49.059303,380.40015,0.9946384,72.81604,369.8818,0.81709766,91.81798,402.2823,0.8692786,125.25446,422.40628,0.91712254,131.86176,398.22208,0.94070524,107.35517,437.22998,0.80983096,66.33799,378.85764,0.78277713,149.43117,434.2028,0.92644703,189.07518,441.312,0.82558763,230.80565,437.6248,0.90674734,266.85596,419.8906,0.94750434
1614,66.84303,346.66513,1,48.401108,379.23386,0.9586272,72.970764,367.1097,0.8850936,90.68291,400.44843,0.84531265,124.418884,420.66095,0.9469465,131.58923,396.95947,0.959503,104.57157,436.88055,0.75919384,68.21355,378.0419,0.8734277,147.39998,433.3775,0.93215144,187.14597,442.35757,0.80451494,229.74696,438.35318,0.90924597,265.82828,420.39047,0.91885674
1615,63.17547,346.80447,0.95717347,48.11692,378.47797,0.9556909,72.76393,364.99512,0.88972276,90.01534,398.77023,0.822662,123.99221,419.75717,0.93125975,131.9831,396.7677,0.96529514,102.51525,434.8745,0.73733616,68.138916,375.7722,0.931481,145.9978,432.9832,0.88500804,186.01819,442.40274,0.7832632,226.91139,439.28036,0.8864161,263.48062,422.05875,0.87678385
1616,59.76937,345.57166,0.7803321,47.09378,376.28607,0.88215023,69.63409,362.75537,0.9120502,88.01822,396.8431,0.77586246,122.28708,418.1789,0.93362707,132.00606,395.06754,0.96213776,100.23505,433.6418,0.83697903,66.34031,373.5952,0.9315654,144.10876,431.80005,0.8723385,184.32257,442.92844,0.82768166,225.04364,440.4499,0.84752417,262.36954,423.60007,0.8693458
1617,57.797523,344.20148,0.7633411,45.281082,375.97092,0.91572326,68.118385,360.8428,0.89889574,86.47896,394.92917,0.79395485,120.48072,416.1221,0.8853077,130.89276,393.35715,0.94057363,98.51711,431.40744,0.86066747,65.22913,372.0048,0.8991884,142.0299,431.60794,0.85918564,181.33417,442.9567,0.8313858,224.40402,440.50714,0.82270443,261.29895,423.87912,0.87127113
1618,56.657402,343.9497,0.773635,42.731495,374.87994,0.9589967,66.72397,360.66724,0.8322583,85.5375,392.28088,0.8817873,117.20532,413.8328,0.88076645,128.56975,391.9704,0.9010285,94.971146,427.82095,0.78705615,63.539215,370.4161,0.8952314,137.5653,430.395,0.8643809,177.55394,442.55994,0.762018,221.65857,439.37317,0.8789484,257.62372,422.44168,0.8850055
1619,53.686165,343.6574,0.87748253,40.391296,372.8544,1,64.622154,357.80023,0.85576564,83.449684,390.49228,0.91656154,114.85418,412.4526,0.9002146,126.94994,391.0427,0.86718184,93.27389,426.07748,0.77844757,61.627804,368.5381,0.87475383,135.43095,428.86832,0.8409807,174.04382,444.01096,0.68686867,216.98276,438.45676,0.81909764,252.21388,421.14304,0.9158819
1620,48.187172,344.32925,0.8227744,38.756924,372.9046,1,61.378204,355.1923,0.8859947,81.43764,387.96408,0.9346823,112.05952,410.69174,0.869593,124.75233,388.65372,0.8665439,89.67992,424.6266,0.73969036,59.40963,367.08844,0.8284254,133.43396,425.87424,0.87586117,171.64474,442.2457,0.716226,214.83925,438.33536,0.8417078,250.87212,421.51315,0.90862846
1621,43.531178,344.49252,0.8301742,36.281986,374.46503,1,58.39304,355.15216,0.825466,80.25298,386.5167,0.9170484,111.60804,407.5094,0.8575888,123.05351,385.87155,0.8654631,89.38164,423.31683,0.7721998,56.79672,367.26035,0.8155811,132.2577,423.90698,0.87455064,171.55402,439.50812,0.7599244,213.54095,438.49402,0.87301624,251.10686,422.40884,0.8788558
1622,41.51718,348.87894,0.8794667,36.319485,378.15366,0.9973362,55.778168,356.79132,0.8612487,78.55468,385.33307,0.90931225,111.05155,404.6706,0.8985465,121.43216,382.07385,0.8808511,90.098564,421.52347,0.8109441,55.691326,368.7605,0.87609637,132.67732,420.57516,0.9110612,172.71788,438.24637,0.77590173,214.76712,437.36423,0.9257283,251.83774,421.69482,0.91042405
1623,39.2696,355.21,0.9583851,37.63566,380.14536,1,55.003506,357.17966,0.89142615,79.525,385.50845,0.9516772,111.54049,402.92096,0.8668454,119.925415,379.33273,0.84748554,90.942955,420.21707,0.7831919,55.580975,371.23062,0.90403414,133.0558,417.05975,0.9250117,173.14752,433.89404,0.7999756,216.75452,434.20853,0.8585203,253.56825,417.96564,0.8757241
1624,36.686974,359.55563,0.8946765,37.146557,383.40372,0.96015745,52.18272,357.4656,0.9077046,80.08366,384.94257,0.9379169,111.51009,400.83496,0.7985789,118.85109,376.95868,0.83745676,91.77339,418.96893,0.8019537,54.399273,372.47015,0.9087771,134.28703,413.84726,0.97292334,173.5368,429.56268,0.8228547,216.93338,427.69028,0.7446287,253.62141,412.07812,0.8679719
1625,35.83494,362.57834,0.8250719,36.909912,385.38126,0.9810104,50.379654,359.40176,0.86228746,80.03814,385.40054,0.94049144,110.77483,399.70334,0.8256964,116.80537,373.39343,0.8272954,94.9016,418.9507,0.7814766,53.696957,374.51926,0.90896606,135.56056,409.81784,0.9518016,174.87766,420.18655,0.9005511,218.33112,420.64948,0.93116945,255.45763,404.41104,0.8894727
1626,36.19661,364.70288,0.8107903,36.219856,387.12067,1,49.406483,362.5406,0.836108,78.95808,385.54282,0.9109398,110.02978,396.49423,0.771173,112.02941,368.30396,0.72892743,96.827934,417.4136,0.7889432,52.332428,376.6576,0.8748096,135.64267,405.13266,0.8903122,176.37666,414.44366,0.83715725,220.18968,411.53833,0.7272679,257.3258,391.82523,0.8294149
1627,34.59355,366.68082,0.835206,34.856026,388.36584,1,47.886917,363.36945,0.85839874,78.94917,386.62015,0.9257647,112.28687,393.6699,0.77555174,111.70029,365.86304,0.7632976,99.44207,416.01794,0.8505421,49.543217,378.7837,0.91761214,135.61589,400.28397,0.8914727,175.70937,405.3906,0.8879768,219.2187,403.2928,0.84719735,255.85173,382.2063,0.82950735
1628,32.391712,369.5822,0.9323186,36.341415,390.18738,1,45.723305,363.17276,0.7911759,79.52213,384.69797,0.88085896,112.26656,389.76578,0.8375067,111.74051,363.7003,0.7375237,100.18301,413.22488,0.9071932,49.612415,377.71033,0.938268,135.8382,397.54214,0.9715491,176.6002,398.56726,0.8616516,218.45616,393.80948,0.84564775,253.18944,372.7605,0.9791647
1629,30.342205,375.1916,0.9752334,38.02765,393.02158,1,42.975365,363.5019,0.7857366,80.03893,383.1729,0.80476856,112.53351,387.5275,0.85989195,111.20175,360.41602,0.82911855,101.459564,410.6004,0.9119965,48.969597,378.8038,0.9501739,135.93813,395.6085,0.9596371,177.62685,394.76862,0.8090671,217.85307,386.4453,0.8214076,252.96155,361.54752,0.910757
1630,30.078403,377.77716,0.8819002,37.304363,395.79666,1,41.253056,366.0631,0.82495457,78.848785,382.62946,0.7974876,111.535194,385.22592,0.85899395,108.865585,358.35617,0.8422249,101.339775,408.9816,0.87697303,47.59561,380.7976,0.88255864,135.53647,391.7154,0.88656193,175.29066,390.2663,0.83934027,217.004,381.83258,0.7676491,251.77316,357.24536,0.9625969
1631,29.11058,380.21677,0.7989328,37.368496,398.6863,0.90347016,40.395805,369.11328,0.8869448,77.71881,382.34335,0.82646775,109.0245,383.75763,0.84848815,106.13261,356.61874,0.90649307,98.09292,407.83762,0.86776596,47.22515,383.74503,0.87611854,133.7495,388.78937,0.8862761,174.94252,385.7685,0.89302516,216.07883,377.48972,0.8493232,251.1776,352.80728,0.91647816
1632,30.316511,387.0928,0.88314056,39.665707,401.20694,0.9259687,38.133995,372.53677,0.8856866,76.675156,382.98434,0.8231411,107.89513,383.20343,0.8326364,105.96363,357.00754,0.9052939,96.5365,407.52045,0.8255191,47.32592,385.8563,0.87597215,132.62828,388.15796,0.92156655,174.07462,384.55945,0.8754264,212.49016,374.4588,0.9019102,248.16786,349.19717,0.89079165
1633,30.599512,393.7262,0.79937583,41.085865,404.61133,0.89741117,36.349056,378.33435,0.74160117,75.377365,383.9856,0.89398706,107.24672,383.72653,0.8413127,105.645805,357.23074,0.870253,96.55639,408.13763,0.81073606,46.502926,389.43408,0.8441921,131.61275,389.13632,0.92820555,172.17993,385.0053,0.9044681,209.71738,374.17786,0.8904728,244.56418,347.35312,0.9038523
1634,31.109764,398.76483,0.79684037,42.319473,409.62564,0.8880792,33.88926,382.73767,0.8030886,74.92042,387.1,0.9601653,106.24302,385.39575,0.8844003,104.45146,359.7285,0.9100153,96.69704,410.15366,0.7521317,45.438816,393.95047,0.83739156,130.31648,390.17783,0.9324041,170.6324,386.54337,0.9100519,208.81683,376.61115,0.87267774,244.32463,350.0422,0.92915523
1635,32.150856,403.24667,0.7794808,43.97054,415.0448,0.8578867,34.40083,389.16733,0.8184089,74.808914,389.99377,0.92993075,105.27484,387.4962,0.8922334,102.48866,362.29996,0.93038875,96.74651,412.15555,0.7831557,46.308544,399.31494,0.781355,129.86572,391.8183,0.931153,171.01466,388.10928,0.8965365,210.60608,378.76498,0.851435,245.36133,352.5898,0.9195942
1636,31.839783,408.81085,0.81592774,45.76006,418.97852,0.82784086,35.419056,394.43158,0.7228038,74.09694,394.37964,0.90050554,104.99898,389.58524,0.88100207,100.32137,365.79764,0.9153718,98.01217,413.96732,0.817451,46.182644,403.35196,0.8837854,129.48747,392.93274,0.8998664,171.28174,390.2718,0.8386111,210.67711,380.9003,0.85744864,245.07454,355.35333,0.95386857
1637,34.842484,413.86646,0.79866064,47.11793,422.33044,0.7526396,34.131443,398.62387,0.7822921,74.641075,396.79623,0.8814294,104.50715,391.26923,0.8632157,101.716415,367.82556,0.90944654,99.25899,415.3402,0.818944,46.947006,406.20905,0.8436549,128.93794,393.30417,0.8820121,171.50337,392.03372,0.8244702,211.32089,382.99112,0.8611022,246.33255,357.09082,0.92534757
1638,33.43277,415.17932,0.7838696,47.58607,425.68835,0.82476825,34.958366,400.59314,0.81445915,74.2675,399.16238,0.92615765,105.007034,392.27258,0.83957756,98.48793,369.19907,0.92583185,99.87799,416.5113,0.83737874,47.096195,409.4079,0.8167219,127.669,393.10495,0.83275807,170.12212,391.61774,0.82669836,210.22922,384.4794,0.84907407,246.44077,360.00192,0.8534976
1639,34.17283,418.1379,0.73190475,47.858566,428.20435,0.7766404,33.535793,404.51172,0.81814295,72.95271,400.2783,0.92726856,104.46048,392.66486,0.8456751,96.277794,369.13168,0.91513616,100.1794,416.75015,0.8258358,46.96369,413.1969,0.8791942,127.52613,391.3112,0.81314725,168.28899,388.61133,0.8661304,209.13924,384.70236,0.85151947,245.9929,361.11496,0.87456906
1640,35.13291,423.78943,0.74738556,48.58683,432.1206,0.8456097,33.106262,408.61646,0.76116675,72.29436,401.21216,0.9183192,103.35938,392.27408,0.8725911,94.34999,369.6037,0.84665936,100.65066,417.12192,0.83235013,47.20645,416.1776,0.8538454,126.58488,389.94928,0.8884303,167.83047,387.05478,0.86540705,208.62843,382.60043,0.8406785,244.62947,358.72583,0.9041729
1641,35.53406,427.11688,0.7768158,49.608517,433.10434,0.8791347,32.569504,410.00272,0.73308855,72.31013,401.60126,0.92157865,103.39417,391.95074,0.87068254,92.42709,370.01093,0.84414965,102.52509,417.06873,0.81402445,47.110466,417.17554,0.86135525,126.975395,388.22372,0.90506285,168.00977,383.91928,0.83788866,207.5364,377.28604,0.82727665,243.1794,352.82782,0.91196215
1642,34.802185,428.10654,0.8132646,48.892788,434.61078,0.88758177,32.61628,410.1327,0.7156429,71.624275,402.55298,0.91633546,102.684296,392.10822,0.8862715,89.58825,370.24985,0.86770153,102.2684,416.54755,0.8090653,46.368614,417.23245,0.91615033,126.58635,386.91562,0.9215521,167.4176,380.82672,0.8494527,206.0359,371.69144,0.839739,239.91747,346.83142,0.86144966
1643,35.465874,430.20367,0.8827838,49.626324,436.0553,0.9010101,32.31274,412.3558,0.7312136,71.784775,403.06198,0.90296495,103.08077,390.83902,0.88912505,88.86401,370.249,0.908065,104.26065,416.31366,0.8036866,46.574722,419.301,0.93576336,126.53043,384.63904,0.87978077,168.0063,376.98575,0.81587654,207.3529,366.01163,0.7977414,238.9993,339.59683,0.9023857
1644,35.08354,431.18686,0.84401435,49.342186,436.8824,0.8394862,31.441381,413.22202,0.7394398,71.80982,403.56293,0.88500243,102.84327,390.15836,0.9015781,87.28049,370.4549,0.9469807,104.095314,415.99805,0.8069142,45.98363,420.1697,0.9425976,125.50893,382.5165,0.8623474,165.39156,372.85962,0.88261485,204.29971,361.93616,0.85718256,237.06715,336.76303,0.9164206
1645,35.10704,432.1883,0.8473536,49.702633,437.61905,0.818222,31.348534,414.26703,0.7781933,72.668564,403.0833,0.87128353,102.33606,389.96588,0.9152474,85.99192,370.78894,0.9656696,105.08491,415.25085,0.82020414,45.950745,421.07822,0.9529679,124.81575,381.16544,0.86803085,163.13544,369.8277,0.8876074,201.42348,358.01608,0.87937754,234.24188,331.07773,0.9479064
1646,35.38524,434.4968,0.8373548,50.815617,438.90298,0.77964455,31.13748,417.96652,0.83764654,71.84149,404.0863,0.89418304,100.90744,390.5279,0.9066194,81.86636,371.9964,0.9289196,104.79158,415.30676,0.8364397,46.015793,423.63693,0.9125879,123.558815,380.7434,0.88946426,160.79514,367.89105,0.82425493,198.03314,353.99066,0.795788,231.31271,326.17328,0.8680066
1647,35.52985,436.4503,0.8450525,52.052746,441.70383,0.8695374,31.504177,420.7087,0.85370636,71.166824,405.17847,0.8912072,99.36227,390.68365,0.8966053,79.76881,372.33762,0.8744101,104.4143,415.0722,0.86692446,47.22751,425.75674,0.95631397,121.65931,380.2583,0.87706554,158.80347,366.98615,0.8310279,195.10207,353.49103,0.8051493,227.23013,324.44833,0.9538262
1648,36.43324,439.27667,0.7677507,54.169434,444.4175,0.80153614,32.51436,424.8497,0.79560727,70.71669,406.452,0.8916484,98.10625,389.7622,0.8999337,78.30222,372.42548,0.8564531,105.04813,413.288,0.92081535,48.01012,429.8608,0.9424555,118.58515,378.75613,0.88115335,156.12979,366.7191,0.8607408,193.7088,354.20273,0.8357688,227.25053,326.2651,0.9345121
1649,38.657227,443.44467,0.7785208,58.555332,446.32938,0.79092795,32.858456,427.7189,0.7309333,70.00816,407.15878,0.8958658,96.35866,390.0756,0.85061556,76.03354,373.74323,0.85659164,104.72364,411.429,0.93755937,49.65802,432.31992,0.89192164,116.093506,378.37527,0.86988014,154.68555,365.08664,0.8729314,192.81877,354.19604,0.8409776,226.20963,328.97943,0.8947146
1650,41.78124,446.3024,0.75044954,60.59132,449.5766,0.93802154,35.816875,432.65982,0.73008126,69.86047,407.87244,0.8718862,95.64906,389.662,0.8719072,74.77242,374.27484,0.8681094,104.016945,411.43875,0.8997033,51.13359,434.26312,0.85629535,115.55903,379.5552,0.8692772,153.5965,364.5008,0.8325369,191.90916,352.67822,0.80264086,225.81277,326.28186,0.95069593
1651,46.14403,448.56064,0.6697334,63.18164,452.08325,0.9473695,37.478252,437.66022,0.75514597,69.09604,409.63327,0.8986558,94.41843,390.7836,0.89077836,73.984566,375.3716,0.84022725,103.153946,411.9237,0.8670477,53.08066,436.7976,0.84891355,114.6762,380.4342,0.861986,152.5449,363.99103,0.80344015,191.02371,350.7386,0.7923088,222.99496,324.56766,0.93752295
1652,46.96894,450.56735,0.70522475,62.896362,453.2745,0.96459484,37.754147,439.24103,0.75657254,68.738335,411.0581,0.9308643,93.67156,392.01254,0.87900335,73.23342,376.79382,0.797771,103.17602,412.19394,0.8937526,54.44795,439.84738,0.8142684,113.961044,381.30698,0.86355627,151.24274,363.94058,0.8125962,189.80481,349.28122,0.7981339,220.85918,323.2848,0.99020815
1653,49.547104,452.63794,0.6119859,65.89932,454.78265,0.8587643,39.561947,443.0737,0.74152,68.9324,412.6938,0.946133,93.3121,391.59006,0.87684405,73.49104,378.26355,0.78914446,103.40712,413.65067,0.8728945,58.300175,442.2792,0.7858481,114.66769,382.4917,0.8983697,151.07956,363.85095,0.82365716,188.9303,348.412,0.8010908,220.16734,320.4775,0.90536225
1654,49.84832,453.12347,0.57824534,65.6316,455.40125,0.87878233,41.051334,443.68176,0.6969815,70.04034,413.33972,0.915327,94.0999,393.08295,0.88803345,74.82107,379.30505,0.8064839,103.96416,415.86728,0.8498963,60.040337,443.59476,0.7914405,115.13689,384.03845,0.87901896,151.26688,364.5725,0.8195984,188.6476,348.2555,0.8086578,219.26036,319.86914,0.89881766
1655,50.43049,452.4324,0.5945015,65.61238,455.81528,0.9023806,41.584362,444.33173,0.73144144,71.90206,414.51535,0.8642593,95.36725,393.92493,0.8869885,75.92204,380.165,0.83208805,105.84455,415.86197,0.8522416,60.271004,444.24905,0.7854622,117.17088,385.6033,0.90107614,152.83873,365.413,0.8143314,190.45206,347.87543,0.7946486,220.97205,319.90186,0.9037564
1656,51.463226,453.92416,0.628554,66.8672,457.25418,0.8304032,42.882114,445.52026,0.75621057,73.41734,416.58197,0.9094598,96.98829,395.58627,0.904268,78.00702,381.2551,0.83166635,108.09437,415.79953,0.85360944,61.11834,445.9236,0.7864016,120.121704,386.26315,0.88000613,155.13333,367.24625,0.8075648,191.75964,350.4384,0.8251516,224.11311,321.17316,0.8728404
1657,52.869892,455.044,0.63014156,67.93184,457.22534,0.7946817,44.19378,445.68427,0.79521316,76.44593,416.00998,0.8689686,100.4639,395.41547,0.9328438,81.52302,380.78662,0.88345486,110.86739,416.0617,0.8270793,62.220825,446.2392,0.7917374,123.49026,386.28165,0.9344563,158.30931,366.80548,0.79480803,194.25043,351.46115,0.8498258,226.88878,322.84634,0.9536252
1658,52.185555,455.25662,0.6751826,68.55291,457.7898,0.76512164,45.55784,445.63858,0.78802675,78.29863,417.24197,0.87486124,103.46533,395.3485,0.91044027,84.26175,381.3885,0.8988864,113.96038,418.57092,0.8808274,63.170746,446.96545,0.80129886,126.88705,386.21527,0.9434634,161.89388,367.2284,0.83843315,198.19394,350.41708,0.8029906,229.75781,322.2572,0.93681264
1659,51.457954,455.05823,0.72579277,68.478264,458.93,0.7897089,46.20978,444.2662,0.79994285,81.15473,417.85562,0.9191749,106.09074,395.64755,0.9300059,87.21405,381.19247,0.85894114,116.58388,418.16077,0.88961136,63.922733,447.0776,0.85307777,128.43434,387.01028,0.92801195,163.28383,368.03967,0.86516804,199.38327,350.65036,0.75840366,231.45024,322.32635,0.9031508
1660,50.90568,454.72446,0.7075484,67.81772,460.61368,0.8011635,46.79829,444.65268,0.8081061,82.33778,419.05325,0.9354559,108.11486,396.06573,0.9334577,88.785934,381.8367,0.829218,118.013176,419.16675,0.89186966,63.969955,447.89642,0.84520304,130.03694,387.25912,0.95433,164.90483,368.02908,0.8658727,202.01538,351.7691,0.7716797,232.48024,323.57703,0.9098838
1661,50.28892,454.40652,0.71235394,67.42129,461.0435,0.8311431,47.269875,444.04593,0.7980043,83.84506,419.61575,0.9421303,110.252495,396.4427,0.9241468,90.0304,382.70535,0.81817955,119.65748,419.22314,0.8748332,64.05556,447.99756,0.84094685,131.87802,387.57104,0.9660201,166.50858,367.86267,0.84106475,203.86043,351.5657,0.7862186,233.44385,323.2293,0.9435327
1662,49.416958,453.85086,0.7109878,66.62349,461.46194,0.8735564,47.90237,443.03015,0.78742313,85.3159,420.33527,0.9215703,111.758896,396.74033,0.89950776,91.68996,382.88336,0.8348027,120.94023,419.32697,0.8506223,64.19909,448.191,0.854473,133.01855,387.69864,0.9587856,167.6838,367.86002,0.82434696,204.75969,351.4155,0.7951042,234.53871,322.89502,0.95823526
1663,48.61576,452.84415,0.7557712,64.37915,462.20648,0.90019065,49.17936,441.11017,0.77337015,86.50939,421.71368,0.88013446,111.69555,398.51096,0.86196643,93.27896,383.10992,0.8384996,120.63262,420.48553,0.84248257,63.097946,446.9592,0.8564365,133.6986,387.76428,0.9474287,168.31212,367.4208,0.8043946,205.5764,350.5751,0.7879324,235.34538,322.1991,0.9489239
1664,46.119083,454.00418,0.7545086,60.24842,462.586,0.94484186,47.35686,439.57758,0.82472974,85.938675,423.04248,0.8341033,112.578384,400.1376,0.86044717,93.91447,384.23212,0.82090425,120.958206,422.2962,0.81787646,60.734234,446.9235,0.8396103,134.00023,388.7956,0.93385935,168.5325,367.6123,0.8070005,205.04056,349.1019,0.792946,234.28366,321.40167,0.9083335
1665,44.120323,453.0117,0.7436074,57.738503,462.8891,0.90132874,46.59041,438.69287,0.7958564,85.7503,424.35367,0.84577143,112.842606,402.90045,0.8972221,94.075226,386.31836,0.79668915,120.68097,424.21793,0.80547345,59.350506,447.04056,0.80514634,134.35783,390.8248,0.86829287,168.63206,369.4772,0.83821934,203.31076,349.78857,0.78425974,231.3889,320.5383,0.8823602
1666,42.32356,454.4368,0.73667586,56.23912,463.7009,0.84136194,45.855175,439.7232,0.76420957,85.78228,425.89462,0.88770646,112.46705,405.99554,0.86308736,94.9124,387.20233,0.71800387,120.69482,427.36606,0.85570604,58.492798,448.08438,0.85656095,132.75026,393.54367,0.86846966,167.00665,372.3761,0.9058415,202.70361,352.0906,0.7716051,231.12524,321.93234,0.9104975
1667,40.143806,453.1169,0.71662486,53.37928,463.93106,0.78708917,44.498074,440.16245,0.7559068,84.826485,428.3925,0.9113184,111.62741,407.61853,0.80070376,93.05488,389.58914,0.68906957,120.76002,431.3667,0.81819,56.43536,448.06927,0.88819194,131.81252,395.54874,0.869688,165.83737,373.64252,0.91318065,201.59657,353.85138,0.8005772,229.94826,324.0614,0.95106995
1668,38.644527,451.52002,0.7845912,51.2753,464.04095,0.7967822,44.227165,439.71768,0.75673264,84.012245,431.1212,0.9462956,111.61933,410.3521,0.8551505,93.53114,392.2923,0.6674404,118.39641,435.26166,0.8397417,55.048443,448.48438,0.9403743,130.65456,398.64224,0.8518308,164.88843,375.31146,0.89481336,200.03415,354.8436,0.798099,228.72864,325.13968,0.944795
1669,38.035812,450.9041,0.7915045,50.010647,464.10684,0.7946121,43.724567,439.578,0.754645,82.90809,432.87265,0.95531,110.90882,413.87863,0.91209257,92.704414,395.96573,0.7238599,117.159775,437.8201,0.86966926,54.049225,448.41522,0.92500246,130.84476,401.55618,0.85658467,163.99524,378.39886,0.8443033,198.79587,357.5196,0.8285562,226.88135,326.5833,0.89944863
1670,38.165504,449.71094,0.7783371,49.790546,463.9261,0.80458945,44.418777,438.58475,0.7687618,82.35901,433.6671,0.9548574,110.34573,416.55548,0.89378935,88.934326,399.6059,0.7659386,116.13646,439.75107,0.8805419,54.29937,448.21585,0.9032879,129.73056,403.27563,0.87815654,162.9247,379.68237,0.8270536,197.7454,360.10416,0.8347605,225.38997,330.8326,0.85974145
1671,37.018116,446.77982,0.7714873,48.22428,461.58102,0.83401394,45.354206,436.77066,0.7974118,81.79166,434.87903,0.9378996,108.53322,416.64124,0.89438224,86.899605,401.2791,0.81417,115.168594,440.89865,0.87209237,53.511368,447.3957,0.8578915,128.66039,402.63376,0.85631007,161.15964,380.53107,0.799872,195.79662,361.43167,0.8211735,223.45866,331.7596,0.8776348
1672,35.14299,445.87622,0.8097934,46.469616,460.21652,0.86010116,44.89973,434.76114,0.8242049,80.67651,434.90265,0.9272674,107.1558,417.58987,0.9142665,85.28818,401.93143,0.8446827,114.21341,442.04306,0.84876883,52.556774,446.03854,0.8612089,127.31292,402.86157,0.90667635,160.2936,379.91577,0.80923754,193.92015,361.23047,0.82106054,222.14587,331.20517,0.9009205
1673,34.813175,443.76282,0.84907764,45.252613,458.76117,0.9083853,43.68504,432.46344,0.8222503,78.884476,434.36087,0.90051293,105.22005,419.004,0.93434685,84.94495,402.1147,0.8655502,111.52361,442.31097,0.90581673,51.146408,444.3439,0.88514173,125.894684,403.67657,0.930847,158.61716,379.69873,0.85682935,192.60445,360.1998,0.8304689,219.34578,331.2054,0.9301387
1674,34.16796,442.58707,0.8572179,43.691578,458.16245,1,42.61987,430.7154,0.80065703,77.86966,433.5026,0.8568635,104.1318,419.2232,0.9276491,84.71526,401.25653,0.867083,109.90169,442.19226,0.89709544,49.639206,443.045,0.8906137,125.141174,404.34296,0.9352854,158.0356,380.0359,0.85888785,191.65971,359.87772,0.8512964,217.65665,330.67963,0.93174785
1675,31.451643,444.0327,0.87674195,41.231106,458.22412,1,39.590298,430.30212,0.817566,76.36119,433.9305,0.8603271,103.66756,419.25894,0.90727603,84.623344,400.37543,0.88140327,107.3397,442.33685,0.87638825,47.1306,443.41666,0.852755,124.60215,405.17813,0.915183,157.51756,380.5794,0.86578894,191.3624,360.77344,0.8344186,216.95052,331.69214,0.93602175
1676,28.689428,445.12537,0.8140364,39.117542,458.33673,0.9444084,36.84211,429.83463,0.861075,73.603424,433.06326,0.87334305,101.95527,419.98877,0.96121794,84.34569,399.88602,0.9132645,104.0532,444.49252,0.8843627,45.12261,443.4436,0.8851371,123.38367,406.36115,0.8714797,156.7548,381.08978,0.85591364,191.17226,361.1988,0.84288234,219.33531,332.57516,0.9486024
1677,27.496073,444.27594,0.7122855,36.901215,457.58292,0.9094391,34.904373,430.15207,0.85059196,71.30977,432.99146,0.88919264,100.50491,421.4111,0.95467895,84.58457,400.08347,0.9240269,102.71504,447.27222,0.9499283,43.47969,443.77246,0.86634123,122.566956,408.6785,0.79950184,156.37688,384.10727,0.8360197,191.1495,362.5185,0.8123382,219.24957,333.92038,0.92662996
1678,25.920425,445.40833,0.7224647,34.808327,457.47818,0.920358,33.055225,430.05316,0.8058906,70.84372,432.90158,0.89980114,99.350624,422.62735,0.963583,84.81472,400.6005,0.9441146,100.5527,449.2092,0.9410966,42.7768,443.9963,0.86708266,121.071,411.84225,0.78376466,154.78876,388.92203,0.88080347,190.32413,367.34225,0.7702468,217.9354,338.56274,0.9426039
1679,25.88476,445.46423,0.70946705,34.3651,457.56647,0.9153318,32.774513,430.14145,0.8015853,69.9558,433.43164,0.92081237,98.81974,423.54205,0.9240212,85.741455,401.81976,0.9308632,97.903114,449.453,0.9483783,42.48115,444.11218,0.8639163,119.66031,414.277,0.8025958,154.72821,392.59973,0.90863085,189.61772,373.03964,0.9147139,219.15433,344.30637,0.9358064
1680,25.806679,444.67438,0.6654308,33.60536,457.1333,0.8943918,32.887234,429.88684,0.7838561,69.72069,434.0966,0.92686427,98.52437,424.76175,0.95365316,86.27562,402.75116,0.9255933,96.4521,450.88525,0.95126903,42.16463,443.953,0.8533708,120.3502,417.40628,0.77256703,154.78702,395.96027,0.86025023,190.0169,377.9041,0.8714287,220.58725,350.04703,0.92221117
1681,26.341757,446.31482,0.6389645,33.747444,456.20804,0.86780995,34.008205,428.67062,0.7622299,70.02865,434.411,0.92127687,98.6363,425.66797,0.9774835,87.1334,403.5159,0.91110337,95.72972,452.18512,0.9518939,42.47742,443.4194,0.8410424,120.74476,419.03366,0.8205329,155.9531,400.1185,0.832622,191.08618,381.96686,0.79264575,222.08517,353.68494,0.9140527
1682,28.238684,443.2026,0.78216827,35.074078,455.96655,0.8385149,36.77161,427.86932,0.80217034,70.068954,435.3766,0.8999133,99.48476,426.05167,0.9788895,88.81873,404.3336,0.8840262,95.494446,452.3302,0.9445156,43.553204,442.3744,0.82121253,121.55689,420.48148,0.88955754,157.31819,403.46548,0.8847553,192.733,385.74796,0.84103274,225.97247,357.7953,0.895905
1683,29.872204,441.09128,0.73222125,35.122005,455.8139,0.77735966,38.50482,427.0158,0.772638,71.3396,436.45047,0.9259211,100.203705,427.16522,0.97349805,89.66133,405.01617,0.9001966,95.89795,452.81793,0.88179123,45.398792,441.3671,0.77256405,122.60648,422.74753,0.87160796,157.8871,407.4404,0.8834118,192.278,392.39438,0.8672126,226.35115,366.23563,0.90322125
1684,32.42451,435.46774,0.8075237,36.237488,452.73358,0.86938304,42.19983,424.6626,0.782337,74.31805,437.90112,0.9738381,102.4574,428.89542,0.9453985,93.06283,406.25043,0.8901661,97.479095,453.79083,0.8771397,47.366215,439.0609,0.8559276,124.99228,424.9413,0.8357293,160.77434,409.7996,0.88676476,198.19424,395.02264,0.8183833,232.13159,370.2635,0.9295013
1685,33.124245,432.93665,0.7676148,36.7967,451.85727,0.90512085,43.91289,422.98712,0.8515563,76.43737,438.26517,0.9635141,104.79456,431.33243,0.89839053,97.59887,407.19962,0.8921626,99.09689,454.94467,0.82452565,49.177986,437.84738,0.89252204,128.1384,428.89368,0.8870917,164.95844,414.82074,0.83650887,201.43224,400.51782,0.77507764,235.18185,375.42966,0.910306
1686,34.88698,430.69653,0.82456905,38.12014,450.8151,0.9450204,46.689335,421.40912,0.90248424,79.374565,438.53906,0.9189085,107.864006,432.66574,0.89291257,102.36736,408.41406,0.8830179,101.35204,455.6439,0.7631082,50.23114,437.39587,0.9136741,130.91841,430.65002,0.9549044,168.87941,418.21527,0.88513744,205.35283,406.24686,0.9023742,239.58347,383.0386,0.8430351
1687,36.231834,425.52087,0.8408246,38.686428,448.04477,0.8442872,50.54237,422.1684,0.8716713,80.850685,437.40005,0.89546555,109.99588,433.19778,0.8622667,103.78571,409.1306,0.8377696,103.86422,456.0818,0.7229949,52.423817,436.92633,0.9980571,133.8313,430.791,0.9313081,171.08093,420.64716,0.8823107,208.73051,412.0034,0.8023533,245.38596,390.01917,0.9218188
1688,37.20113,422.29004,0.87056696,39.424232,447.6193,0.8804135,51.400654,420.8354,0.86576074,82.218994,438.32086,0.89798415,112.17751,435.07608,0.9051756,106.28942,409.6152,0.87433976,106.51054,457.86304,0.7106401,53.34478,435.8634,0.9669038,136.7177,431.17255,0.89843446,174.26335,422.08136,0.8590557,212.47943,414.14792,0.84535843,248.79773,393.9124,0.8772193
1689,38.15064,420.658,0.8439404,40.174892,446.3734,0.85336846,51.88668,419.80472,0.8696269,83.01038,438.5418,0.88976896,113.807365,435.85953,0.9559224,107.84354,409.8422,0.8602523,108.54282,457.9804,0.7067674,53.852055,434.60635,0.94384336,138.36877,432.1363,0.9364593,176.02258,422.8717,0.83200365,214.43985,415.84125,0.82399935,251.04025,396.25638,0.91415054
1690,38.441174,418.94766,0.89551395,40.286667,445.57498,0.8628168,52.39799,418.5523,0.8736956,83.83037,438.11026,0.8951952,114.81366,436.21365,0.9698753,109.381676,410.32074,0.8149613,110.02038,458.40527,0.71406937,54.34725,433.3985,0.90700954,139.78719,432.9749,0.94777626,177.87784,423.63132,0.8456289,216.76833,416.948,0.8278998,253.36919,397.41153,0.89968026
1691,37.567333,420.02097,0.91422606,40.841484,444.15314,0.8749374,50.871094,415.1357,0.80894727,84.24933,436.6237,0.8923267,115.7929,436.37448,0.98916215,110.81036,409.982,0.8630977,109.58357,458.20374,0.6883731,54.191154,430.08,0.9278091,141.1577,434.0495,0.95658255,179.32318,425.1799,0.859616,219.01067,418.03586,0.885127,255.256,398.87152,0.8336495
1692,37.403305,418.15652,0.95766485,41.63959,443.59454,0.88992345,51.329712,414.51218,0.81179476,84.43788,435.7331,0.8991945,116.6375,436.1284,0.99325967,112.67102,410.05725,0.90067506,109.85471,458.06586,0.68789804,54.220123,429.38004,0.9409061,142.15048,434.4498,0.9596553,179.76228,426.93512,0.8777512,219.7772,420.6541,0.94035167,256.63522,400.92944,0.86069465
1693,37.568344,416.10733,0.93545175,39.482334,440.34415,0.9309973,51.6112,413.5685,0.80392694,84.02762,435.59894,0.89573276,117.18774,435.9252,0.9907084,113.27179,409.94403,0.90876764,110.08235,457.68417,0.6901976,53.78191,428.39453,0.9544552,142.72539,434.2743,0.9540137,180.59125,427.23117,0.8884761,221.58441,421.72733,0.9485491,258.2575,403.84256,0.93878025
1694,36.19209,415.54504,0.9270348,38.175327,438.5344,0.9817732,50.02999,413.02438,0.7658271,83.26504,434.75378,0.8844305,117.83601,436.03937,0.9854533,114.124115,410.39276,0.89767176,110.29789,457.83606,0.6941094,52.531044,427.01596,0.9696748,143.25175,434.4841,0.9422522,180.82108,427.43607,0.89071375,222.25552,421.3446,0.9437321,258.3252,403.17416,0.9282897
1695,33.547485,415.57602,0.91303474,37.576096,437.98895,1,48.62035,412.7544,0.7856086,82.38296,434.2143,0.8699763,117.48691,436.3639,0.9860481,114.501465,410.81985,0.9147698,109.56931,457.82535,0.6806265,51.03184,426.35513,0.9700477,142.6972,435.133,0.9178855,179.92744,428.71826,0.88461787,220.55222,421.4557,0.9136121,256.83865,401.42175,0.89659274
1696,32.07519,416.4227,0.9824816,35.962288,438.59604,0.9813767,46.821472,412.46057,0.8242193,81.01795,434.3284,0.8439177,116.303505,436.63416,0.9997302,113.81632,411.56845,0.9157455,108.44616,458.0747,0.6903054,48.833393,427.1623,0.9534935,141.71329,435.71414,0.91730267,178.59131,430.9685,0.86377776,218.72565,423.67224,0.9051578,255.6753,402.05734,0.892583
1697,31.379864,416.81592,0.9810887,33.350197,439.45575,0.97311103,45.800297,412.8271,0.8678506,79.17389,435.2123,0.85248184,114.53869,436.7059,0.9782044,111.62855,411.11108,0.8832106,106.43938,458.1364,0.713724,47.854935,427.9862,1,139.89792,435.5266,0.92627615,177.58261,431.69656,0.8795306,218.24225,425.0623,0.8811632,254.40471,405.23843,0.9320246
1698,30.018013,418.57996,1,33.551876,440.9191,0.9292025,44.825245,413.1268,0.8442975,78.43244,434.55756,0.8934784,112.93564,435.95963,0.94161505,110.45002,409.73404,0.8141385,105.560844,457.44305,0.7687793,47.31642,428.19202,0.99815273,138.47137,435.07306,0.92827404,175.81668,431.28677,0.8207359,216.78197,425.43942,0.8558242,253.9783,404.7097,0.9463037
1699,27.849783,420.60464,1,33.452522,441.85532,0.9688211,42.94343,412.83777,0.8056815,78.29049,434.05762,0.8859996,111.937935,434.82648,0.9329857,110.45755,409.06274,0.80876595,105.39761,456.9032,0.7963397,46.34237,428.0815,0.9528059,136.79906,433.42902,0.91013265,175.20091,428.45984,0.8591661,215.83194,423.7787,0.8866021,252.81436,403.78467,0.95136994
1700,26.32711,423.13745,1,32.614914,443.0818,0.9595494,41.125183,414.0485,0.7977347,77.956726,433.22876,0.89223766,111.29523,434.1074,0.88667995,108.27728,407.87326,0.8709923,105.209946,455.9262,0.8308821,45.25707,429.03113,0.91380906,136.46587,432.5747,0.8536868,175.21938,426.7303,0.8542573,214.61491,420.8727,0.88547623,250.78687,401.16772,0.90943146
1701,25.724438,424.0833,0.958313,32.262604,444.49982,0.9315411,40.405327,414.76596,0.82077986,77.50161,432.11148,0.8804186,110.75781,431.20343,0.8206991,105.287674,405.4537,0.89889604,105.08035,453.85208,0.8919692,44.741695,430.48926,0.8450397,135.0573,431.0456,0.86523014,174.53987,425.15613,0.8383126,212.38866,417.5589,0.8764714,248.20511,396.68234,0.868493
1702,25.097511,425.42813,0.8838396,32.523533,445.15637,0.930612,39.30094,415.08258,0.8442486,76.99523,430.9829,0.8793733,109.87008,430.22098,0.87918293,105.157265,403.6581,0.91422504,105.04576,452.6303,0.93264997,44.511257,430.87912,0.8467628,134.03442,428.9514,0.86312085,172.04022,422.07602,0.8316725,209.79405,415.09402,0.8339341,246.76817,393.10626,0.8638265
1703,24.543787,426.4047,0.8218235,32.730274,445.3888,0.9507274,38.348663,414.9994,0.86597574,76.11117,430.82736,0.87568605,108.26055,429.4041,0.91064197,102.89159,402.65225,0.9596136,103.83276,450.67133,0.94495994,43.952915,430.69537,0.84962195,131.66135,427.2216,0.864798,168.69083,419.3388,0.8588584,207.24359,412.4925,0.7967581,243.6801,389.90237,0.93719345
1704,24.408192,428.08002,0.6826005,32.631027,446.56064,0.9151843,36.181553,415.9571,0.8783823,74.3977,429.6266,0.8884318,106.56152,428.3426,0.8999604,100.53293,402.00888,0.96880466,102.61423,448.84433,0.9468501,42.690796,431.27863,0.85475695,130.18503,425.87183,0.8248954,166.99701,417.14383,0.8572932,204.98694,407.95938,0.8939849,240.90369,385.6056,0.89926016
1705,23.622133,429.1659,0.72745,33.240654,447.59424,0.9282354,35.068104,416.52258,0.896944,73.43578,429.06726,0.8960082,105.067406,427.86566,0.9048502,99.3535,401.6649,0.9640092,100.61612,447.5878,0.92234087,41.867725,431.55682,0.8702234,128.68639,425.39893,0.78136283,165.28691,416.5047,0.8699663,202.16064,407.3162,0.9134403,238.67857,385.24353,0.9014498
1706,23.193604,430.72705,0.7213352,33.669083,448.4553,0.89220506,34.45166,417.61,0.90406895,72.31842,429.13672,0.88052565,105.14424,426.50287,0.916717,98.64854,401.5481,0.9678695,99.362206,447.27145,0.913715,41.63766,432.63348,0.88657606,127.69763,425.09674,0.748985,164.46864,416.6209,0.8840148,202.15808,407.22067,0.9239246,238.73674,386.10535,0.9294637
1707,22.458029,430.73126,0.818091,32.586884,448.68152,0.92128575,34.71502,419.66406,0.9054866,71.62007,429.57684,0.878393,104.79697,426.36676,0.91914696,98.59214,401.34378,0.95565015,99.58069,449.11575,0.9548324,40.7371,434.7903,0.9173221,127.947655,425.46872,0.78317994,164.80133,417.5763,0.9006081,202.09666,408.01846,0.9169168,238.24896,387.06253,0.9528519
1708,22.208887,432.5885,0.8219834,31.60543,449.1162,0.90498346,33.97344,420.65475,0.8669707,70.83218,430.1805,0.8644948,104.031815,426.6517,0.95416564,98.600464,401.90402,0.97192734,96.175835,449.73013,0.9128387,40.341473,435.85745,0.91080534,128.16176,426.22073,0.842632,165.14429,417.86194,0.9044634,202.4809,408.68317,0.91048205,237.97519,388.55136,0.95899725
1709,22.546244,433.23526,0.8206036,31.409878,449.24048,0.8931913,34.181454,421.33472,0.8585952,71.07427,430.97006,0.84969544,104.523735,426.9564,0.9351018,99.34036,402.42215,0.9705203,96.109955,450.40396,0.89994806,40.39624,436.71207,0.90595126,128.54138,426.90128,0.8763916,165.78499,418.41913,0.9137703,202.91447,409.76938,0.86767113,238.9291,390.02988,0.91581106
1710,24.067558,436.45258,0.8122134,31.700592,451.11298,0.8390969,34.84614,422.32263,0.83904046,71.68144,431.46594,0.8485439,105.15411,427.63235,0.91075176,100.23431,403.29926,0.9727477,96.45658,451.04578,0.8790649,41.455204,436.81406,0.8818496,128.68317,427.78833,0.8951383,166.47614,419.31973,0.9027015,203.56383,410.93668,0.8136588,241.04846,393.26315,0.8606255
1711,25.301762,441.11423,0.80318636,33.90338,453.30746,0.8893318,35.314823,424.4786,0.78892285,72.14501,432.25012,0.87408817,105.49707,429.0652,0.88569015,101.34381,404.98026,0.93451935,97.33816,452.0724,0.8601608,42.35676,438.74857,0.8628595,129.80789,428.86224,0.9118998,167.38135,419.57,0.88793796,205.03317,411.12955,0.7858658,241.12677,395.26038,0.8762801
1712,25.46351,444.0036,0.759372,34.258286,455.31006,0.8904871,34.6217,427.34995,0.7958694,73.50579,434.74683,0.9344482,106.49952,430.93762,0.872963,102.016304,406.84866,0.8751225,98.890785,453.73154,0.8574523,42.841537,441.2241,0.864793,130.40132,430.3145,0.9360178,168.81792,420.9878,0.85192895,206.37598,411.9614,0.77596515,241.79048,395.06708,0.9080018
1713,24.675335,445.1038,0.6969204,33.209602,455.75598,0.88794434,34.567856,428.36823,0.81349534,73.89509,437.3904,0.93301725,106.99949,432.46103,0.8957505,101.44941,408.91095,0.8338043,99.615166,455.17163,0.831297,42.15947,442.75626,0.89049196,130.64497,430.6871,0.9459684,168.66058,421.09366,0.84267956,206.03598,413.8597,0.7744082,242.29115,394.93787,0.9218361
1714,24.986141,445.69156,0.6702829,31.729172,457.39615,0.86687917,34.039906,429.43777,0.81039774,74.38532,439.4587,0.8888241,107.23262,433.93744,0.916199,102.33545,411.49362,0.8157326,100.96683,456.78925,0.7783111,41.84954,444.5134,0.90454173,131.6093,431.98322,0.95685893,169.18466,421.7196,0.82636064,206.65997,414.04102,0.7872927,242.24414,394.92343,0.91685474
1715,23.73602,447.58066,0.72428364,32.57237,459.62228,0.82163805,34.0278,431.28305,0.8455523,73.67111,441.15308,0.85374457,106.62891,435.0991,0.93146414,101.30482,413.07468,0.8072277,101.18244,457.38937,0.761984,41.197178,445.84134,0.90558183,131.32048,433.0937,0.9723304,168.74907,424.11288,0.7903748,206.01724,414.97974,0.75942963,241.154,394.62225,0.88918066
1716,22.109505,446.39352,0.7170074,31.225534,460.07227,0.83324224,32.766747,432.62976,0.81042385,72.97348,442.0132,0.8440649,105.49326,436.6217,0.94538075,100.705635,414.47485,0.8055585,100.12457,458.2203,0.7641578,40.127384,446.36035,0.86844367,130.17528,433.91165,0.9564555,167.86168,425.04315,0.81254107,205.25406,415.00024,0.77513963,239.63078,396.55246,0.8750301
1717,21.549274,446.28952,0.6419846,30.173487,459.86026,0.8413129,33.28971,434.5386,0.7812195,71.67901,442.68878,0.80153626,104.044136,438.0464,0.9523652,99.40186,415.91315,0.8087638,99.34314,458.9267,0.7711754,38.359913,447.04538,0.8330437,128.71188,434.44894,0.9490219,165.99306,426.3405,0.8458231,203.7515,415.91275,0.8044692,238.90192,396.8238,0.8895416
1718,21.299435,447.52716,0.662386,29.77878,460.52362,0.814476,32.44907,435.5865,0.7613561,70.85261,443.33322,0.78972673,103.763016,439.02057,0.92848074,98.53553,416.1073,0.8168988,98.779564,459.4488,0.76967895,37.795486,447.71326,0.8457241,127.41505,434.6051,0.9535871,164.2624,426.9887,0.8605621,202.0316,417.27158,0.8291921,237.04079,397.30997,0.93218476
1719,20.960333,447.27127,0.6350682,28.87172,460.3656,0.7809199,32.45161,436.29483,0.73999506,69.525795,443.98,0.8323902,101.52027,439.18625,0.9716313,97.370316,415.71286,0.7924567,97.5322,459.74643,0.7499851,37.29021,447.9663,0.8173783,126.297226,434.8767,0.97038823,162.91133,426.50385,0.8404774,201.3152,417.82077,0.8293938,236.2142,397.2262,0.94923973
1720,20.792353,447.09586,0.65057874,28.950624,460.37012,0.8352593,31.997152,434.89886,0.7659828,69.056175,443.95914,0.841498,101.12072,437.9475,1,94.22325,413.92612,0.83031183,97.5147,459.50992,0.7647392,37.30676,447.9251,0.83711106,125.88486,432.8853,0.96422654,162.23203,424.37537,0.8014624,200.03813,417.76697,0.8158802,234.99867,396.95258,0.9363832
1721,20.426031,447.5826,0.66320676,28.656242,460.94702,0.83218914,31.82125,435.4082,0.76602906,68.25583,444.18884,0.84313935,100.29035,437.88803,1,91.37336,413.56067,0.84521395,97.12911,459.44885,0.75853866,36.921574,448.4462,0.84369284,124.84324,432.07602,0.9191963,161.57095,422.77267,0.83534986,199.52937,415.3819,0.77202076,233.45848,393.62134,0.91442883
1722,20.634336,447.30917,0.6505031,29.399796,460.65512,0.8257073,32.176796,435.10986,0.7597763,68.93963,443.58694,0.8432698,100.827576,436.3015,1,89.82163,411.5903,0.82787305,98.08074,458.81808,0.7790735,37.431984,447.97772,0.8292633,125.69315,430.21405,0.9016295,161.52094,421.0715,0.87467563,199.4689,413.29416,0.7956559,233.54404,390.39117,0.91925967
1723,22.108349,448.37408,0.6589289,30.06401,460.46378,0.85645986,32.09489,433.8851,0.7784197,69.81271,442.47012,0.84397864,102.25058,435.10788,0.99370486,90.01047,410.6253,0.7939407,99.969154,457.21033,0.79640365,38.086838,447.80768,0.8606125,126.67856,428.75497,0.8732683,162.0187,419.64923,0.89913493,200.47661,411.6861,0.7838961,234.3134,389.16956,0.954338
1724,23.142174,447.23746,0.688517,30.39437,458.88324,0.90278715,32.75061,432.54678,0.79082876,70.954216,441.21976,0.81479055,104.189316,433.92938,0.9443894,92.11964,409.8113,0.81584996,101.34482,455.63135,0.8184488,40.023666,446.20563,0.8222944,128.06775,427.2341,0.8357597,162.30186,418.23453,0.8845355,200.85956,410.90787,0.80742854,235.32584,388.38474,0.9577607
1725,22.82516,444.59155,0.66886574,29.990997,456.41626,0.8592955,34.137947,432.69363,0.7693114,71.74077,440.89737,0.8277893,104.53985,432.98227,0.95138127,93.3334,409.5252,0.7780738,102.6053,456.0969,0.84564555,39.638287,445.0012,0.7848638,128.29054,426.5307,0.8254266,163.09651,416.8569,0.8623508,201.39606,409.19022,0.85813874,236.27568,387.21408,0.9389872
1726,22.255943,443.1571,0.66079867,29.605879,455.5306,0.8440733,33.903816,431.4483,0.7405686,71.93129,440.85605,0.81636906,105.35841,432.9293,0.9552426,94.21919,409.13333,0.7635694,103.183365,456.2784,0.84612966,39.29861,444.32574,0.7939019,128.822,426.5567,0.8336213,163.93495,415.5449,0.8385069,201.67587,406.41577,0.91286117,237.2099,383.3101,0.8777803
1727,22.343716,442.303,0.6464436,29.41917,455.15942,0.8571497,32.42853,429.19324,0.7466583,72.34676,440.31342,0.81342804,106.025375,433.10455,0.9656359,94.82295,409.4524,0.7668844,103.62581,456.44562,0.8340969,39.298565,443.43988,0.81916654,128.97661,426.78012,0.8314131,163.8796,414.93506,0.8238372,200.91013,404.91742,0.87938255,234.8141,380.81976,0.95701903
1728,22.095697,441.4729,0.6150712,28.12565,454.2521,0.7976754,32.698547,428.93066,0.72671765,71.68991,440.87393,0.8005216,105.45583,434.0816,0.9787554,95.27017,410.32205,0.7744376,102.37523,455.49042,0.8285706,38.81112,443.2562,0.7716571,128.29472,427.95172,0.807002,163.70232,415.3387,0.83717984,201.0536,403.87366,0.85678726,233.84875,379.38812,0.9539122
1729,21.35976,442.4592,0.6531389,27.135283,453.3293,0.7467865,32.509476,428.97583,0.7245168,71.00771,441.03473,0.7975123,103.79625,435.16177,0.97279084,94.91017,411.2153,0.75088686,101.01238,456.12952,0.8215312,38.094097,442.94733,0.7654318,127.68972,428.76788,0.8241948,162.12224,416.71753,0.8592648,198.90474,404.0693,0.85906726,232.59853,379.20953,0.9193335
1730,20.607368,442.53955,0.60789824,25.64333,452.74918,0.6980406,32.83336,429.99802,0.7299703,70.52065,440.2721,0.81845033,103.03835,436.03964,0.9972757,94.120575,411.9929,0.7534786,99.43225,456.52243,0.79971504,37.162422,442.94568,0.7310903,126.68421,429.797,0.8276433,161.26152,418.5346,0.8782106,196.83357,406.83707,0.8855899,231.6801,381.9767,0.89753765
1731,20.256279,442.36185,0.6036279,25.535004,452.58167,0.70130396,32.31435,429.61646,0.7458722,69.43689,440.17563,0.8483156,101.34636,437.1142,1,93.765884,412.7471,0.7576712,97.322365,456.56604,0.7664924,36.84715,442.699,0.7231996,124.91142,431.36884,0.7701656,160.7799,420.23502,0.8826346,196.41547,409.53073,0.87186426,231.44392,386.1771,0.87795615
1732,20.25538,442.58832,0.61524755,25.916012,453.17212,0.71851176,32.117424,429.8392,0.75327104,68.70741,440.15222,0.861452,99.87966,437.69415,0.9655555,92.790146,413.03195,0.739773,94.65478,455.84335,0.6985336,36.83026,443.06262,0.7410203,122.71259,432.40894,0.7240415,160.07175,421.91525,0.84926945,196.40913,412.21066,0.83063567,231.17336,390.37064,0.8559323
1733,20.481495,442.49323,0.6198752,25.95356,453.6264,0.73447067,32.554325,430.13824,0.7476861,67.944435,441.76987,0.8576131,98.53252,437.63202,0.9712257,93.15672,413.1856,0.7414038,94.07924,458.16827,0.7318465,37.062298,443.23923,0.7479368,121.0841,432.72086,0.7957934,159.06242,424.15353,0.82238394,193.59769,415.11813,0.80312556,229.58797,395.52448,0.8685956
1734,20.183727,441.68253,0.6283958,24.965494,453.54025,0.73546594,32.525826,429.87616,0.75592875,66.850174,442.05856,0.853258,97.48328,437.60254,0.9355535,94.02973,413.9896,0.72006494,92.89054,457.64526,0.7812317,36.500458,443.2967,0.7501651,120.34003,433.98608,0.8382365,158.43364,425.42606,0.87013006,192.99532,416.44635,0.7975767,228.63704,396.67905,0.88939923
1735,19.83709,439.10968,0.6303258,23.893307,451.95013,0.6080561,33.2761,430.07437,0.69910014,66.309425,442.4602,0.8425122,97.10172,438.76947,0.9279267,94.449875,414.93085,0.75631934,91.58329,458.35806,0.7268726,36.03045,442.1551,0.699491,120.00134,435.85037,0.8707735,157.57806,427.85022,0.9146038,192.74123,419.3073,0.86039656,227.8671,399.20663,0.8988862
1736,20.997389,436.7091,0.67948943,24.554302,451.06277,0.6572977,33.51005,425.81192,0.6962643,67.747314,442.56903,0.8301116,97.56692,439.6396,0.9151842,94.37801,416.39932,0.8206723,91.71063,458.55615,0.6600033,37.389812,441.2748,0.7346438,120.16786,437.97855,0.8982942,157.06593,430.88882,0.88264,193.04178,423.22278,0.90557575,229.77797,403.52493,0.93794334
1737,21.995792,432.3946,0.70660335,24.628752,449.55557,0.7597745,35.649887,424.60547,0.75660676,69.75519,442.94516,0.82091224,99.007545,440.5853,0.8943228,96.321,418.18527,0.8946859,93.19143,458.70343,0.6158081,39.26328,440.05988,0.8128855,120.768166,439.81412,0.8661213,158.12784,433.72244,0.89035267,193.54521,426.564,0.85561556,230.69633,407.60153,0.8551575
1738,22.117018,429.39645,0.6795855,25.279709,449.25705,0.7951989,37.051327,424.87976,0.8182689,70.637314,443.28262,0.80203456,100.497215,441.186,0.8954777,98.069275,418.55402,0.9205759,95.046875,459.57602,0.6036608,40.166626,440.19638,0.8964137,123.34313,442.98828,0.93190455,158.71437,435.99304,0.86933917,194.89919,430.3346,0.8626614,231.86928,413.08643,0.86439615
1739,20.973524,427.62015,0.73657125,24.844505,447.9962,0.8481415,36.666225,423.904,0.84529203,70.567,443.98093,0.8071565,102.04873,441.7246,0.9274035,99.39639,419.47733,0.9360613,94.76034,460.3536,0.63253474,39.60985,439.4183,0.93606853,125.348305,443.0738,0.94551545,160.8579,437.01367,0.91023165,197.21431,432.65848,0.86565226,234.03423,416.6571,0.90929925
1740,21.012514,426.09927,0.8106913,25.21371,447.82367,0.8362501,36.812798,423.6602,0.85799426,70.34421,444.59613,0.8255651,102.90154,442.9482,0.95777935,100.10879,419.98108,0.93416613,95.19334,461.16504,0.64339393,39.380417,438.73553,0.9532401,126.32613,443.8838,0.9376508,161.77211,437.07193,0.92400175,199.3361,432.77542,0.8454432,235.78917,416.61905,0.90083086
1741,21.165703,425.52383,0.84261847,25.204218,447.72342,0.83868235,36.929836,423.76724,0.86871535,70.263596,444.8961,0.82740337,102.866264,443.96082,0.9660874,100.70582,420.6876,0.93907875,94.952644,461.79645,0.6500208,39.559017,438.63345,0.9544015,126.40792,445.0172,0.92659855,162.41856,437.63348,0.9092172,200.03932,432.88663,0.82686365,235.65936,416.55704,0.90213144
1742,21.40847,424.63562,0.8745314,25.977915,446.99463,0.8552006,37.006428,423.84103,0.87627596,70.31649,445.23004,0.82392603,102.596756,444.80316,0.95526403,100.64659,421.3658,0.9265454,95.70953,463.2776,0.6554347,39.844,438.11182,0.9299771,126.38996,445.8986,0.90819263,162.78737,438.41147,0.8836223,199.65327,433.21844,0.82910824,235.60367,416.62842,0.9090569
1743,20.722761,424.22046,0.79975134,25.600254,445.91312,0.7540011,35.55339,423.1475,0.8202571,69.41987,444.71085,0.8398774,101.43797,445.1471,0.9589541,99.24593,421.22867,0.930817,94.90031,463.93423,0.67392683,39.023605,437.01416,0.89864755,126.076294,445.68292,0.91353655,162.50813,439.62085,0.85966444,199.96797,434.25082,0.84611946,236.20782,416.81342,0.91061974
1744,20.14823,422.0667,0.8045374,23.75563,445.05728,0.70908576,33.934776,423.43378,0.85208374,67.93821,444.49866,0.86523926,100.75979,444.76987,0.9639651,98.65511,419.86038,0.9566951,94.43011,463.97345,0.6746328,37.93864,436.4643,0.8635067,125.83589,444.9574,0.91574913,162.13147,439.37143,0.86170876,199.56662,434.86707,0.8643087,236.61249,417.3672,0.9126087
1745,19.254686,421.48163,0.7669846,22.933796,444.05872,0.71976495,33.327667,422.33548,0.849347,67.3272,443.72122,0.8789952,100.81063,443.96936,0.985827,97.59036,418.83524,0.97873133,94.53098,463.17343,0.67787004,37.10619,435.49182,0.8506869,125.73419,443.90152,0.9541676,161.8937,438.32364,0.8995953,199.66443,434.9878,0.8636684,236.28267,416.5646,0.89703953
1746,19.339603,420.0462,0.7444819,20.952333,441.08008,0.68723243,33.226776,421.3899,0.78785723,66.11394,442.50754,0.8717354,99.97434,443.03085,0.9954235,95.65773,417.18558,0.9377486,94.26962,462.1104,0.67624146,36.755554,434.57397,0.8406711,124.94926,442.7739,0.97810054,161.03433,437.58932,0.89823073,199.70938,434.56647,0.86097497,234.90596,415.4407,0.8946107
1747,19.91978,418.06897,0.7632211,21.620518,441.0267,0.68847626,33.717365,421.14938,0.7812548,65.46895,441.8267,0.87115026,98.86634,441.5895,0.99515283,94.22274,416.26218,0.9344541,93.99957,461.4861,0.66886526,36.98026,434.35025,0.8676534,124.13821,441.155,0.91672623,158.49959,436.33923,0.8254206,196.627,434.28284,0.91015667,232.9715,414.6047,0.87086713
1748,19.548395,415.23682,0.6969566,20.158283,438.83243,0.69489783,33.118473,419.74182,0.79397416,64.84662,440.78665,0.85359883,98.51998,440.643,0.9544595,92.496895,412.8328,0.87788683,93.31095,461.00452,0.66697603,36.143757,432.90128,0.82651675,124.03024,440.11725,0.8808299,158.97977,435.51337,0.7761913,196.16818,433.32623,0.9217346,233.19984,412.77753,0.88458335
1749,19.984646,413.5926,0.7251253,21.575327,438.31406,0.75455767,34.22923,417.69955,0.8163499,64.62481,439.40244,0.86528045,98.47979,439.69553,0.95151335,92.27037,411.84488,0.8246135,93.19958,460.526,0.6788529,36.477596,431.19058,0.85466397,123.60494,439.1204,0.8555012,158.55534,434.51288,0.80196255,195.9672,431.48856,0.8801809,233.21478,411.86685,0.8958721
1750,20.646626,412.43716,0.7322176,22.012539,436.48056,0.7993038,34.819965,415.81598,0.78810495,64.87409,438.20026,0.88655144,98.28014,438.8895,0.96479964,91.779526,411.3642,0.8328694,94.35256,460.0863,0.70962477,36.82658,429.3728,0.8822706,123.47365,437.20062,0.8493512,158.48354,432.9073,0.7931463,196.70284,429.8077,0.8726501,233.32239,408.8225,0.92010355
1751,23.30771,407.18707,0.84733063,21.87006,432.9858,0.8311865,35.943584,415.69086,0.817758,65.25071,437.3802,0.86861193,99.094215,438.35217,0.9783587,93.32544,411.15433,0.83177143,95.13406,459.70425,0.7124764,37.596622,427.60382,0.8249407,124.22346,436.37738,0.86836135,158.84587,431.4848,0.78461415,197.68675,428.90625,0.85882413,234.31024,408.2194,0.92038155
1752,27.745316,399.29187,0.81493926,22.155418,432.0014,0.9248995,39.085762,414.67184,0.8734054,66.44499,436.34326,0.88413286,100.71663,437.74893,0.9673634,94.571434,410.5257,0.82071847,95.03215,458.32492,0.72508514,39.01395,427.1113,0.7974693,125.348045,435.92883,0.8836226,159.48692,432.03918,0.82161945,199.2255,428.2094,0.83549035,235.81886,408.38852,0.9227437
1753,30.664173,391.22543,0.841469,20.24352,425.48245,0.97167045,39.68042,410.80515,0.7464777,66.61947,435.0812,0.8924087,102.01296,437.39685,0.96350795,96.623764,410.23563,0.88060445,96.08311,457.8803,0.7383931,39.386604,422.20267,0.8915986,126.4289,435.69785,0.9022967,160.52477,431.73965,0.84238786,199.9916,428.01068,0.8115464,237.4317,409.6353,0.8989947
1754,30.845537,386.22314,0.9778882,21.260626,420.53946,1,39.93005,407.64407,0.818838,67.26248,431.79688,0.8826606,102.96954,436.76566,0.9569059,98.075005,409.53427,0.91359055,96.23461,456.57077,0.7201812,40.15732,417.8862,0.86299634,127.09879,435.6288,0.9038846,161.5781,431.78214,0.8869118,200.74097,427.67252,0.7862907,238.42087,410.70255,0.8925415
1755,31.157593,383.50522,0.9511237,20.788708,418.63626,1,40.13694,403.94122,0.785101,66.04205,429.06973,0.8897706,102.43454,436.0511,0.94970256,98.51121,408.72482,0.889074,94.42357,455.76642,0.70053405,39.68624,414.38287,0.799768,126.5574,436.1012,0.89824986,161.64297,432.91653,0.9301273,200.86522,428.65125,0.7785003,238.61705,411.8543,0.8791571
1756,31.254272,381.4951,0.9457487,21.019186,413.68658,1,40.629696,399.53226,0.80354226,66.06421,425.91595,0.883327,102.3459,435.12418,0.90707165,100.15624,407.5755,0.8867777,93.71294,453.83743,0.74737346,39.608475,410.6366,0.7663188,126.024124,436.94855,0.8979636,161.98698,434.6605,0.95287675,200.58986,431.48093,0.81100905,239.58835,415.15854,0.80203056
1757,29.423155,377.60925,0.8281146,20.259693,409.28168,0.9837742,40.204994,396.5213,0.80082774,64.62184,424.05328,0.8885962,100.606705,434.33893,0.8881665,99.06531,407.29315,0.92514676,89.40536,452.72617,0.7664116,38.292164,407.7356,0.8614779,125.32958,438.04544,0.8958368,161.46484,435.6928,0.9350186,201.14207,433.96762,0.9693527,239.52104,419.26083,0.87829316
1758,27.226257,376.35867,0.70744634,18.113756,406.7092,1,37.272747,393.4838,0.731707,63.44146,421.51782,0.9369236,97.79573,433.56223,0.8553826,98.75562,406.44894,0.93971556,84.047104,451.70694,0.83236206,37.141808,404.71127,0.91525894,123.07013,438.8686,0.913587,160.1499,436.47876,0.9150589,199.38184,436.35315,0.93916744,237.52483,422.77167,0.8974
1759,24.771492,377.77686,0.69221234,18.421186,406.05197,1,36.57172,391.338,0.78308135,62.61166,419.08362,0.9505491,95.96733,432.42212,0.7969409,100.01947,406.5418,0.88753265,81.35687,448.63892,0.76135427,37.24146,402.6414,0.90221536,120.51637,440.6387,0.93463,157.95999,437.6367,0.8386937,198.75449,438.0783,0.92180324,236.31705,426.3422,0.89181304
1760,24.41674,377.0937,0.7492893,18.32501,404.37198,0.9949865,36.442,390.34677,0.77585906,61.46524,417.27078,0.9410114,93.92898,431.79022,0.76773876,101.23782,406.88287,0.85834765,76.86328,448.3066,0.7357721,36.950035,401.37598,0.89041805,118.24754,441.52905,0.9062793,157.09091,443.5444,0.8939325,195.43901,442.56448,0.84207255,234.2225,431.1189,0.8825529
1761,24.356714,378.04562,0.78120106,19.378784,406.1209,0.9990595,36.456306,388.90506,0.7880222,62.481426,416.74405,0.8955231,94.15,431.10312,0.7617261,102.672226,407.18948,0.79111636,77.2827,447.3833,0.74667144,37.497627,401.08603,0.84110075,117.45849,441.78027,0.9353474,155.37837,447.36682,0.8220867,196.1339,448.16434,0.8972948,234.22472,436.51718,0.9571824
1762,22.74913,380.86514,0.86416787,19.358316,406.78564,1,36.67359,387.60736,0.7884473,62.351654,415.91034,0.86966044,95.14205,431.12973,0.77799743,104.41626,409.03824,0.73452336,79.07843,447.3848,0.73375094,37.69433,400.7891,0.8430008,118.502205,442.17804,0.92228866,158.13283,449.8791,0.8450897,197.38676,455.56677,0.8598185,232.70056,444.3372,0.89673567
1763,22.629648,382.057,0.9133922,19.84576,407.41617,0.9944109,36.64114,388.23676,0.8052493,63.002506,416.01358,0.8854354,96.219696,431.30328,0.8068253,106.06946,409.48993,0.71468705,79.937614,447.6026,0.7684448,37.945114,401.15015,0.8619276,119.37559,442.49216,0.9240358,158.04616,450.83713,0.8733446,196.14009,457.45108,0.7838812,233.51497,449.18433,0.8538121
1764,22.349277,382.20862,0.87209785,19.394611,407.04138,0.9789174,36.68494,387.81805,0.8078758,63.31362,415.87164,0.8854213,97.239235,431.6396,0.8195781,107.04982,410.36035,0.7184114,80.26001,447.74976,0.7703241,37.695988,400.97354,0.8799092,119.63079,444.12332,0.9740019,159.33414,451.9904,0.8537178,196.87726,457.81512,0.7498072,234.72304,448.65424,0.86456734
1765,22.205221,381.19284,0.8061675,18.594492,406.54364,0.9828753,36.26564,387.66867,0.79627466,64.61109,415.92294,0.89339304,97.824234,431.77826,0.8289147,107.62769,410.7221,0.73396343,80.65365,447.93292,0.78177166,37.42435,401.03955,0.8838576,120.1205,444.09238,0.9849905,159.78763,451.9791,0.8591422,197.38963,457.63635,0.7613689,234.8455,448.71942,0.8687234
1766,22.137638,379.0663,0.6521405,17.682903,404.87482,0.9244589,35.44918,387.58725,0.7479085,62.679752,415.87384,0.87805456,97.505135,431.9442,0.83805066,107.30567,410.97107,0.72070265,80.02398,446.47598,0.7758231,36.477108,400.6975,0.85640484,119.862045,443.97833,0.97335094,159.526,451.37646,0.8709653,197.4474,456.8756,0.79129046,234.32187,447.3093,0.86888856
1767,20.131088,378.53845,0.6163461,16.732702,402.29956,0.8244614,32.254967,389.11353,0.7251316,62.218197,415.66873,0.85550714,96.07005,431.94,0.81671435,106.641884,411.38687,0.71030813,79.51751,448.13443,0.73823225,35.543423,399.80142,0.8007121,119.58303,443.222,0.91544694,158.21268,450.85202,0.8826814,197.0283,455.8863,0.850454,232.76947,445.25104,0.8871579
1768,19.669878,376.14456,0.68391216,15.606423,401.6902,0.7497452,30.824917,388.92688,0.71291083,59.86707,414.75674,0.8751941,93.522606,431.61057,0.7796359,104.08954,409.36755,0.7628812,76.1376,446.4472,0.77901196,34.40182,399.69308,0.7764925,117.19304,442.23618,0.954315,157.01482,450.97757,0.8643541,197.06317,454.639,0.872912,232.07027,442.7197,0.84923244
1769,19.667528,374.57043,0.71353996,14.924856,400.07983,0.7060296,30.757431,388.08292,0.72563237,58.03831,413.1513,0.8605861,92.35345,428.9011,0.7781551,100.786736,405.74548,0.86879337,73.398155,445.01862,0.78027046,33.588184,398.41925,0.72619677,115.1626,439.47815,0.91744393,156.11456,449.04123,0.8136315,196.35489,453.05975,0.9071824,232.03792,440.83887,0.80966675
1770,19.773222,374.74207,0.69536304,15.423641,399.5434,0.6719104,31.09054,387.68658,0.72964466,57.75565,412.25534,0.8527849,91.460106,426.45593,0.81660265,97.89284,402.97546,0.8716281,74.39895,444.14835,0.8165936,33.66135,397.0878,0.7191833,114.31071,436.57526,0.92237294,153.00606,444.5787,0.85600895,192.11801,448.7582,0.8087153,231.52307,438.7784,0.85536265
1771,20.059607,379.97064,0.61319596,16.550335,401.03607,0.8274125,33.87068,386.07632,0.7957358,58.634235,411.63736,0.88860387,90.56494,424.62802,0.8600224,97.18885,400.11215,0.8385086,75.91329,443.28506,0.8182233,34.841488,396.8178,0.7529935,114.99874,433.07312,0.9180632,152.82455,440.50943,0.8096208,192.67068,443.8223,0.8478395,232.99702,435.0916,0.90659326
1772,19.139336,387.4985,0.91144425,20.564508,407.88968,0.8917384,34.63524,384.76465,0.75324947,61.867683,411.48306,0.9361365,91.34685,422.84326,0.9278758,96.300995,396.51422,0.74748015,77.5572,442.23572,0.7679505,36.031277,399.51065,0.83309305,115.63377,431.082,0.91748637,153.95215,436.53268,0.86057395,193.5086,440.57797,0.8209687,231.44572,431.06155,0.8918016
1773,17.257717,394.07654,0.78833705,22.890099,411.3377,0.8443556,33.515083,387.50522,0.80773073,64.56509,412.0829,0.90296924,93.09714,420.8783,0.9801582,96.412315,393.60208,0.6933525,79.5267,441.2881,0.7820849,37.178707,402.23117,0.87060153,117.48363,429.08865,0.9729243,157.09012,433.79108,0.9060665,196.71347,437.017,0.9554854,232.98254,424.85556,0.88524276
1774,18.446648,396.67758,0.63426393,24.123583,414.65234,0.8658859,33.215416,389.52393,0.8179207,65.15472,411.97064,0.9287379,96.21977,419.41397,0.94055337,96.323975,392.31024,0.6986012,82.779106,441.38416,0.8223215,38.19921,404.3446,0.8876741,120.33851,427.71207,0.94630784,159.05965,431.1295,0.8636795,199.39706,432.99918,0.9157778,236.11328,419.1331,0.9258692
1775,19.11452,399.6594,0.70722246,25.834076,417.33765,0.9595905,33.683834,391.56335,0.8208341,67.57143,412.35397,0.9222094,97.796425,419.21753,0.9033805,98.12919,391.25034,0.7557747,86.092865,441.4542,0.830224,38.737156,406.73776,0.86336815,122.967545,426.10648,0.9797665,160.34694,427.85004,0.7956078,200.32579,431.32108,0.80643797,238.15877,416.97067,0.81096125
1776,20.00523,406.85098,0.7708077,28.64149,420.61194,0.98566383,32.98817,393.36636,0.7376887,69.26047,412.57892,0.8869558,99.90729,418.62527,0.91796565,99.49933,390.83243,0.7800996,89.19173,440.932,0.8005023,38.719177,407.69644,0.7411682,124.74922,425.0411,0.9497175,161.5822,427.97742,0.8150249,200.1234,431.7455,0.8102899,240.29994,417.23645,0.82341737
1777,21.21428,410.14835,0.772497,32.168762,425.58417,1,33.05029,398.55646,0.793438,70.09054,413.0718,0.8403816,101.61001,418.3204,0.9122541,98.85895,391.19287,0.7955185,90.340065,440.59784,0.8332293,39.66219,411.16254,0.810613,126.12332,424.5748,0.9087237,162.98853,428.0319,0.8245439,201.054,431.54312,0.79127747,241.55412,417.29614,0.8483006
1778,21.702873,414.82928,0.75693834,31.98534,428.69406,0.9593454,29.793882,401.84097,0.83325106,69.69259,413.75403,0.84406376,103.031746,418.48502,0.89563286,101.27233,391.2023,0.79685277,91.83271,440.4758,0.870391,38.87175,414.2081,0.8463969,127.269485,424.81424,0.88985807,164.44833,428.13983,0.85211974,203.21408,430.544,0.72838044,242.41408,416.08945,0.8312718
1779,21.724617,418.75043,0.78077745,30.660103,431.45132,0.8677945,31.294292,403.67163,0.7794241,69.08267,415.24973,0.8263034,103.04202,418.89362,0.9002859,100.668724,392.43375,0.78788453,91.6304,440.44998,0.869113,38.424866,417.69824,0.8378313,127.32631,425.51108,0.90229565,164.79523,428.14902,0.8586957,203.4513,429.11386,0.7235536,242.8026,414.06845,0.84344304
1780,21.836557,423.99884,0.7169311,31.953379,434.1867,0.8574916,29.400307,408.22232,0.7309379,69.27303,416.09695,0.8913847,102.82894,419.122,0.91351897,99.992905,392.90366,0.80418605,92.17924,440.7282,0.9003069,37.48635,420.251,0.82343215,127.00011,425.03525,0.8899421,164.77594,427.93756,0.860215,204.42334,428.62015,0.73489726,242.24573,412.84842,0.86463344
1781,20.719986,425.95187,0.7235894,32.36826,439.09976,0.93964714,26.946167,412.67932,0.77587855,68.01812,417.7551,0.9478355,100.69535,419.17764,0.9533397,97.173996,392.90793,0.79415435,91.33248,441.9138,0.960575,37.046684,423.89218,0.79356813,124.70529,422.941,0.8636012,163.52144,424.65768,0.86584085,203.32811,427.40375,0.7923507,241.06674,410.93356,0.8693837
1782,20.923292,428.07193,0.7042642,32.210503,441.10773,0.9793157,27.370752,414.85623,0.79765236,67.27478,418.86993,0.9432844,99.24735,419.16003,0.9574862,95.53627,393.89377,0.7849898,90.469215,442.48273,1,36.21837,425.02298,0.8340366,123.27644,421.68585,0.89143044,160.88313,421.5931,0.8814934,202.88072,424.26266,0.8915439,239.4472,408.3183,0.87871075
1783,20.183846,429.61,0.60738,30.614521,441.90866,0.95104414,26.302141,415.65396,0.76512617,65.44222,419.96475,0.9595972,97.52358,419.14142,0.9485876,93.542786,393.4091,0.7973127,88.7026,442.5328,1,35.17496,426.11856,0.7471912,121.257576,420.14847,0.8971479,158.5926,419.84546,0.8203027,200.80821,421.4439,0.944277,237.13934,404.2619,0.9420805
1784,20.1293,430.5133,0.6257705,31.136787,443.40335,0.98346555,27.183311,416.60852,0.7729398,65.22476,420.93726,0.9509277,96.62306,418.92142,0.90062517,92.20156,393.7139,0.83014405,87.911674,442.52734,0.9163862,35.396782,427.15,0.7755464,120.20896,419.49362,0.90029126,158.72075,417.3872,0.88124543,198.36183,415.7982,0.84793234,235.40176,397.45746,0.8854752
1785,19.547245,430.3861,0.601459,30.675848,443.2316,0.9401625,27.423069,417.18027,0.73863375,64.59029,421.97647,0.92289686,96.05245,418.89163,0.87924975,91.434685,394.62344,0.84606624,87.45633,442.9645,0.87016594,34.86886,427.4387,0.75521374,119.58132,420.1361,0.89948833,157.52913,416.1442,0.89606243,196.87218,411.91275,0.83492476,232.97014,390.98697,0.86246455
1786,19.989607,430.16623,0.6171073,31.108143,443.2315,0.9591748,28.878641,417.16013,0.7550167,65.58562,422.8925,0.9054773,96.17313,420.17694,0.89433336,92.30179,396.46594,0.83009225,87.120964,443.90662,0.86335385,35.915462,427.7606,0.78543895,119.13208,421.81122,0.89836097,156.35916,416.5405,0.9246427,193.62634,410.08118,0.8455355,231.41956,389.7782,0.86156356
1787,20.452835,429.9159,0.5935667,31.832392,443.36288,0.9652693,30.149342,417.5309,0.7687586,67.11253,423.66217,0.891179,96.26286,422.54727,0.8920246,93.35857,398.0245,0.85983676,87.64138,445.15442,0.7972393,36.75259,428.45697,0.77797675,119.96527,423.94595,0.8925744,156.83557,418.2346,0.9106981,192.66066,411.90665,0.82298714,231.01164,390.0048,0.8516827
1788,21.147902,427.59875,0.7108253,32.613407,443.13153,1,33.7165,416.37997,0.7667973,68.92299,425.46997,0.83620137,98.10869,424.3233,0.89591485,96.12099,400.00845,0.9091194,89.16258,445.9981,0.7528776,39.083847,428.3278,0.77449626,122.335846,427.17426,0.95028275,158.50896,421.31134,0.8046308,195.09628,414.67926,0.8399668,231.57578,392.2877,0.854738
1789,21.382103,426.65637,0.7284759,32.54123,442.90167,1,34.666584,416.12595,0.74831194,70.38052,426.3,0.8171158,100.23435,425.49878,0.9215674,99.04196,401.64673,0.95236987,91.28703,448.08505,0.7407157,39.680866,428.28644,0.7730279,124.01999,428.5264,0.9635317,161.10083,425.16638,0.82460874,199.09666,418.9821,0.88993883,234.62093,398.64075,0.8861082
1790,21.973185,424.7225,0.7393603,32.528973,442.50888,0.99387085,34.764824,414.8115,0.76636785,71.98698,427.16064,0.8523291,102.0412,425.97122,0.9539531,101.10634,402.378,0.93559676,92.22425,447.4045,0.736493,40.743595,428.11017,0.77107066,125.840126,429.1335,0.8954056,161.63356,427.55762,0.8538544,200.49336,423.13312,0.96436983,237.36072,404.8788,0.9250709
1791,21.736578,424.52505,0.75591636,32.198715,442.97897,0.95190996,37.90179,416.7022,0.7852878,74.93243,428.23557,0.8915881,104.3148,426.28372,0.9286081,103.46251,402.44977,0.9278811,95.3276,448.01627,0.75115716,43.16969,430.7144,0.7828957,128.12328,429.53494,0.8499216,163.6731,428.3969,0.90089744,203.72295,424.54822,0.9490972,241.27731,406.94418,0.87863964
1792,22.516903,426.08694,0.7297042,31.718172,442.6527,0.9284435,38.91754,416.50165,0.79607224,76.54777,429.97736,0.8908712,106.07684,427.09332,0.8593171,105.24546,402.87732,0.8902777,96.91886,449.9811,0.82384723,44.21285,431.44952,0.7756119,128.81104,429.32608,0.88428897,165.37094,428.17682,0.9042118,204.75266,424.23447,0.9403338,242.58423,406.23822,0.9217773
1793,20.960203,426.42798,0.70979875,31.261824,442.67163,0.9490754,38.67002,416.556,0.82886904,77.118706,431.4447,0.8667257,106.27045,428.59793,0.85626507,104.97848,404.6489,0.83058053,98.136955,451.78357,0.87695026,44.200417,431.146,0.7855344,130.4529,430.12894,0.9173271,166.99062,428.088,0.88122314,206.12296,424.05432,0.92180187,243.51843,405.77618,0.92446065
1794,18.659012,426.05502,0.66289973,29.924295,443.32907,0.9303429,37.37699,416.9731,0.8511782,76.41234,432.3059,0.90121466,107.0666,430.23813,0.8758797,105.34405,406.5322,0.7975524,98.69738,453.71957,0.8864954,43.279873,431.7641,0.782984,130.88933,431.22412,0.9314126,167.42004,428.58112,0.88370913,206.7998,424.18646,0.8866941,244.25099,406.4467,0.9004227
1795,18.561075,426.8731,0.6421823,28.726091,444.7345,0.91282475,36.41324,417.73206,0.87277013,75.04907,433.62665,0.89463216,106.34654,432.14087,0.92333126,105.498505,407.22812,0.78728956,98.512146,455.20322,0.83507526,42.27435,432.64087,0.7763026,131.22092,432.07364,0.9546447,166.69339,429.036,0.8923269,206.45459,424.4,0.8742729,243.99188,406.30502,0.9008599
1796,18.505875,426.64206,0.6232977,28.197165,444.84235,0.9093806,36.09871,417.35083,0.85697776,73.78788,433.74228,0.8793924,105.31053,433.6073,0.9164019,103.77865,407.2603,0.80523866,97.19853,455.66754,0.7807626,41.848167,432.55923,0.7548678,130.08507,433.0358,0.959578,165.09584,429.49664,0.87491983,204.80132,425.11642,0.877037,242.74744,407.03027,0.9001998
1797,18.627,426.7698,0.6376173,29.09458,444.76324,0.913584,36.672474,417.95203,0.8611655,73.5595,433.42535,0.89048266,105.29973,433.5165,0.889563,100.21892,406.6098,0.8313073,96.28361,455.32846,0.7689874,42.60806,432.89084,0.7768166,129.04453,433.72952,0.9017922,164.3152,430.22208,0.8583102,203.81302,426.13327,0.8488019,241.48029,407.52203,0.8569454
1798,18.121777,426.23587,0.67936283,30.161621,443.89896,0.92623,37.277004,417.76968,0.86082596,74.392105,433.00894,0.8958522,104.65924,432.87024,0.88768387,99.65756,405.72498,0.82069963,97.0426,454.88257,0.8108836,43.27328,432.33215,0.77523816,129.65332,433.23758,0.9136437,164.87756,429.3011,0.8595425,205.01723,426.4239,0.8145849,242.38618,407.96512,0.8677906
1799,19.428726,425.99173,0.7023594,30.924623,443.075,0.9320934,39.031864,417.3764,0.8430638,76.58408,432.86197,0.8949708,106.72262,431.50934,0.8700799,101.77423,405.16714,0.8415648,99.69387,454.06522,0.8753686,44.66273,432.10748,0.76422745,131.89384,431.7538,0.908053,167.42026,427.6048,0.8286173,207.14598,424.97266,0.8463913,244.54193,407.09186,0.87746024
1800,20.344625,425.9818,0.69796735,30.98306,442.50415,0.89715356,41.12558,418.92142,0.791279,78.87307,432.1271,0.86139655,109.42829,430.61932,0.87931365,104.77096,404.42953,0.8066113,102.71054,453.30438,0.91921294,45.89495,432.01407,0.7303128,134.31567,430.53555,0.88763076,171.9279,426.21463,0.8406707,209.67953,422.51794,0.9248557,246.68411,402.69968,0.88159543
1801,22.85398,424.35638,0.75939107,31.345442,440.43198,0.82274264,43.992466,418.07455,0.8335676,79.63906,431.4004,0.85745233,110.79409,430.1764,0.8618399,104.67159,403.2965,0.8394711,105.19271,452.8215,0.90114,49.075153,431.71158,0.7518988,136.2385,429.62448,0.86676353,173.87944,424.44003,0.79512835,210.3612,419.64813,0.8996362,247.01212,397.96466,0.8842305
1802,24.871,424.42383,0.6991081,36.36092,441.39658,0.69609815,46.51145,418.43732,0.8150179,81.90763,430.81125,0.89677846,113.240974,429.35297,0.96040267,108.38965,402.45547,0.8979577,105.98356,452.21735,0.907802,51.65806,431.765,0.74759364,138.94254,428.97757,0.937728,176.88861,424.54495,0.75050896,213.66974,419.20047,0.89748764,249.08643,397.26263,0.8709812
1803,25.939915,422.94757,0.88485354,43.526752,443.94403,0.8113463,48.15258,417.43594,0.86745757,85.47307,430.58356,0.89143044,116.02084,429.24716,0.98906165,111.67131,402.9171,0.8870842,109.566284,451.7356,0.9258156,53.903355,431.59177,0.7951297,140.894,428.62213,0.95057005,177.82896,423.59012,0.82195413,216.3012,419.37997,0.8514783,251.9083,397.88196,0.91689306
1804,26.826899,422.51572,0.95866096,45.724133,443.2445,0.84122056,50.211628,416.83606,0.87036556,87.85919,430.09003,0.90528643,118.48311,429.02554,0.9781507,112.58342,403.36288,0.88486356,111.3279,451.42145,0.8927723,56.051502,430.6086,0.7831183,142.87608,428.5453,0.92510355,179.78821,423.33292,0.83258545,218.65677,418.2769,0.84716845,254.47707,395.942,0.86982214
1805,27.345385,421.0735,0.98776186,47.36689,442.66187,0.84359133,52.066895,416.50943,0.86256784,90.00317,430.70905,0.92730147,120.77604,429.1749,0.92394173,114.88977,403.57623,0.92136735,112.37269,452.4364,0.8816898,57.226177,429.89926,0.7881992,145.16173,428.82672,0.87548125,181.83035,423.12695,0.8258407,219.80528,417.71475,0.82503575,254.9885,395.44357,0.8614472
1806,28.524775,420.7387,0.9896884,49.0927,442.29736,0.86786443,53.900993,417.08658,0.8539153,91.78055,431.1908,0.924443,121.69517,429.6731,0.87393665,117.64903,403.43045,0.9262619,114.19579,452.8532,0.91193783,59.06383,430.2861,0.77862316,146.6314,429.14917,0.896058,184.10393,423.13748,0.79255027,222.49364,417.48752,0.8059084,257.76224,395.5726,0.88394904
1807,29.082993,420.84454,0.99514556,49.87398,442.62476,0.88295615,54.541775,417.37033,0.85257083,93.28402,431.92664,0.90363795,123.67138,429.995,0.88477695,120.0465,403.49225,0.8866015,116.29187,453.2947,0.92753303,59.951355,430.67706,0.7691479,148.65019,429.32336,0.9126185,186.5502,423.92627,0.7852031,223.76926,418.64975,0.83528703,259.6425,396.314,0.93430847
1808,30.750927,421.07858,0.97565687,52.006756,442.41168,0.85464936,55.817303,417.26035,0.7935335,95.185585,432.02994,0.8677447,125.6681,429.95856,0.86378866,119.068344,402.70886,0.89797926,118.20831,453.60153,0.90955484,61.464214,430.52628,0.7397653,150.84636,429.24698,0.91490847,188.877,424.203,0.79155266,226.092,418.7723,0.89642805,261.86923,395.44394,0.91202736
1809,34.67949,418.86786,0.98519945,55.340645,442.4421,0.8049077,57.98363,416.62054,0.72227734,95.87574,431.13058,0.85555166,127.107086,430.1572,0.88419664,122.09809,403.0638,0.9259303,120.61923,453.87997,0.8719662,65.38826,430.52545,0.7791663,153.10619,429.63992,0.89119494,191.22488,424.75208,0.807567,228.07808,419.06,0.9071095,263.80005,395.9066,0.8451967
1810,38.055603,415.29562,0.9493242,57.558697,441.49902,0.9024731,63.38751,415.7442,0.7647231,99.482056,431.0698,0.9009478,129.40749,430.41318,0.9358172,125.26065,403.09003,0.9124474,122.1972,454.43814,0.8253775,68.736534,429.76917,0.81976414,155.28894,429.72134,0.9438524,193.58733,424.9649,0.77044296,231.08067,419.1864,0.873327,265.85168,396.0583,0.90021026
1811,42.842663,410.50687,0.8141234,57.168636,437.99216,0.89444256,66.92796,412.82956,0.79299146,102.07656,431.30807,0.89600456,132.62595,430.64584,0.9474661,127.26688,403.6646,0.8597516,125.488205,454.4598,0.8212513,71.64787,427.49478,0.7649967,157.82755,429.9112,0.9456969,194.78143,424.70795,0.7997404,233.23637,419.43985,0.8565895,268.40326,396.39874,0.9108816
1812,50.178333,403.99493,1,56.685635,434.80643,0.8922006,70.82939,410.50873,0.91051537,103.03714,431.68747,0.91556245,135.30861,431.8357,0.8950772,130.68875,405.00546,0.8712707,126.74462,455.20532,0.7636777,72.25022,424.43683,0.7002887,159.97299,431.02933,0.91960895,197.14275,425.0052,0.81955415,235.75816,418.52237,0.84565127,270.7761,396.271,0.8668701
1813,58.626114,396.39005,0.7253512,58.422417,431.76974,0.97095877,76.82447,408.13815,0.8254731,105.4102,431.74506,0.9369097,136.47406,431.8416,0.84886575,134.0476,405.59256,0.8635542,128.99263,455.4654,0.7800293,76.24489,422.38873,0.7323332,161.8965,431.9399,0.88761336,199.51024,425.766,0.8226933,238.64085,418.24417,0.82581085,273.26666,396.23038,0.8690361
1814,66.21999,389.29248,0.7925488,60.839706,424.06372,0.8635511,82.54061,404.5904,0.83795696,108.78161,431.13837,0.9263938,139.06314,432.38983,0.89692956,134.99258,406.28912,0.7976977,130.90347,455.76385,0.760236,80.47849,419.6008,0.79150367,164.33287,432.273,0.9320796,202.08362,426.6879,0.8270186,240.51997,419.84833,0.8771513,275.64447,396.5138,0.9282877
1815,74.69106,383.89557,0.8138913,64.760765,420.44543,1,87.68895,405.46066,0.81080455,110.515335,429.32013,0.8284922,142.03394,432.7707,0.908536,139.00903,406.74298,0.85527974,133.06537,455.89447,0.70399344,84.11054,417.19775,0.82401156,167.46948,432.53976,0.8953077,204.0899,428.08078,0.8679512,242.77332,421.04276,0.9317649,278.87378,397.2258,0.89082354
1816,80.23585,378.68933,0.71205676,69.36299,416.583,0.87127393,94.39785,399.45404,0.7836396,114.217865,427.55466,0.89657557,143.99701,433.61002,0.8826098,143.71835,407.03534,0.7565438,136.38937,455.66537,0.62283313,88.77754,411.5896,0.6653265,169.38196,433.24588,0.8618321,206.71202,428.1016,0.873676,245.21216,422.1326,0.9322806,281.08838,397.92545,0.8668721
1817,85.75441,374.9059,0.7062632,73.5576,410.67105,0.86086744,97.98901,396.52536,0.9051923,116.43783,425.1911,0.85203284,144.6936,434.06104,0.8656577,145.19513,409.13727,0.7086484,136.2215,455.38794,0.56730485,91.983025,407.5494,0.77907777,171.44792,433.3154,0.8841143,208.43985,427.78122,0.85555595,247.69049,422.0905,0.9013016,283.46436,398.302,0.90792036
1818,87.863335,370.41565,0.73848623,78.31912,405.1392,0.81730705,101.52747,394.25735,0.8284418,118.053375,424.9105,0.8045807,146.62186,433.55304,0.8632298,147.76492,409.54016,0.66104823,123.2595,453.12347,0.5728152,95.4752,404.4888,0.7791631,173.8574,433.5919,0.875801,210.28236,428.8269,0.8562438,249.43465,421.94055,0.92193985,286.24945,397.88052,0.8749512
1819,93.54215,365.9734,0.7628341,80.23818,402.76318,0.9311252,105.00831,389.97125,0.7806465,119.53048,422.5663,0.84067297,148.23062,433.00464,0.8724517,150.89545,409.63187,0.6528753,129.78563,452.46112,0.5782259,98.55379,401.57956,0.7775182,175.9421,433.59503,0.88051504,211.8353,429.8449,0.876093,250.71306,422.57922,0.92553824,287.76324,398.6104,0.85641646
1820,96.43638,361.3904,0.7853784,84.02245,398.65695,0.83946043,109.6473,388.49594,0.75489193,121.653496,419.12988,0.90154785,148.5827,431.3636,0.87560505,151.80199,409.54547,0.68020445,130.38919,450.20782,0.6239502,101.06485,398.75858,0.7052151,176.54425,433.50748,0.8644519,212.36809,430.34872,0.87538785,252.00406,423.33902,0.9245034,289.18103,400.75366,0.86632276
1821,100.91407,356.7947,0.8329029,86.90887,391.02295,0.8198385,112.55672,382.2002,0.8879606,122.37092,415.1753,0.8511979,149.64032,430.40396,0.85972625,153.17082,407.64865,0.6377119,130.33444,448.03683,0.6263661,104.263,391.5347,0.7737424,177.37424,432.9707,0.8755574,213.45497,430.01984,0.8805866,253.61676,423.87317,0.92147887,290.9211,402.1448,0.9071872
1822,104.944374,351.23532,0.7710321,89.463036,385.2916,0.90337175,114.480286,378.14606,0.8854398,123.30268,412.06253,0.8759413,150.17117,428.97055,0.84707767,155.43867,406.69977,0.66052455,128.84444,444.39673,0.6482579,106.48546,386.27463,0.8201735,177.67949,432.65045,0.8635594,213.9622,430.1356,0.8812348,254.4488,424.45795,0.9096957,291.85394,403.48846,0.9224589
1823,108.945114,345.23837,0.63643974,92.5981,377.78323,0.75801253,116.27814,373.6881,0.9154038,125.27633,407.71347,0.83893234,150.64648,427.40332,0.81423503,157.34085,405.18652,0.67785627,133.89558,443.6415,0.6572165,107.8317,380.6016,0.83764195,178.0307,432.64322,0.88035005,214.56586,430.5951,0.8709994,254.90932,424.92996,0.8770841,292.3565,405.33066,0.9216273
1824,108.33955,338.8511,0.7546276,93.81947,370.75726,0.9460514,117.37505,365.51443,0.91826403,126.46857,403.2291,0.8606127,150.98361,425.84464,0.7955139,159.62282,404.4312,0.7214679,129.13675,439.32346,0.662629,109.856964,374.042,0.8756841,177.46835,433.03928,0.8738783,215.84822,432.23413,0.91752356,254.34868,426.158,0.83192104,291.94037,407.26205,0.8918029
1825,111.21808,333.521,0.7951257,94.61379,366.1416,0.8235783,118.24015,360.24103,0.98198754,125.82699,399.07053,0.83497727,150.31076,424.06448,0.82166076,160.21068,403.28308,0.8498122,129.27298,435.54758,0.80074424,109.95956,367.2105,0.8872623,175.82175,434.11282,0.835268,214.76854,434.41772,0.92705023,253.57251,429.9188,0.78171986,290.8682,410.55374,0.9142807
1826,111.569145,326.43585,0.81392694,95.62351,357.28867,0.8685283,118.71283,352.62732,0.9316232,127.61077,392.7755,0.86614025,149.45186,421.02942,0.8624255,160.68605,400.1536,0.8859195,127.57787,431.20883,0.7406882,110.995804,360.61624,0.89991415,173.7284,434.9079,0.8862234,212.75645,437.77597,0.8796442,253.48775,432.6437,0.8592182,290.09488,415.26685,0.8354207
1827,111.147995,319.07202,0.86578536,95.58066,351.9124,0.8996931,118.37737,346.27298,0.9367847,126.13554,387.17923,0.8386041,145.99557,416.17896,0.8385461,160.13919,394.39145,0.91321,123.32646,423.73117,0.6784417,110.878624,353.77692,0.8415135,169.17175,435.06458,0.9034343,207.83693,442.0585,0.81765264,249.62956,437.09064,0.9479583,286.84232,422.02542,0.8919319
1828,110.86008,311.5612,0.757465,94.60098,344.57422,0.8900961,117.162926,338.83655,0.9016277,124.88257,382.50165,0.8756468,143.6092,410.90237,0.78465307,159.91849,390.4076,0.8581304,121.93236,419.57355,0.689734,110.04804,347.34775,0.83731556,162.856,433.17014,0.91078466,202.99777,447.75934,0.8134179,244.60768,442.59055,0.7984938,281.85754,430.0114,0.83513725
1829,111.17974,307.87253,0.9014447,92.96746,338.99292,1,117.3475,331.39697,0.9976379,123.063866,374.48145,0.85414743,142.1644,405.4644,0.78562,158.51268,384.43274,0.9194952,119.14889,414.43082,0.5834929,109.84879,339.6349,0.9406669,159.78557,429.34845,0.8088526,198.46283,447.70145,0.7947995,240.07115,446.78302,0.8600605,278.77686,435.90634,0.8729538
1830,112.69084,302.78525,0.9312084,93.6141,334.42313,0.90056515,116.54572,328.56207,1,121.80525,369.80975,0.9170749,141.07382,400.9268,0.7351093,157.48668,381.58203,0.9089896,118.92521,409.50644,0.5770657,109.21711,335.29126,0.904738,156.55437,425.01508,0.8392881,192.24591,447.42316,0.7152565,235.09956,453.90262,0.8657255,275.04233,443.15616,0.9136667
1831,112.26872,296.0928,0.8331634,92.65184,327.60553,0.9524876,116.23966,324.04944,0.93726546,120.61005,365.4338,0.8485343,139.69958,395.6117,0.691828,155.59259,376.42596,0.8696154,117.58025,405.0438,0.59406966,107.98402,330.73886,0.8756666,154.8544,420.9901,0.87786025,190.39441,444.90555,0.7267168,233.13031,455.2443,0.8009779,273.57346,450.5447,0.8916229
1832,111.28075,290.4126,0.90794396,92.03012,322.97928,0.98412603,115.85194,315.93457,0.97631735,120.01801,357.72702,0.8509088,138.4931,389.14774,0.80119365,155.44965,370.5018,0.8835698,112.85427,395.15845,0.6110279,108.15781,323.98563,0.93446434,152.72282,414.46368,0.8533111,184.99397,441.28613,0.7348154,227.71567,454.94247,0.81892586,270.00983,452.03418,0.89620686
1833,112.67592,284.48032,0.84493846,92.25189,317.63318,0.8316931,115.15782,312.17627,0.99614185,118.70623,352.14908,0.8946702,136.47066,382.2157,0.70637864,154.84113,361.3567,0.96798897,110.241844,389.25262,0.6136323,107.52763,318.1809,0.86410457,149.40761,409.11862,0.9330861,182.7251,434.89542,0.781328,222.79903,452.23666,0.7636729,267.6591,448.24585,0.9109446
1834,115.534615,279.373,0.8859869,91.93016,308.571,0.9958193,115.70039,303.95816,0.97656935,118.61801,343.36035,0.8725969,136.6233,373.28125,0.828214,154.75883,352.29877,0.9943144,110.39815,382.2934,0.57586,107.42572,311.00052,0.9324771,146.86722,402.60352,0.9324218,180.0107,431.05978,0.75167257,219.9503,444.56653,0.90251833,264.25537,443.44254,0.84739876
1835,118.7968,274.30505,0.9608083,93.566956,302.84607,0.8587899,118.39857,298.07324,0.9615132,119.20822,337.49887,0.8992162,136.03442,368.3455,0.754202,155.07233,347.0304,0.9958174,110.76053,374.28036,0.6027394,108.11,304.8575,0.91164225,147.94499,395.21982,0.9279948,179.85582,425.42252,0.6959459,217.67368,440.5997,0.8296378,262.66275,440.48016,0.7943994
1836,127.379745,268.77405,0.9992901,94.84184,295.40875,0.8168647,121.13769,295.39545,0.90930516,119.16716,333.93036,0.9480428,137.73383,360.3674,0.744697,154.94968,339.58038,0.9215589,111.805115,370.48825,0.67217594,108.60423,300.03827,0.82919794,150.25029,389.6402,0.9635579,180.90617,418.6581,0.83032036,219.20917,437.69583,0.8669545,264.63748,438.7888,0.85404223
1837,135.9241,268.01102,0.8349609,99.50334,287.63367,0.7873907,124.6967,291.81393,0.8761246,118.49493,325.6961,0.8787891,136.62865,354.94006,0.8349269,155.5732,334.22266,0.90801835,111.54099,365.64005,0.57601655,113.37857,295.2056,0.8997303,152.92044,383.32117,0.9104271,185.48315,413.0197,0.7117526,225.46982,428.8889,0.9221957,266.94662,432.56628,0.9524702
1838,139.35046,262.8641,0.8067262,104.116135,281.5761,0.71978605,130.23958,288.15823,0.9268347,121.01044,320.2161,0.83741474,137.32896,350.17328,0.79445714,159.1782,328.2637,0.91677505,108.81082,354.8302,0.54662246,118.36942,289.8757,0.8783118,153.902,378.5112,0.89591324,187.84813,406.94315,0.7740165,229.75215,421.80258,1,272.37433,420.10944,0.9308227
1839,144.2632,260.0786,0.9836299,108.08538,277.2669,0.821299,134.94609,284.2152,0.91243476,124.12089,314.46756,0.9491411,139.26573,345.78912,0.7961419,159.98167,324.65424,0.8173203,110.89827,352.03812,0.61356676,121.69221,284.57773,0.7915594,154.96019,374.56445,0.8351355,188.95609,400.5679,0.70624715,232.55331,412.40878,0.85221106,275.05783,408.8997,0.9132364
1840,148.77205,254.4103,0.9816518,113.486565,270.14984,0.72108054,138.54918,279.45868,0.8907816,126.99372,307.06934,0.876246,140.9342,340.26694,0.82644063,161.87079,318.2622,0.77166694,114.161354,350.18912,0.5741739,126.03572,279.9347,0.8380631,156.58804,370.82895,0.8966897,190.75653,396.66504,0.70376325,232.33334,407.1931,0.8714512,277.3938,402.93643,0.9406888
1841,154.6315,248.66106,0.898525,118.54444,264.47412,0.7104102,144.08493,274.702,0.90416783,129.66792,302.71878,0.85894024,142.63805,336.40128,0.7213716,165.75095,314.00043,0.7185851,113.52556,337.12308,0.52962136,131.70448,274.38995,0.916156,158.13286,366.0589,0.86083835,193.89745,391.86133,0.73264784,233.36255,404.26456,0.8680228,280.31845,399.77295,0.8924583
1842,158.13087,242.3902,0.92562413,123.22459,257.55957,0.8074412,148.58255,266.83426,0.8465696,135.31096,296.4371,0.88685536,144.74174,330.17648,0.7438217,168.92593,312.24515,0.6717662,117.30275,334.5051,0.5090995,136.97884,267.30167,0.79093707,159.6246,361.7364,0.8640962,194.15552,388.35162,0.80498874,234.5447,402.57425,0.80258673,280.99686,400.4277,0.8927219
1843,163.67062,235.85698,0.8837737,125.436325,253.61754,0.7844025,152.69514,260.2547,0.8173456,139.42807,290.61917,0.86435527,149.92387,324.2285,0.83275133,173.75319,307.38577,0.7850566,120.42632,331.6318,0.50804424,139.76472,261.09393,0.93897843,160.18991,357.33167,0.8702443,193.09299,386.16565,0.7439418,236.17088,399.7318,0.7539746,282.14548,399.64142,0.91092956
1844,161.46066,227.5257,1,129.75287,247.31224,0.81569314,153.1677,253.46217,0.8712583,142.12633,286.3366,0.9320568,151.27325,319.35074,0.79976314,175.60931,302.7293,0.71461636,122.3463,319.38568,0.53239805,142.73775,254.54558,0.81882113,159.40924,352.1605,0.9011665,189.32802,385.35248,0.7103481,234.01257,400.90903,0.78013796,277.66483,401.54556,0.93214196
1845,163.80515,220.16397,0.94186825,131.11546,240.10974,0.79395455,156.50069,245.20105,0.81207347,144.69179,280.90723,1,153.09618,313.4276,0.71492344,179.27606,300.2813,0.6102086,124.52191,314.29218,0.54599047,144.47295,247.43892,0.8019373,158.59302,348.8457,0.9530151,186.7946,383.36533,0.7097911,228.15999,403.5748,0.9242789,271.42072,405.3219,0.9448713
1846,167.38077,214.32788,0.9342532,133.3324,232.72852,0.70976835,159.1058,238.90013,0.8503844,145.47911,273.29736,0.92182493,155.46931,307.1371,0.7811487,181.75513,295.986,0.69326615,126.44371,304.5031,0.5622287,147.19188,241.75192,0.87172925,158.69405,343.97607,0.8645721,183.61368,379.75476,0.6970617,222.98831,402.36966,0.84064,267.65414,409.58313,0.9322048
1847,168.6252,211.69664,0.9190008,135.15654,227.86646,0.8014236,161.39075,234.73935,0.8233079,148.89917,268.14896,1,157.63535,300.68668,0.6873974,183.44722,290.65894,0.75599504,128.79996,292.57983,0.59587735,149.6205,236.48656,0.82106334,157.31587,337.25858,0.85955703,180.94221,374.24216,0.88395107,216.15123,399.791,0.901995,260.8074,411.1602,0.8396724
1848,173.28636,208.3784,0.87997675,136.83722,223.6584,0.8624188,163.3771,231.74295,0.8159514,150.79733,264.29224,1,158.86089,296.4432,0.7145784,184.68384,287.8892,0.691026,129.76637,288.55823,0.5926864,152.08228,233.47148,0.8322921,158.17006,331.90872,0.9582744,177.95856,368.79153,0.78604823,211.13057,396.16745,0.8762439,257.81735,409.00067,0.85392755
1849,181.78285,209.75803,1,141.57233,217.7474,0.7523104,170.07298,232.72217,0.7831679,151.7492,257.39084,0.91168314,161.17838,290.46634,0.81686395,186.87933,282.0964,0.6959531,130.9132,280.55566,0.56256866,155.75214,229.8143,0.90940857,161.03836,325.65216,0.8707802,179.8904,366.06967,0.744459,211.2262,393.9442,0.89633054,256.77414,407.03964,0.92257893
1850,189.13152,214.10625,0.78376794,148.62917,216.48207,0.72411,175.64919,235.0054,0.7874881,155.11061,254.02888,0.90680563,163.72733,283.49042,0.77732795,193.5363,275.62344,0.80220705,134.44615,270.69995,0.6291243,161.78294,229.6414,0.98306143,162.1162,321.30173,0.9514256,181.08525,357.83716,0.88631016,211.97733,389.13867,0.8683149,256.76984,405.11584,0.94785726
1851,194.77554,212.64586,0.8403614,155.37527,213.98741,0.8056829,181.46194,235.8254,0.87040013,158.69577,249.20332,0.9539898,164.37434,278.98346,0.78183156,198.19165,268.84564,0.6323976,136.95692,264.63382,0.5128506,168.99324,227.84082,0.9175827,162.71025,317.1252,1,183.80553,353.2034,0.8578337,214.53227,384.84836,0.92724687,257.623,401.08307,0.91344935
1852,200.40627,214.40753,0.8177385,160.75713,212.53966,0.8054305,187.49573,236.48705,0.6897742,161.9806,247.4246,0.8563923,165.8653,275.56042,0.77770025,200.7765,268.9734,0.5029752,138.37843,265.23508,0.49613705,173.946,226.45125,0.8653437,165.1152,313.89655,1,186.01247,350.34787,0.7579333,217.01842,379.72885,0.8216643,259.66278,395.63867,0.83392644
1853,206.83282,218.1658,0.6023722,169.48868,215.59883,0.5239105,191.77946,241.9389,0.61390084,162.583,248.1568,0.7446604,167.93924,275.582,0.73782396,201.63208,271.37067,0.3791001,138.54808,264.64572,0.48560196,180.19734,231.26875,0.8037908,169.20615,312.69736,0.8863409,192.32379,347.7849,0.70056146,219.15404,375.99628,0.8390195,263.06442,392.2376,0.8222474
1854,212.8401,221.0052,0.7070817,173.09018,218.19733,0.63849014,196.85452,244.00594,0.67506605,165.07957,250.53876,0.728474,170.64268,277.6058,0.7907283,160.41733,227.4627,0.43916908,140.97531,266.77917,0.5334235,184.63586,233.0315,0.7205014,172.32492,311.77985,0.87716275,197.0736,345.41864,0.838045,226.13933,372.06952,0.8231244,267.13638,387.9656,0.9074136
1855,217.98395,222.53879,0.59491414,175.43015,220.03568,0.48007235,203.9391,247.67203,0.44859794,170.64857,254.02415,0.63782954,173.62846,278.4066,0.7301504,167.0979,226.67056,0.5137419,144.51683,266.56857,0.51342267,191.9131,233.852,0.65518403,174.45343,312.4695,0.8520157,199.10011,344.55438,0.79337555,230.2158,367.73682,0.9264796,271.16205,380.272,0.7978922
1856,222.00162,226.27072,0.49449158,185.54662,221.5579,0.48891872,208.60083,249.04637,0.542949,173.98247,254.34296,0.7246725,177.75224,278.55798,0.66391414,173.58243,229.96252,0.45158392,148.58525,268.24442,0.47737497,195.93095,236.92842,0.63441557,175.98203,310.97388,0.88578963,199.20554,344.6947,0.7702371,230.03502,368.21048,0.90279526,272.09247,381.96054,0.7875932
1857,228.20827,228.714,0.53585553,188.7785,222.65997,0.47867668,212.95203,251.3284,0.5370888,176.68655,255.973,0.7160018,181.17976,278.29883,0.62298447,176.35405,230.7694,0.52585256,151.65913,271.58823,0.44354847,199.33113,239.51701,0.5740572,177.76013,311.10742,0.9098891,198.9363,345.00198,0.716211,230.11218,368.84824,0.81787366,271.89297,384.03683,0.7811215
1858,232.99951,229.43826,0.56116986,191.41696,223.72972,0.4499823,218.10391,251.65959,0.4534141,179.91194,256.60144,0.739536,181.80006,279.5753,0.6403454,183.28868,229.7345,0.5521554,153.46768,272.66412,0.41931158,206.0716,240.75189,0.55133176,179.28444,311.57162,0.92374223,200.82849,344.49066,0.69548094,233.04381,369.26776,0.81546396,274.21097,383.38586,0.78184164
1859,238.84427,230.5448,0.46871808,204.21495,224.38838,0.43270653,223.56302,251.53697,0.48281875,183.22157,256.82663,0.73823124,184.14836,279.72852,0.6415558,187.39958,232.03865,0.54511017,156.22551,268.91724,0.3898785,209.89212,239.56223,0.53833264,181.33403,312.22287,0.90863514,202.33965,345.04276,0.6487529,234.65195,369.7846,0.8206853,275.49744,383.8877,0.8001248
1860,243.63669,230.44856,0.5208665,205.11903,225.85927,0.45961854,227.85652,252.2808,0.49098635,185.69487,257.87787,0.7602104,185.57901,280.08063,0.64753747,191.21432,230.93227,0.571228,158.79042,278.5272,0.439221,214.02982,242.33598,0.50074345,182.63408,312.3396,0.86791086,204.5117,346.00485,0.64580387,234.77197,370.1722,0.82714516,274.56345,384.76187,0.8108032
1861,246.86423,230.10461,0.4569249,206.94226,225.08572,0.40883327,231.71317,250.97594,0.383978,189.09496,257.097,0.7348237,189.62244,280.1014,0.6167034,194.91118,230.75528,0.6252736,161.201,270.2208,0.49499467,217.1635,240.69131,0.45688972,185.49942,312.18597,0.8899781,205.57051,346.05823,0.6783418,235.89774,370.37323,0.7991004,275.93976,386.43286,0.8292528
1862,252.07999,229.54259,0.39156002,220.0658,224.08682,0.36130106,239.05983,250.72469,0.3598218,193.93672,257.24734,0.7510776,192.23079,279.60144,0.5564282,200.39319,228.97298,0.57675564,163.77188,270.29205,0.4908872,224.85455,239.00618,0.49439165,186.7454,311.58713,0.85294825,207.20515,345.02155,0.71896744,236.42,370.25714,0.8187612,276.06906,386.81393,0.8322059
1863,258.67957,229.95041,0.4426667,222.15865,224.92204,0.4043076,243.23154,251.35812,0.40338874,196.92628,257.2881,0.7879353,224.17639,242.2201,0.5626789,206.2002,228.78325,0.5784457,166.73457,270.36523,0.45889935,228.1293,240.23407,0.46279564,187.69135,311.22452,0.8318714,208.43353,345.3972,0.68772525,237.32912,370.24713,0.80612373,277.31552,386.5988,0.83809936
1864,261.72696,230.90222,0.44472933,224.19374,224.5273,0.35641807,246.49261,251.84082,0.36852127,200.02194,256.4555,0.7403633,227.35623,242.23126,0.5390933,212.33954,227.09192,0.6077543,168.50275,269.94006,0.39480293,233.00821,240.72293,0.43747562,188.95844,309.9778,0.85534555,206.98053,345.81586,0.71432537,234.39049,371.25925,0.8311006,274.57364,386.8775,0.856007
1865,264.37845,234.45605,0.4212767,238.8856,225.19632,0.29306617,249.23212,252.60106,0.2920111,202.68275,256.86063,0.7088233,227.6504,242.88503,0.52960545,213.90225,227.21454,0.5479967,173.86717,265.82434,0.42490357,239.5943,239.69516,0.40086326,190.35922,308.24973,0.90687543,205.54665,346.22266,0.72948414,230.54504,372.60294,0.8081003,271.79752,390.5571,0.81700075
1866,268.69153,242.2553,0.49893236,239.94724,228.4022,0.3103907,254.23962,249.35832,0.25172192,203.08609,257.43732,0.68027043,227.17534,244.96379,0.5303162,219.12553,226.98926,0.59072614,175.20605,265.08517,0.5005059,244.00844,245.30551,0.40571013,191.8164,307.0831,0.92873365,206.99101,346.09958,0.7811709,228.84816,375.3056,0.8002267,266.61823,397.10043,0.7612293
1867,271.89395,251.44852,0.5959772,259.5356,236.68983,0.25634232,257.19498,264.98108,0.36520687,205.30865,256.8971,0.6378014,238.12895,247.79231,0.57421404,220.65689,228.02344,0.64052933,176.92743,265.42575,0.5181752,246.9561,246.68971,0.3367425,193.18204,306.0183,0.93067783,207.14137,346.3927,0.76708454,227.98416,377.69293,0.8435615,262.32315,402.89096,0.83333683
1868,274.00742,253.98875,0.5852279,267.69427,238.3981,0.3567148,260.84778,267.88666,0.33991024,207.91467,257.6463,0.6748741,239.44144,249.36256,0.59520125,234.73637,228.49677,0.64353573,178.77014,265.38235,0.527205,253.75035,250.75565,0.34479478,193.92775,304.49466,0.93433577,205.94196,345.25153,0.7668626,223.80286,376.8843,0.75863427,260.40106,402.6571,0.8319527
1869,276.97754,253.34047,0.492755,270.1448,239.57831,0.37717953,264.72623,269.08295,0.3064227,211.85597,259.47253,0.6946327,241.0586,250.86026,0.53270286,236.94662,230.20004,0.6679973,180.92075,267.02856,0.48255715,255.2435,253.54076,0.35337535,194.2323,303.55957,0.8838691,204.26308,344.07336,0.7716028,221.07414,376.16248,0.66789323,256.91025,401.80597,0.80938894
1870,282.1838,259.70343,0.44765258,272.3922,241.36482,0.3749275,267.73148,269.85547,0.23348396,213.96893,259.93286,0.6573591,250.02588,254.11818,0.5382842,236.10507,231.78214,0.63085735,247.64325,269.02,0.43415675,260.36026,256.3951,0.35083076,195.09749,303.26422,0.83789796,203.82501,344.23996,0.77886087,220.38364,376.5847,0.62303275,256.41888,401.88007,0.78261095
1871,284.816,260.09592,0.47808832,274.31003,243.4294,0.4022802,272.87964,273.92343,0.28471127,217.73602,260.22903,0.6119362,252.89095,256.35083,0.5853749,238.25275,233.74483,0.62735176,249.16135,270.16342,0.46256056,263.96036,258.60623,0.3139883,196.91718,303.67804,0.75017047,205.90474,344.60645,0.7765323,221.6998,376.55228,0.67680293,257.61465,401.889,0.8058554
1872,288.09787,264.93677,0.49368578,280.06384,244.16953,0.36526504,274.6008,274.6855,0.30023298,221.67084,260.4611,0.61783576,254.56596,257.13803,0.58048606,251.66313,234.25853,0.62571186,250.54617,270.86603,0.5019705,269.00253,256.91357,0.33743653,198.77936,304.17117,0.69174707,208.22055,344.6801,0.736448,223.68945,376.42554,0.6999839,259.82837,402.5424,0.82765794
1873,290.2386,265.6961,0.5331093,281.08316,243.9252,0.35325575,276.5336,275.27664,0.32830128,222.92787,260.87915,0.60997397,255.59998,256.63864,0.5572123,252.77036,234.35324,0.6425699,252.78267,271.16144,0.5193369,270.34833,260.2425,0.38781813,202.1157,305.23923,0.68938315,209.36717,342.48074,0.72759473,225.7235,376.55887,0.73721987,261.55533,402.4735,0.8103484
1874,292.11032,261.16656,0.476483,285.1746,243.21193,0.34081504,278.5697,274.6405,0.2781608,224.33899,261.36316,0.5928325,256.51993,255.7971,0.5633095,253.45148,233.78264,0.6618583,255.15712,270.96045,0.51076514,271.69797,259.05487,0.3702992,204.59497,306.29147,0.7707109,210.65503,343.24478,0.7847721,228.50967,376.4492,0.7626513,263.36945,402.56332,0.7707595
1875,291.85886,252.0388,0.42826134,285.28372,240.45905,0.27092907,281.15536,269.38858,0.26839945,226.8522,262.10632,0.6410625,257.54688,254.22984,0.6014171,253.35101,232.92308,0.6894893,259.90808,270.16757,0.54243493,271.70233,254.70438,0.3221505,206.67201,305.9767,0.83424366,213.05168,344.73828,0.7419908,231.11217,377.6387,0.72793084,265.85852,401.3452,0.75217414
1876,291.1639,249.9444,0.38770956,282.78177,237.98204,0.20988332,285.05695,268.08826,0.25802743,228.85037,262.0981,0.6402073,261.4809,253.65659,0.6010395,252.9064,233.13887,0.691166,261.40585,270.04645,0.5470532,211.3163,290.54404,0.2953252,207.9124,305.8738,0.85625213,214.73886,344.84805,0.7298084,231.56812,375.9526,0.6890267,267.5344,401.23367,0.7443541
1877,290.13004,247.95,0.32839352,274.24673,235.71545,0.19826037,284.702,267.19208,0.23048164,228.52847,263.18118,0.65558636,261.26443,252.98514,0.6534451,252.16357,233.26816,0.6783918,262.24252,270.13855,0.5546219,213.16621,290.93585,0.31234646,209.00351,305.29916,0.8501918,216.86134,345.7609,0.67502683,234.80766,376.45517,0.66774005,270.24203,402.52567,0.7616395
1878,291.3597,247.62306,0.30941886,274.2041,236.07503,0.19778064,285.42484,267.21204,0.22825538,229.21141,263.26688,0.6489017,261.20187,253.40378,0.6712461,251.88316,233.68912,0.67491215,262.90085,270.9521,0.5431722,214.43297,290.89917,0.27103904,210.35803,305.11127,0.8132887,218.16452,345.55038,0.7000335,236.81064,376.011,0.64750767,272.69507,402.25693,0.8022354
1879,291.67178,246.98215,0.29211366,273.62207,235.8569,0.19396801,286.158,266.8548,0.22502197,231.73166,263.18997,0.6126683,262.30582,254.1689,0.6713968,256.3649,233.57118,0.6381261,264.6487,271.2024,0.5244515,215.40335,290.52625,0.24966216,211.79001,305.26688,0.796839,219.86264,347.41614,0.7005692,238.99179,379.5771,0.6818618,274.2719,402.1693,0.79489213
1880,291.26068,245.18683,0.32097894,271.6981,234.38733,0.23180968,284.76624,263.68936,0.18654886,233.55386,262.64294,0.5944635,265.42523,254.61096,0.6689755,252.97177,235.3714,0.5814904,266.1775,270.79684,0.5894813,271.66284,251.13847,0.2549316,214.34436,305.68494,0.7286636,222.42322,348.44492,0.6735974,241.35373,379.84622,0.7095627,276.76614,402.67804,0.8071643
1881,292.46512,238.35608,0.32208404,260.83813,231.412,0.31540546,281.3048,257.06613,0.22280854,236.48575,262.20258,0.5787748,265.73923,252.55583,0.6472203,254.5056,234.88098,0.5079298,269.167,267.90192,0.62578225,267.1828,247.26294,0.36924273,217.97319,306.9126,0.7229094,224.21092,348.73218,0.6333496,243.84872,380.6243,0.76614195,278.82346,402.99252,0.80412877
1882,287.44965,228.7534,0.4692502,258.2351,227.67282,0.5465324,281.30237,252.34116,0.2931249,238.17386,260.56506,0.68056846,233.21207,278.83456,0.5604794,254.21211,230.1983,0.3973227,271.88696,264.51093,0.5005869,265.67123,244.10764,0.4762029,221.29855,307.74643,0.8415904,225.58511,347.18192,0.6136233,245.5356,379.37247,0.72681534,281.1479,401.81824,0.77170616
1883,281.38507,217.80328,0.6067976,256.4682,224.47954,0.49650043,275.3218,244.04024,0.37849727,240.4011,258.96216,0.71970725,236.46228,280.4609,0.5478812,250.379,228.257,0.278169,210.76292,267.74817,0.5114798,264.22147,240.35982,0.46707925,223.11134,307.4223,0.9180928,227.87782,348.3641,0.65394324,247.49838,379.59906,0.72067434,283.05127,401.6064,0.7589162
1884,274.65958,209.33728,0.8334756,253.51425,218.67545,0.47009245,276.90216,234.39484,0.58269435,244.6568,253.64383,0.7819806,238.77557,279.44077,0.49845088,275.1409,274.55624,0.20318495,212.41116,266.62033,0.5074394,263.79205,230.2452,0.604294,225.21057,306.04395,0.9358033,230.76888,348.99408,0.62962127,249.69092,378.658,0.7152463,285.74557,402.79852,0.74259233
1885,273.26178,201.23799,0.7549566,252.31337,212.32913,0.629846,276.14194,224.91368,0.68455416,246.86792,250.7174,0.8584054,241.21439,278.56357,0.44612628,278.60208,275.33588,0.19684948,213.40906,265.09235,0.4972349,262.75388,225.67201,0.6479336,226.79483,304.6626,0.894234,232.96481,347.23425,0.64641863,252.19098,377.04605,0.6392843,288.01562,402.42966,0.79890287
1886,269.35593,194.04192,0.7818772,248.93936,206.4789,0.6771888,274.34018,218.27756,0.6153866,247.46979,247.43439,0.8400624,246.27701,272.13724,0.4465256,283.37036,266.4344,0.26466075,215.0898,265.4918,0.4772746,259.70285,219.42264,0.62326765,230.54657,303.51627,0.76391524,236.26402,346.09796,0.7207231,252.79948,377.99866,0.59241885,289.66324,401.99503,0.77822423
1887,270.52985,188.72295,0.8906774,245.89598,202.83789,0.6922211,272.85263,210.50766,0.6959352,248.65042,243.68202,0.810624,247.73883,271.25064,0.5320577,284.3385,265.9051,0.27822015,216.47343,264.62708,0.44396535,258.18726,214.17917,0.7871215,234.85129,303.6409,0.73859423,241.32492,345.07248,0.6762847,256.04333,377.25278,0.66406643,292.24545,402.6292,0.8143599
1888,265.68173,182.21895,0.7674468,243.25278,198.41801,0.75194126,272.5914,206.18066,0.6899871,250.71474,239.88623,0.8145006,250.0626,268.6012,0.61839294,283.41754,263.46167,0.35032135,220.77386,261.49136,0.44560495,257.05948,207.97137,0.69522834,237.55063,302.3655,0.8331807,243.38785,340.83615,0.71604013,259.7798,374.7191,0.65406364,293.586,401.94952,0.79292655
1889,267.32675,177.74034,0.8667812,242.22026,192.68732,0.84071904,270.2387,201.00494,0.72770935,252.10657,235.35843,0.9317935,253.07845,267.91534,0.5950728,285.14868,259.0847,0.38368472,223.91498,256.68057,0.5116837,257.26572,201.38792,0.72176945,239.59996,299.23453,0.9412492,245.99652,337.02887,0.684433,260.6354,372.15558,0.59742135,296.54083,399.03662,0.73370034
1890,267.9085,172.60985,0.842042,240.75294,189.01566,0.77742034,270.74725,193.85416,0.7474543,253.77802,230.91966,0.9516067,255.97066,265.29648,0.583541,291.64386,249.13022,0.40223694,227.01138,254.04852,0.6095334,256.92087,197.84605,0.8157815,242.49174,292.744,0.8842244,248.09749,332.39474,0.7066101,261.7016,369.48083,0.51695365,297.53934,395.46994,0.6986474
1891,265.11612,165.35307,0.80850554,241.58519,183.91093,0.75843745,272.1521,187.92168,0.746299,256.32373,225.42047,0.88768744,259.6573,255.75026,0.63889426,293.43665,246.67125,0.44636342,229.72316,250.02153,0.52304506,257.31326,191.95744,0.7315067,247.09018,286.63174,0.7870044,250.66571,326.1779,0.8645095,261.37723,359.983,0.6250127,296.52505,394.83383,0.7238816
1892,265.89648,159.69594,0.94962066,241.62274,179.27327,0.90846246,270.13007,182.07497,0.7631184,257.8839,218.14944,1,261.56128,250.87881,0.7796189,294.4023,242.57245,0.5030816,234.66682,245.45062,0.5693099,257.387,185.8186,0.758768,251.9497,283.55017,0.81846154,254.01534,322.2181,0.81993014,264.98218,358.6228,0.5683805,296.2169,395.02936,0.7738874
1893,267.79022,155.00394,0.85459256,241.45581,173.46504,0.82805496,271.62915,175.49052,0.7750762,260.21048,213.39195,0.962355,267.61282,246.10402,0.7271137,296.9085,234.00449,0.48666108,235.59229,237.13985,0.599963,258.14935,181.11101,0.8673769,256.11612,276.15427,0.91974646,258.1173,315.11002,0.73780245,267.93344,355.15637,0.5319647,296.60635,392.35168,0.8550247
1894,267.58392,150.63164,0.8083421,241.98898,168.2445,0.82065815,272.73187,172.11417,0.8118131,260.80176,208.71266,0.9941212,269.37692,241.54771,0.7972993,296.94092,231.68428,0.5270792,238.35155,232.5289,0.54336894,258.01932,176.8114,0.7982421,262.08694,270.0337,0.92048925,263.7695,310.16916,0.778022,272.70724,354.94144,0.55104166,300.6931,391.8068,0.7964009
1895,269.6305,146.07912,0.892635,244.17871,165.31578,0.82974344,271.3813,168.70302,0.76828045,262.1783,204.36932,1,270.35858,236.41621,0.6990916,296.2935,228.99455,0.556981,240.06071,227.0426,0.5952638,258.8823,171.25201,0.81744576,264.9831,266.67154,0.7957699,268.52054,302.94336,0.7828154,278.48315,345.99738,0.5722008,306.43527,389.7825,0.9273974
1896,275.74783,144.25252,0.9492886,246.24313,159.3086,0.79540324,272.6964,165.78242,0.84635305,263.5423,198.31198,1,271.96185,229.37302,0.8137663,300.0365,221.29784,0.59973806,240.0575,220.7163,0.62590027,260.47772,168.84259,0.85059,268.5096,262.30713,0.8641902,273.54773,300.0326,0.74217516,288.54022,346.25983,0.59346414,315.65143,382.64096,0.64491826
1897,279.91534,141.08438,1,247.92717,154.36746,0.72412354,274.8913,161.53339,0.85750383,263.13727,191.52261,0.9381883,273.85434,225.01787,0.83902,300.76407,214.28479,0.7262632,242.34308,215.3324,0.6490721,263.02798,163.70726,0.9072921,270.8925,257.43155,0.8730514,280.46454,294.88736,0.80756056,296.37793,341.39624,0.58030254,324.64304,377.75357,0.7659185
1898,281.90915,136.77338,0.9384286,249.54385,151.38354,0.71555555,277.6563,159.95029,0.8746996,265.50677,188.83792,1,275.56146,220.24976,0.86618066,303.2192,209.02863,0.7016937,243.88118,211.66273,0.68908584,264.9133,160.20557,0.8381566,273.95114,255.05452,1,284.4191,292.5507,0.8202901,302.15305,333.32858,0.5994973,333.4157,370.13284,0.79847515
1899,279.48215,132.45737,0.9527266,251.66423,148.46698,0.80227774,279.33514,157.09317,0.81312245,266.6613,185.95718,1,277.23495,216.43109,0.8592338,304.3551,206.91985,0.7071362,246.12239,210.68208,0.65745765,266.24722,157.02089,0.7887309,278.24792,251.86868,0.96474355,292.06476,288.4204,0.83195907,308.22104,331.45938,0.64829594,341.33942,365.10223,0.65280163
1900,280.61768,128.86032,0.9624401,252.18623,145.6545,0.8676719,280.08478,152.642,0.819501,268.54745,183.90912,1,279.29382,216.8575,0.8173488,307.14346,201.85458,0.7603696,247.65277,212.61296,0.63282156,266.6182,154.66916,0.81040156,282.90152,250.41899,0.81219155,298.30026,284.65775,0.75512743,314.84653,328.29102,0.6627403,348.76547,359.66794,0.8360567
1901,283.84067,126.38963,0.98938173,252.93655,143.32867,0.85872585,281.53568,150.69188,0.81416297,270.41165,182.47377,1,281.3062,215.3581,0.8215285,308.51645,201.02966,0.7274099,250.1922,211.85059,0.5699389,267.49234,152.41261,0.8829976,288.13458,247.33519,0.9133866,304.1399,285.41202,0.7701909,320.59485,327.66498,0.7245247,357.41388,355.48172,0.9184501
1902,285.34558,125.70513,1,252.99855,143.32814,0.8459652,282.15985,149.94228,0.8035268,272.81607,181.07283,0.9397407,284.5221,213.64091,0.88303065,310.69165,197.80078,0.7872703,253.51904,211.87273,0.6518955,268.12308,152.30925,0.8752905,292.04007,246.21767,0.9834199,310.1066,280.3978,0.8497687,325.88278,321.9886,0.65901285,363.65695,349.7692,0.73429406
1903,280.76157,128.68141,0.9838953,252.63754,147.35168,0.9097364,281.07343,149.99585,0.80131406,275.7029,181.70103,1,288.54544,214.582,0.8364838,313.04932,196.52946,0.7615471,257.61804,212.81133,0.7496091,267.89825,154.16953,0.84619915,295.8498,245.7452,0.8676527,315.33792,281.48892,0.8253663,332.582,319.00488,0.71121013,370.8713,345.638,0.8355578
1904,271.3692,128.4874,0.80241257,252.6208,152.67503,0.8674852,283.1172,150.84058,0.75299305,278.97144,183.28146,1,290.95795,212.83113,0.8535753,315.42023,193.95212,0.74158496,260.82306,213.33101,0.74615383,269.8318,155.1332,0.8558488,301.74783,243.563,0.8950873,319.35712,279.72073,0.8472436,336.01437,316.9662,0.7053526,377.2569,341.7111,0.8698981
1905,261.5419,132.22063,0.8699703,251.74385,156.89697,0.8778493,279.23102,149.59978,0.710942,281.55798,183.26889,0.8987898,295.48795,212.66042,0.8936309,318.10446,193.57057,0.7595455,265.5543,216.18011,0.64336437,268.93228,155.93097,0.8412386,306.00977,242.70276,0.922084,325.46036,277.0505,0.8472847,343.28516,312.86206,0.66507906,382.90698,337.4149,0.8352586
1906,257.57605,134.43192,0.83069074,250.13576,158.70274,0.91014487,273.90582,147.36809,0.7629987,283.6525,183.48347,0.87117887,298.36804,212.80621,0.9230438,320.51947,192.25468,0.7787995,269.11935,216.76738,0.65889287,268.6257,156.4686,0.84266543,308.94785,242.20546,0.94418234,330.173,275.35214,0.81493294,350.01697,309.65417,0.7614127,389.0352,331.2652,0.83908844
1907,255.5226,136.42271,0.7563113,247.92645,160.86078,0.94245785,272.50742,147.51785,0.8023163,285.05618,182.3717,0.8466415,301.13684,212.86858,0.9489406,324.07938,191.48149,0.7904656,271.8691,217.58183,0.72207165,266.84204,157.58241,0.8098354,312.0283,240.94258,0.8165118,332.00247,273.04498,0.7983401,352.44205,307.44705,0.8432731,391.46252,328.58536,0.78621316
1908,249.8904,141.62802,0.7791639,247.50789,165.28716,0.90780276,269.2627,148.3374,0.80486387,285.88583,180.94281,0.85547066,303.98495,211.25552,0.9118662,325.34503,191.0052,0.8217352,275.25717,218.64993,0.74359024,265.71213,159.94003,0.7356733,315.61612,239.45538,0.7783158,333.5551,271.64157,0.75823575,354.34515,308.55472,0.83380324,393.6727,328.18015,0.8259101
1909,244.50359,143.6119,0.89834476,245.61478,167.54533,0.8511594,263.97083,148.85294,0.7826125,285.97784,180.37538,0.8131867,305.4567,208.4822,0.9012429,326.9519,190.37169,0.82424086,277.24026,218.58177,0.76465684,262.63794,160.33806,0.7918886,316.99496,238.6933,0.8008252,337.41498,271.38208,0.72197485,356.25717,306.82852,0.8556439,395.60895,327.37415,0.8414118
1910,242.15346,143.64494,0.90562826,244.15685,167.61609,0.8031561,262.18942,147.8039,0.8060307,284.70346,179.2225,0.84699404,307.3186,207.38315,0.9057717,326.47766,187.2252,0.8499593,279.49695,218.74004,0.75363636,260.31815,159.59827,0.7759202,320.2552,236.44453,0.8919242,340.24268,270.46848,0.7157694,359.86935,304.5195,0.88274735,398.74023,325.04376,0.83660674
1911,240.47072,143.54222,0.86282706,242.06961,167.81514,0.8356068,260.7586,146.4137,0.8192783,283.32883,178.37679,0.85061616,307.89386,206.05435,0.8923455,326.4223,185.49951,0.8306435,280.80902,218.24168,0.74618673,258.05243,159.40036,0.8244375,321.74142,233.16742,0.90452754,343.51837,265.10687,0.78332955,362.3293,299.32858,0.8217676,401.20624,322.9887,0.92282856
1912,237.94542,142.7132,0.86831427,239.395,167.40942,0.79869217,257.78073,145.47786,0.82870185,282.3054,176.80873,0.8408879,308.87494,203.79549,0.88905495,327.00598,184.54866,0.80527276,279.30215,214.9514,0.7781714,255.96675,158.37573,0.84479064,323.0303,230.61887,0.8735524,344.93295,263.5678,0.84092927,366.048,296.7219,0.7363995,404.46167,319.02078,0.85114515
1913,234.65788,139.64418,0.8439698,236.28355,165.06848,0.8505493,254.90346,142.81512,0.8107578,281.02872,174.33388,0.8087716,310.68985,200.9103,0.84307367,327.802,182.31096,0.878192,280.69055,212.84277,0.80618536,253.49211,155.41386,0.79618186,324.2527,226.94608,0.92726845,346.66428,257.43445,0.8450424,367.77484,292.88696,0.7920714,407.1998,315.7342,0.8505791
1914,230.0465,136.72067,0.87993073,231.76582,162.29233,0.87005574,251.90398,140.82733,0.8501125,280.20828,172.46281,0.764876,310.1607,196.0978,0.8912877,327.07574,178.15964,0.8639122,281.1555,210.26306,0.8169059,250.35413,153.73817,0.74200344,324.70032,221.53491,0.9228889,347.72534,253.66908,0.8137453,369.69815,288.37314,0.8148863,410.7921,309.97208,0.8760841
1915,228.02107,134.8479,0.90909874,229.70242,159.55304,0.85147524,247.74818,136.95569,0.83991796,276.25208,168.88184,0.7865172,308.74265,192.46864,0.88371843,326.49405,174.52591,0.7791381,280.74802,207.37915,0.79147786,246.71825,150.15239,0.8316066,325.55457,216.49176,0.9588674,351.14966,245.04416,0.9097077,372.73407,280.12408,0.8251379,413.03674,302.186,0.80136406
1916,225.87755,133.61255,0.91162956,227.0835,157.3503,0.9099892,245.52682,134.17824,0.84758997,272.76968,166.92746,0.8093035,305.8565,188.44598,0.8572186,324.04572,170.57298,0.61012465,279.8717,203.55296,0.81785595,244.59918,148.29333,0.91339695,324.18393,210.73593,0.91972214,352.5874,239.15085,0.8585278,377.11496,273.525,0.87743294,419.27682,294.6994,0.93585765
1917,224.90123,130.13937,0.9160433,224.88629,154.72964,0.8527872,244.16653,132.6567,0.85085243,270.47635,164.47166,0.8623819,304.3336,185.07982,0.7696936,320.75018,166.7003,0.67313725,277.11578,200.89444,0.7945056,242.38762,146.68199,0.9051115,321.88416,205.48108,0.8032596,353.65558,231.2408,0.9203307,378.73633,265.4904,0.8045451,422.87057,286.09875,0.81148297
1918,226.88792,119.97469,0.80512166,221.10138,148.1674,0.8764537,243.72568,129.64223,0.788853,265.5501,158.95433,0.9306799,300.12997,179.9991,0.89904064,313.2103,159.35391,0.80661744,273.6024,196.56157,0.87294793,239.58139,141.98029,0.83553106,319.83258,200.32236,0.82330835,351.95224,225.86574,0.9349415,379.6401,256.6657,0.8126599,426.8141,276.94073,0.83998024
1919,226.07326,114.80731,0.9596008,217.1858,141.69325,0.8645732,241.62695,126.97464,0.8200061,262.9191,157.48451,0.85705715,297.14014,177.23349,0.8507246,310.33527,155.6147,0.91193914,272.21658,193.41827,0.88151336,237.04327,138.24721,0.83370566,319.16623,194.8543,0.92114586,352.20657,219.8923,0.9115544,381.00732,247.78923,0.8274267,431.10236,268.19247,0.70589495
1920,226.09763,111.33711,0.8296777,215.50957,136.86113,0.81634086,242.44217,120.85374,0.85111845,260.81064,153.89561,0.8464071,294.4137,174.28233,0.80200666,306.80237,152.10185,0.83713263,269.18018,190.5672,0.96802425,235.34042,133.50845,0.853799,319.51672,189.83315,0.9325657,353.7543,212.40671,0.9866261,381.41003,242.44742,0.84294945,429.9054,259.63895,0.8411736
1921,227.13988,103.86943,0.8060564,215.4657,131.50987,0.89225656,242.39355,117.80286,0.78414136,259.02325,150.16428,0.9702771,292.6308,170.8063,0.856074,305.03772,148.20248,0.87899417,267.40683,186.3091,0.9414776,234.97649,128.87428,0.8328064,318.543,184.79353,0.9024329,354.5159,206.75636,0.93271476,383.53613,233.18034,0.9191037,433.55142,250.1776,0.78571403
1922,227.26546,100.405685,0.8277563,216.28879,126.3005,0.9311841,242.6669,113.17978,0.7580368,258.39188,145.8544,0.9713639,291.5819,167.2392,0.8956012,302.91837,145.08875,1,266.4941,183.88695,0.9107597,235.69641,123.66007,0.8695564,317.32468,181.13425,0.87265223,354.28506,201.55925,0.9298527,385.4108,227.13597,0.90241724,434.38586,241.6691,0.8975849
1923,232.76651,93.68457,0.7558864,216.03018,121.33268,0.9466762,245.96823,109.14787,0.8578497,257.99127,142.13206,0.84150547,289.88818,162.78223,0.9123692,299.3251,137.09038,1,265.94983,180.20137,0.93549633,236.20381,119.066895,0.94542223,317.0423,176.25902,0.9077312,354.3633,195.9457,0.9710725,385.56195,220.05478,0.92653936,435.23297,233.54875,0.8659036
1924,236.43326,90.24207,0.6621543,217.05092,116.2703,0.9950822,247.75932,105.12069,0.8272224,257.90204,138.34657,0.8660915,288.86453,159.51906,0.8464974,298.27713,132.70679,1,265.68338,176.39342,0.8837855,237.11018,115.28254,0.931394,316.84576,172.41702,0.9601476,354.6616,191.36728,0.9464895,387.36743,216.29297,0.90060395,433.8739,229.4426,0.93801135
1925,234.91313,86.40713,0.62300676,218.18745,113.24076,0.95879287,247.38338,102.65993,0.74982715,258.6696,135.62747,0.9265053,288.76343,156.21979,0.891357,298.6446,130.71266,1,263.31058,171.51619,0.8754973,238.48596,111.69663,0.89119375,315.9167,168.92264,0.93294036,353.64877,188.08217,0.92842776,385.6149,211.9011,0.9314638,432.7127,225.85869,0.93732053
1926,230.3177,82.08676,0.71831375,218.55292,109.90007,0.9037201,247.42374,98.13794,0.7124505,259.30426,131.36026,0.9690317,289.81403,152.85094,0.8564756,300.3789,128.83592,0.97777265,263.1367,166.99072,0.8247881,238.23796,107.329796,0.8954727,315.6922,165.81819,0.84988624,353.52643,184.44156,0.93064696,384.16418,208.88206,0.91695,433.9538,222.56664,0.87701535
1927,227.64299,80.85054,0.8742964,215.45677,105.013466,0.9213733,244.30324,92.63637,0.8462239,259.82336,126.44702,0.88599664,290.83603,150.4721,0.8732696,303.15298,128.97597,0.94850993,263.66428,163.7429,0.8320685,235.81824,103.36606,0.8854226,316.08295,164.71309,0.84820765,354.9027,182.56241,0.95650285,386.70355,207.00034,0.95469385,434.58167,220.2115,0.89711094
1928,226.36458,77.54007,0.7827264,214.3921,102.85747,0.97171146,242.94774,89.15714,0.83865184,259.27213,123.28427,0.8222672,289.64838,147.39719,0.8690929,302.48,124.53919,1,263.05396,161.11778,0.85573155,234.32497,100.55951,0.8845222,314.99335,164.20062,0.8756657,353.6896,182.27563,0.9593844,386.66144,204.98183,0.9500405,434.9169,218.04845,0.8963176
1929,226.043,73.352554,0.77501684,212.305,100.59641,1,241.42223,87.19975,0.8210157,257.21396,120.75335,0.79341346,287.51135,144.51697,0.83902776,301.54922,121.64282,0.99458313,262.75552,158.96002,0.8364794,233.3536,98.631,0.82564116,312.299,162.69485,0.9062792,351.177,183.28831,0.94959056,383.50076,205.21536,0.9301344,429.61423,217.63768,0.8125746
1930,222.06093,72.059044,0.7987526,209.81364,98.725105,1,239.0968,83.82523,0.84519845,256.3973,117.18519,0.8444414,286.13074,142.47632,0.8388032,299.90924,119.586426,0.9653074,261.75558,156.17647,0.82827026,231.2907,95.29616,0.81817883,310.12576,161.23103,0.9470275,347.99072,183.15305,0.97964483,380.6172,205.51944,0.8584715,424.4545,220.60196,0.9088965
1931,216.1275,71.73666,0.91625047,206.95059,98.23855,0.91572356,235.2,80.57164,0.81525743,254.49733,114.85488,0.88413876,284.8949,141.27397,0.7773749,298.54965,119.14472,0.903386,257.52817,154.05411,0.8406742,228.81734,92.91108,0.82581973,307.2266,161.07101,0.94012433,344.15735,182.93182,0.92888224,376.13812,205.10352,0.89437824,419.3474,221.06366,0.9277708
1932,217.97629,70.09745,0.89744115,205.33295,96.47501,0.89211744,234.38524,80.47703,0.78214985,250.65637,113.587845,0.92227614,283.49542,138.62793,0.74653214,295.92212,117.2221,0.9232553,254.5085,153.18561,0.82156265,226.28436,92.26766,0.84931177,304.32858,159.22334,0.8472073,340.6073,181.15887,0.9747067,371.07022,205.42345,0.95260227,412.75815,219.89719,0.86628723
1933,221.60701,68.6731,0.8534086,205.23726,94.37986,0.91352546,236.12741,80.65135,0.81702167,248.3148,112.91501,0.9216826,279.50525,135.5466,0.81859297,292.4134,114.801544,1,248.93173,150.43565,0.88562465,226.46025,91.57511,0.8765765,300.04022,156.6569,0.8441866,335.47092,179.94572,1,367.29822,203.11977,0.896586,409.05417,217.76315,0.89281285
1934,226.43307,67.988525,0.8661287,205.97966,92.27434,0.88569695,238.32228,81.08256,0.8304841,246.70245,112.266884,0.8931793,274.17908,134.39934,0.8255477,288.71115,113.151,1,245.41823,147.46297,0.8506162,227.06732,90.19685,0.8485054,296.0352,154.92203,0.9162064,331.05222,177.57501,0.97588366,362.36435,199.74963,0.89547104,405.1871,214.86891,0.90421563
1935,230.32509,66.70643,0.8354402,207.35498,89.29364,0.82758594,240.6013,80.36167,0.77075785,245.9803,112.01996,0.90694547,271.61014,134.12587,0.79442865,285.95636,112.03597,1,242.78171,146.20863,0.8518392,228.30441,89.96239,0.8333606,294.32462,153.7292,0.9389792,329.33194,176.49678,0.91033846,361.11276,198.419,0.9017475,403.01428,212.63518,0.9414604
1936,233.25438,65.52302,0.7895913,211.77548,87.13409,0.9048317,244.68152,80.35223,0.8395893,246.83557,112.09719,0.93388486,270.85715,133.99644,0.8242125,284.55292,110.63004,0.95808476,243.35562,145.99806,0.8660486,231.01877,88.75592,0.82984257,294.74124,153.20346,0.9511849,329.5843,176.11096,0.8924595,361.82547,198.0416,0.9173257,403.5304,211.65726,0.9471559
1937,239.42033,64.25871,0.85553867,213.99171,84.16511,0.9691909,248.55803,79.90725,0.8127469,248.6627,111.317345,0.9319626,271.64258,133.2242,0.83747905,285.75296,109.528694,0.94295776,244.39764,144.58081,0.8381335,234.06712,87.5596,0.8777009,296.82465,153.05785,0.93615866,330.4477,175.1767,0.8788267,362.81168,197.4984,0.9210239,404.42325,211.06569,0.9059454
1938,241.81998,63.15215,0.9985117,218.7497,82.12399,0.99305314,252.64844,77.91604,0.881663,252.54709,110.76931,0.9439489,273.6217,132.7082,0.8309741,288.88135,109.6408,0.9466581,245.60742,143.99281,0.818519,237.8194,86.39252,0.9457474,298.0038,152.81053,0.9379685,331.76825,175.90753,0.90545547,365.04745,197.66493,0.88871557,406.49673,211.93057,0.9109335
1939,244.60037,62.162827,1,222.02141,80.9761,0.9487693,255.21382,76.16645,0.89864546,256.12457,108.27836,0.9257444,276.10968,131.6069,0.85532236,292.3129,109.41057,0.9878662,247.46852,142.42216,0.769537,241.98732,84.47566,0.9391014,299.4081,152.36841,0.9304796,333.04916,175.80399,0.8876516,366.64005,197.55542,0.864489,407.88324,212.33826,0.8997455
1940,245.84456,61.596924,0.9657719,224.56657,81.38626,0.97954607,257.1265,74.94658,0.90083075,258.19666,106.60514,0.8873408,278.8619,130.553,0.85352385,293.7382,107.79892,0.978347,250.7023,141.80106,0.7853672,244.42624,83.83854,0.9133789,302.03748,151.28963,0.88953346,335.5931,175.49077,0.851103,368.2545,198.1068,0.82920283,410.28342,212.08243,0.90217006
1941,248.38315,60.895298,0.898623,226.88524,80.02203,0.9987314,260.3964,74.798935,0.923702,261.11346,106.27419,0.8551934,281.54456,130.13162,0.853969,295.63776,107.676125,1,254.19167,142.28659,0.7302138,247.14226,83.21196,0.91152143,304.63144,150.82205,0.8559845,337.81384,174.09912,0.8561185,369.76566,197.76277,0.8749854,412.4708,212.20403,0.91344273
1942,249.95116,60.068916,0.81624424,231.67764,78.352806,0.95826507,264.7586,74.382095,0.885364,262.9155,105.43817,0.8520672,283.88498,129.58482,0.83541083,298.16278,107.26662,1,255.83426,140.50752,0.7192526,250.29665,81.70701,0.9197562,306.78586,150.41655,0.89405787,339.8052,173.31688,0.8756313,371.52725,197.18878,0.90288967,413.79364,212.14981,0.88602567
1943,253.88628,59.27015,0.85695505,234.85945,77.240616,0.91252595,268.63147,73.47621,0.89497423,265.19177,104.89654,0.93950343,286.10565,129.5652,0.8342212,301.60822,106.67944,0.9911698,257.56964,139.3235,0.7677753,253.60759,79.91915,0.94400615,309.2532,149.85338,0.94917196,342.49066,172.61154,0.8509701,373.80975,197.17424,0.8759662,415.7294,211.9389,0.91783595
1944,256.2189,58.705383,0.8822669,237.93167,75.17385,0.9775133,271.0737,73.27456,0.89871395,269.03635,104.2944,0.9180124,288.19904,129.38605,0.8544319,305.28372,107.007774,0.9869793,259.96344,138.7038,0.75906897,256.8206,79.76844,0.9678629,311.4674,150.09164,0.9470504,344.69244,172.14937,0.79442185,375.07507,196.07556,0.8878845,417.43546,211.91708,0.9422607
1945,258.09024,58.487617,0.85426867,241.19313,75.02781,1,274.0538,72.79141,0.94012135,272.1889,103.43814,0.85140026,290.80133,128.9672,0.87252074,307.66232,106.29299,1,261.9543,137.78961,0.72447443,259.97208,78.51186,0.97243625,313.51233,150.1688,0.91683745,346.8025,172.09178,0.81145674,377.62704,195.97325,0.9259969,419.31836,211.82658,0.9436161
1946,260.1677,58.139416,0.8486099,244.78786,74.34356,0.9688648,277.3618,72.102554,0.9254233,275.1298,102.00274,0.88637,293.43393,127.97185,0.88299054,309.78644,105.99663,0.9983764,264.20508,137.17221,0.725518,263.32312,77.61458,0.948459,314.85083,149.97745,0.90478593,348.33957,172.43716,0.81679684,379.3916,196.42047,0.9095014,420.64053,211.77655,0.9222246
1947,262.32278,58.238018,0.8161758,247.85857,74.534225,0.9272577,280.37238,71.63705,0.9045256,277.95612,101.74527,0.8773425,295.65924,127.66818,0.8461532,311.33478,106.32982,0.98052305,267.58124,138.19896,0.7091702,265.49072,77.16086,0.9313086,317.0327,149.48605,0.8831132,350.26962,172.91905,0.84792054,382.50443,197.72975,0.87023026,423.40253,212.43896,0.9095911
1948,263.8855,58.290207,0.78818727,249.45485,74.37001,0.8947516,282.5853,71.17257,0.8349171,280.93164,100.87212,0.89621055,297.92728,127.0563,0.8237038,313.4886,105.309746,0.96722245,270.35678,137.94565,0.68981755,267.86688,77.01381,0.943929,319.01062,149.32692,0.8663371,352.2757,172.3214,0.8740095,383.7621,196.90218,0.82649785,426.0947,212.3318,0.90281427
1949,267.12286,59.00001,0.8339462,252.23845,74.701195,0.8480061,285.52673,71.156715,0.84359646,283.44568,100.88,0.90423185,300.05353,127.235146,0.8172974,315.95984,104.49726,0.96230394,272.0647,137.11263,0.7505908,270.3485,76.763756,0.9212238,321.50778,149.2225,0.8963266,354.58224,171.97955,0.89475876,385.85596,196.71796,0.8806637,428.07404,212.54805,0.92357486
1950,269.06754,59.494686,0.8390971,254.55609,74.833786,0.9464099,288.3594,71.69542,0.8538639,286.55222,101.55286,0.8773695,302.85617,127.54205,0.8798819,320.3002,105.11612,0.9289086,275.1819,137.60518,0.77140504,273.1228,77.85775,0.95404446,324.33203,149.54771,0.94282913,357.20728,171.81244,0.8745964,388.3072,197.18842,0.917981,430.51532,212.58954,0.8717097
1951,270.81213,58.718235,0.7959743,256.61874,75.08336,0.9937889,289.43744,71.159195,0.8931083,287.76556,101.00491,0.8660099,305.00314,127.575294,0.907258,322.67328,105.122284,0.9689169,276.9125,136.9062,0.76316303,275.371,77.81116,0.96543753,326.5119,149.92632,0.95524055,359.28516,172.43617,0.82828194,390.18854,197.25754,0.89492524,431.7453,212.205,0.9117837
1952,274.154,58.71673,0.81904817,259.366,75.08904,0.9894359,291.7543,71.83816,0.92682976,289.79434,101.27722,0.88971907,307.241,127.030876,0.91272765,324.45547,105.18408,0.9896183,278.17352,136.20705,0.7701624,277.77963,77.98856,0.9635072,328.07712,150.23125,0.9333598,361.21313,172.13808,0.78178006,391.15756,196.70918,0.8916202,433.36407,212.31726,0.93303084
1953,277.4523,58.493443,0.84368324,261.91333,75.08382,0.97514707,294.31543,72.54062,0.91472656,291.86517,101.348434,0.883536,309.52063,127.08429,0.8741538,326.16214,105.158585,0.9813682,280.49835,136.8061,0.726168,280.4722,78.05908,0.95419484,330.04166,149.95311,0.8925869,363.3439,171.93977,0.82148695,393.99063,196.3734,0.92168874,435.3119,212.16064,0.9432939
1954,279.58194,58.83889,0.7994898,265.21097,75.29493,0.9414245,297.21353,72.783485,0.86267483,294.1943,101.759865,0.8862781,311.4666,127.13918,0.83712274,327.63284,105.94862,0.97788984,282.5984,136.78606,0.7259011,282.5956,78.34175,0.94714844,332.35968,149.70404,0.8622929,365.7756,172.51744,0.8562232,397.38565,197.52287,0.923135,437.42032,212.63231,0.93060064
1955,282.5953,58.58689,0.79998267,267.0808,75.26994,0.89579016,299.92957,72.646736,0.82926565,297.18124,101.728195,0.90345407,313.56653,127.16712,0.832454,329.57697,105.4535,0.97645867,285.01935,137.5724,0.6978898,285.04922,77.95191,0.9553122,334.31302,149.62614,0.8482621,367.9627,172.50159,0.87738127,399.51614,197.67114,0.8762046,439.72513,213.01675,0.9083539
1956,284.86044,58.49811,0.82665604,269.82144,75.01482,0.89868575,302.8853,72.66751,0.86168617,299.74377,101.88277,0.90065575,315.44952,126.74795,0.8012276,331.73166,104.98724,0.9695009,286.39584,136.09442,0.7204103,287.54834,78.725365,0.93066394,336.58975,149.85376,0.85963,370.08212,172.48346,0.90655494,400.7219,197.25642,0.8481805,442.30835,212.93484,0.91131496
1957,286.32715,59.110302,0.81212956,271.13425,75.51197,0.99149996,303.85623,72.41286,0.87162024,301.9985,102.582855,0.8682015,317.83826,127.6703,0.84216875,334.8775,105.37206,0.9051241,289.4426,137.39554,0.7531513,289.47623,79.32975,0.96604776,338.79068,150.0015,0.9093202,371.9997,171.80157,0.9024884,402.55508,197.12154,0.8828854,444.12997,213.08789,0.9239337
1958,288.53693,59.0093,0.8273233,273.28113,75.36131,1,306.15747,72.34725,0.91759914,303.37875,101.98885,0.84843767,320.16052,127.93175,0.8876143,338.1389,105.78902,0.9459482,291.7081,136.99658,0.76436293,291.85693,78.74207,0.9782413,341.75458,150.01166,0.948867,374.59937,171.70184,0.85921866,404.4005,197.09586,0.92097276,445.98688,213.0671,0.89815855
1959,291.05804,59.35341,0.8402289,276.2123,75.90241,0.99001557,308.24252,72.85558,0.9099605,305.69067,101.72907,0.8798381,322.86182,127.36243,0.8981187,339.96445,105.57115,0.97175044,293.79605,136.65114,0.7579441,294.2866,78.917305,0.9616885,343.6335,150.38803,0.93978435,376.65042,171.83757,0.8143582,406.66272,196.70686,0.90574825,447.82184,212.72905,0.90258104
1960,294.65097,59.14094,0.83683866,278.7893,75.39855,0.97274053,311.58755,73.635056,0.8636703,307.6793,102.044464,0.8834715,325.11105,127.4069,0.87187976,341.7457,105.6089,0.98665696,295.93915,136.81961,0.73497194,297.20795,78.7773,0.9142225,345.28693,150.62296,0.8933302,378.43402,171.76445,0.82926524,408.05112,196.6563,0.9022657,449.1284,212.87321,0.92691046
1961,296.14383,59.210567,0.81339943,282.05,75.124535,0.91314185,313.71396,73.43851,0.829243,309.8568,101.81099,0.87785405,327.3488,127.11897,0.8346024,343.21368,106.27054,0.95933205,297.9769,136.80493,0.72046196,299.07266,78.55377,0.9526087,347.20825,150.52983,0.86766726,380.32608,172.24391,0.83190924,410.23404,196.87108,0.9259854,451.09595,212.67688,0.9488827
1962,298.88226,58.7946,0.8146205,283.33936,74.85533,0.8801986,316.06995,73.082184,0.8202551,312.90317,101.874916,0.8795121,329.24072,127.38259,0.83318144,345.16788,106.23914,0.9578838,300.6572,137.53084,0.6951871,301.03165,78.141594,0.9454999,349.8241,149.95087,0.8496532,382.70728,172.51314,0.86999935,413.18393,197.56119,0.94883555,452.89404,212.91669,0.938627
1963,301.28745,58.75894,0.83637077,285.83383,74.79987,0.8779504,319.17163,73.18269,0.83595127,315.23044,102.25512,0.9009075,331.05643,127.16072,0.8170366,347.14398,105.69047,0.97079253,302.4546,136.84328,0.7088196,303.38705,79.15237,0.9098655,351.93954,150.28983,0.8386794,385.18393,172.55806,0.9025889,415.87787,197.75832,0.8983472,455.3861,213.19392,0.92494315
1964,302.4994,59.199535,0.8097036,287.0119,75.09048,0.96849406,320.00964,72.804245,0.86501247,317.4896,102.73263,0.88076705,333.2219,127.88424,0.82650775,349.91052,105.81784,0.8984886,304.74716,137.36508,0.7419723,305.28326,79.46185,0.94985396,353.9861,150.19806,0.8863184,387.01038,171.86855,0.9123294,416.60593,196.96265,0.8436889,457.88586,213.33469,0.91758674
1965,304.75214,59.166595,0.8226977,289.41373,75.31035,0.9844281,322.17535,72.76583,0.89915127,319.53903,102.41611,0.86018807,335.3547,128.03635,0.8707779,352.8945,106.127205,0.9457634,307.19275,137.63618,0.75872445,307.6221,79.114944,0.96762776,356.4627,150.39368,0.93626595,389.4405,171.7534,0.88345903,418.93024,197.37576,0.89579177,459.67426,213.4519,0.92888606
1966,307.23978,59.458565,0.8431345,292.00754,75.97035,0.9904633,324.1965,73.50811,0.89171463,320.92343,102.15452,0.87273175,337.85928,128.09532,0.88567317,355.34988,106.29504,0.9685418,309.33588,137.29169,0.7584721,310.19122,79.14166,0.9423594,358.8528,150.79066,0.92458856,391.7943,171.97507,0.8359478,420.72992,197.1787,0.92945015,461.514,213.4375,0.91501313
1967,309.71262,59.275723,0.84448445,294.06653,75.276985,0.972184,326.5465,73.83482,0.8667411,322.5927,102.03222,0.88513416,339.91888,127.57109,0.8933101,356.70636,105.980774,0.99306554,311.03656,136.9018,0.74993813,312.3157,78.969475,0.9098134,360.25574,150.65634,0.9247936,393.03098,171.26274,0.82232136,422.637,196.86484,0.92508686,463.40466,213.08466,0.8966944
1968,311.74554,59.31555,0.82398915,296.65588,75.0503,0.94496053,329.16745,72.73662,0.84761316,324.60538,102.27053,0.8741718,342.15472,127.56306,0.85641336,358.48816,105.99265,0.984873,313.00497,137.0809,0.7152387,314.10028,78.93495,0.92953324,361.8357,150.56213,0.8837362,394.9805,171.71964,0.8367515,424.31897,196.7395,0.8966153,465.29346,213.21007,0.9309796
1969,314.29803,58.87681,0.80864096,298.43124,74.704895,0.8933518,331.38263,73.7052,0.81189686,326.81152,102.330925,0.86658245,343.77594,127.58357,0.841255,359.62823,106.68863,0.969546,315.72522,137.51967,0.7102599,316.08087,78.527756,0.9502436,364.26303,150.08836,0.8575543,397.20645,172.16841,0.8598834,426.89102,197.10532,0.96257627,466.7976,213.1061,0.9531212
1970,316.75592,59.267387,0.8488688,301.13016,75.32364,0.8516906,333.8331,72.68984,0.8362753,329.7351,102.49361,0.872306,345.73132,127.67397,0.83626777,361.39133,106.29361,0.9699574,317.57275,138.08655,0.6751462,318.4976,78.6144,0.9070554,366.17075,150.04907,0.8395143,399.599,172.00891,0.88315696,429.33054,197.28317,0.9752968,468.36853,213.095,0.9416872
1971,318.82535,59.064297,0.8356341,302.57855,75.12941,0.9398485,335.2015,73.30962,0.8343132,330.76367,102.10704,0.89507204,347.65906,127.517395,0.8168382,363.8304,105.87943,0.94961244,318.92426,137.16272,0.7145316,320.3714,79.907875,0.9241961,368.60303,150.4504,0.8561806,401.63977,171.9822,0.9198627,431.909,197.02675,0.89675564,471.0041,213.51031,0.93299884
1972,320.17075,59.529335,0.8438583,304.66446,75.531715,0.9888716,337.38116,73.2042,0.8944678,333.2388,102.11791,0.87900466,349.94733,128.21526,0.835769,366.78137,105.7137,0.910046,321.3856,137.7894,0.7404723,322.79617,79.7273,0.96468365,370.67166,150.4658,0.89754343,404.01733,171.7652,0.90031284,433.4078,197.09343,0.86519873,473.70343,213.72345,0.91710436
1973,322.07193,59.593994,0.83062744,306.9533,75.87836,0.9955406,339.051,73.354805,0.9013261,335.49365,102.54984,0.8395373,351.95514,128.29631,0.87119716,369.6137,106.21387,0.95002943,323.52798,137.46564,0.7551256,324.99728,79.52179,0.95789784,373.16135,150.64818,0.93688136,406.1615,171.73291,0.876496,434.93732,197.2668,0.9006409,475.0784,213.77113,0.92515594
1974,324.9132,59.738914,0.84272456,309.20026,75.583565,0.9719491,341.5182,74.01766,0.868976,337.44528,102.32038,0.87905157,354.28128,128.06229,0.8849438,371.53625,106.20946,0.97404075,325.57828,137.26472,0.74715084,327.33365,79.34517,0.91344714,375.1908,150.6774,0.9354496,408.11893,171.70154,0.83707863,436.61584,196.84073,0.93182343,476.73685,213.6352,0.91954863
1975,326.93893,59.675392,0.8494116,311.7369,75.146126,0.9526085,344.2302,72.901924,0.8407551,339.44882,102.35221,0.88211864,356.41885,127.77891,0.87429535,373.15332,106.14838,0.9939422,327.26852,136.73483,0.741057,329.42438,79.37373,0.89744294,376.626,150.91254,0.90387017,409.43253,171.43738,0.83908707,438.72836,196.57747,0.919494,478.55823,213.35597,0.87105393
1976,328.76553,59.613876,0.80521166,313.8582,74.581764,0.8791386,346.66156,73.22734,0.8254688,341.58243,102.449,0.8752663,358.2906,127.79434,0.83467203,374.54385,106.91841,0.96784925,329.63922,137.12445,0.72247314,331.3627,78.918144,0.9383319,378.62195,151.10736,0.8667406,411.7055,172.36156,0.84718,441.07626,197.2128,0.9260014,480.7298,213.45561,0.9196701
1977,331.3671,59.396126,0.8385034,316.29688,75.3251,0.8724553,348.35324,72.89784,0.8110144,344.46857,102.37021,0.85778826,360.1832,127.80699,0.8399319,376.08127,106.97007,0.95036,331.75348,137.42017,0.70604384,333.53766,78.586136,0.9217332,380.92468,150.26318,0.85096973,413.87485,172.34642,0.8739647,443.34048,197.09958,0.9822766,482.29388,213.4691,0.94955045
1978,333.51968,59.166245,0.85738003,318.51813,75.057976,0.9018631,351.5626,72.88175,0.84224373,347.0035,102.96173,0.8797129,362.45575,127.94449,0.83923846,378.223,106.49819,0.9871515,334.3704,137.79343,0.6730181,335.83786,79.80362,0.913666,382.67233,150.37447,0.8028096,416.29684,172.11276,0.9138034,445.71994,197.12091,0.998947,483.73917,213.29994,0.95275545
1979,334.57358,58.995926,0.84387535,320.09784,75.806946,0.9722516,352.27255,72.95264,0.8524618,348.4354,102.13145,0.88012725,364.4495,127.8617,0.819992,380.73148,106.33431,0.9219357,335.9053,137.3385,0.72700775,337.9308,79.817444,0.9477273,384.9487,150.9432,0.8520291,418.16946,172.13794,0.9280334,447.88187,196.93402,0.91592723,485.4272,213.57979,0.9459184
1980,335.57062,59.42531,0.8183366,321.72134,76.286514,0.9809259,354.0743,72.9756,0.8892305,350.31277,101.9159,0.83905774,366.86298,128.47665,0.84605753,383.724,106.38797,0.92860985,338.9134,138.2994,0.746639,339.78937,79.59177,0.9656836,387.18854,150.69777,0.90471417,420.60242,171.98785,0.90284365,449.11514,197.21945,0.8690497,487.76645,214.02295,0.91836894
1981,337.6774,59.781124,0.8407593,324.18756,76.43098,0.96847,356.09753,72.92081,0.8913259,352.748,102.41553,0.8560436,368.97116,128.50291,0.8712673,386.6183,106.75567,0.96420205,340.72476,137.70113,0.74631405,342.19406,79.29025,0.93356794,389.5815,150.65262,0.9305172,422.7443,172.17621,0.8648688,450.64124,197.23111,0.88628227,490.00742,213.8525,0.9196031
1982,340.83292,59.823517,0.85905534,326.85544,75.24457,0.9362456,358.5403,73.76068,0.85845137,354.4377,102.36515,0.88105315,371.12732,128.06613,0.8921241,388.27682,106.83311,0.99896365,342.6055,137.08054,0.75162363,344.54816,79.14073,0.884912,391.21738,150.65749,0.92159766,424.40863,171.99567,0.83602107,452.20764,196.8216,0.92611057,491.80054,213.9082,0.92290586
1983,342.86285,59.817844,0.8674207,329.74786,75.206085,0.9091216,360.88495,73.89341,0.83758336,356.61218,102.33694,0.8705376,373.47757,127.92642,0.86629856,390.02484,106.55266,1,345.0831,137.50455,0.7055617,346.70062,79.397644,0.9239314,392.9016,151.0871,0.88041365,425.37558,171.60077,0.8413694,454.2915,196.59608,0.9290316,493.74445,213.70401,0.8932128
1984,345.37946,59.21294,0.82180697,330.8737,75.21221,0.8916097,363.2813,73.144745,0.8192857,358.6637,102.73975,0.86056733,374.9413,127.960884,0.84597695,391.12363,107.34568,0.9806647,347.2397,137.8976,0.7014555,348.20157,78.86928,0.9378474,394.93658,151.31294,0.87559634,427.52353,172.69553,0.8521694,456.3808,197.04643,0.91478586,495.67627,213.51932,0.8947413
1985,347.34723,59.518417,0.8801523,333.629,75.49208,0.85533315,365.50195,72.742355,0.81930536,361.57755,102.73062,0.8531328,376.81152,128.08395,0.8581235,392.85773,107.50172,0.9736034,348.9433,138.28934,0.67483467,350.39948,78.70925,0.90439063,397.10355,151.28397,0.8473959,429.6278,172.75813,0.8792825,458.56635,197.53491,0.97526646,497.5674,213.64577,0.9348098
1986,349.17148,59.22357,0.87679213,335.03992,75.155815,0.9199737,367.78503,72.60065,0.8385644,363.63803,102.77185,0.87788093,378.7634,127.91101,0.84744316,394.7666,106.6442,0.9960608,350.74417,137.6645,0.7021656,352.33575,79.61875,0.92156446,399.43533,150.97643,0.796864,432.26587,172.48308,0.90300983,460.95798,197.4885,0.9964989,498.8646,213.70798,0.9531144
1987,350.32083,59.683132,0.8308845,336.61554,75.73031,0.97497225,368.9886,73.179565,0.8563839,364.90414,102.26609,0.86362445,381.18427,128.01291,0.8118368,397.57562,106.49873,0.91551524,353.1087,138.14777,0.73451066,354.38052,79.776184,0.9499584,401.21155,151.16368,0.8464456,433.93942,172.4051,0.9284009,463.3029,197.31818,0.9557367,500.7276,213.82304,0.95143485
1988,352.8014,59.57609,0.821833,338.7198,75.94537,0.98150617,370.9065,73.547485,0.884448,366.80878,101.88521,0.83369285,383.21802,128.49353,0.85529286,400.39096,106.60494,0.9436056,355.27145,138.10474,0.7545546,356.64624,79.54867,0.95672685,403.42932,150.91571,0.9176818,436.59305,172.2244,0.9006614,464.51553,197.12386,0.87220836,502.4332,214.06485,0.9393987
1989,354.54517,60.027157,0.8595996,341.21445,75.994644,0.9496208,372.78357,73.44705,0.87314504,369.09537,102.46987,0.86419886,385.2798,128.57845,0.87042063,402.85913,107.02993,0.95812637,357.24658,137.85359,0.752735,358.81543,79.37538,0.91228247,405.56305,150.83942,0.93533844,438.80887,172.35751,0.86390895,466.40817,197.47002,0.8860538,505.41895,214.08952,0.9132569
1990,356.63522,59.76404,0.86817956,343.38586,75.166664,0.9540601,374.9631,73.19591,0.8670113,370.97498,102.22841,0.88056153,387.4711,128.16481,0.88461125,404.36542,106.73439,0.99394506,359.24014,137.41429,0.74682546,361.09155,79.12031,0.8918692,407.3188,150.751,0.92638904,440.4905,172.41856,0.82641876,467.92926,197.152,0.91674066,506.64893,214.25641,0.91821086
1991,358.70718,59.833866,0.87468576,346.42126,75.16041,0.90678483,377.04657,73.49213,0.84708697,373.05353,102.144005,0.8557444,389.6033,128.02681,0.8588188,405.9809,106.61235,0.99200016,360.88535,136.4087,0.7180306,363.10147,79.15724,0.93889683,409.03308,151.17247,0.8845958,441.36377,171.99675,0.83485895,469.60535,196.68997,0.9369402,508.2423,214.09862,0.91747713
1992,361.0718,58.9152,0.84128124,347.08484,74.56354,0.9016831,379.61835,73.57762,0.8005138,375.25717,102.41729,0.84801865,391.09854,128.08829,0.851449,407.3178,107.17333,0.97610337,363.52197,137.99713,0.6999815,364.4608,78.48123,0.9426856,411.0469,151.43028,0.87662756,443.37796,172.69719,0.85593724,471.70718,196.92474,0.9139383,510.2789,213.95143,0.87291014
1993,363.15033,59.203293,0.8825317,350.09644,74.796165,0.85216665,382.47772,73.425896,0.8224005,378.3554,102.44288,0.8549861,393.16177,128.27531,0.8598339,409.16693,107.39163,0.9673542,365.9399,138.64607,0.666046,366.95117,78.41629,0.89945656,413.14258,151.6025,0.85213125,445.55273,172.83966,0.8834128,473.85443,197.50775,0.9814109,512.03204,213.7837,0.8963108
1994,364.9346,59.198555,0.8721198,351.37854,75.0365,0.92372453,384.41086,72.40745,0.8343418,380.25204,102.88834,0.8706458,395.04993,128.11485,0.85645384,411.37134,107.03828,0.9820342,367.3134,137.88043,0.718161,368.85587,79.361916,0.9309013,415.13428,151.66139,0.79726994,447.72247,172.63094,0.890385,475.78622,197.71425,0.9951701,513.9963,213.87622,0.9465725
1995,366.59024,59.696552,0.82135475,353.0956,75.48696,0.98632747,385.50632,73.35233,0.86921024,381.4405,102.25759,0.84851104,397.66656,128.6622,0.8121528,414.0178,107.01641,0.9012267,370.29944,138.86543,0.73233086,370.9636,79.30289,0.9675857,417.11572,151.40556,0.8455364,449.53488,172.84193,0.9259053,477.97043,197.95288,1,515.0283,213.68953,0.95385075
1996,368.69186,59.70715,0.8239966,355.58725,75.27957,0.98451746,387.6325,73.22889,0.88780284,383.72617,102.81278,0.82975364,399.58765,128.74686,0.8515504,416.56207,107.10199,0.9362954,372.08215,138.44128,0.7432548,373.3404,78.79191,0.9581067,419.29718,151.26166,0.92447925,451.98172,172.73468,0.91038805,480.71442,197.6627,0.92330617,516.7296,213.77647,0.954272
1997,370.80222,59.843292,0.84832656,357.96085,75.33356,0.9640543,389.44138,73.30057,0.8776616,385.6018,102.51241,0.86617434,401.70782,128.82465,0.86419076,419.1539,107.46496,0.94664264,374.30502,138.2023,0.73463786,375.32034,78.870766,0.9140655,421.3293,151.0782,0.9472206,454.4984,172.71161,0.8639633,481.67517,197.43425,0.89236194,518.9583,214.21469,0.93188286
1998,372.74927,60.064766,0.8811398,360.6602,74.769356,0.9256458,391.8007,73.31699,0.8663597,387.84415,102.60571,0.86881757,404.27838,128.60205,0.86632484,421.01178,107.55132,0.9830136,376.6549,138.28636,0.70985734,378.0305,79.351364,0.90533835,423.3334,151.12817,0.92922693,456.42355,172.73058,0.82560354,483.40738,197.50713,0.91123277,521.7866,214.1554,0.91855425
1999,374.31317,59.806393,0.8618034,361.62997,74.73852,0.9292541,393.6796,73.16301,0.8578139,390.15863,102.4825,0.8347517,406.43433,128.89754,0.862024,423.03195,107.54329,0.9571934,378.55124,137.24445,0.693867,379.5834,78.971375,0.94558835,425.28073,151.60585,0.8924708,457.3529,172.22472,0.8392079,484.8987,196.63762,0.9353998,522.93945,214.20464,0.9191874
2000,376.83676,59.806133,0.8685103,364.60785,74.700516,0.8857432,396.68405,73.64108,0.8066886,392.9301,102.83357,0.82152575,408.04477,128.64586,0.8731794,424.16617,108.083305,0.9667854,381.3689,139.13614,0.66281027,381.2903,78.553116,0.93113506,427.63443,151.79694,0.8774974,459.38074,172.9092,0.85685486,487.3725,196.99608,0.9209302,524.9121,213.97906,0.90840393
2001,378.98367,60.025177,0.9084316,366.8384,75.723526,0.90056026,399.15118,72.51237,0.8336071,395.32324,102.92647,0.8385134,410.302,128.65968,0.87219363,426.20612,108.08759,0.9793835,383.29022,138.75854,0.692715,383.9111,79.71162,0.88969773,429.73264,151.90723,0.8431381,461.58774,172.95543,0.88990533,489.21927,197.43318,0.9689391,527.18195,213.81479,0.8771258
2002,380.9826,59.983616,0.87405413,368.32388,75.59886,0.96998435,401.40393,72.67685,0.8344093,396.54446,102.4368,0.85322934,412.41293,128.48035,0.8270429,428.54166,107.69673,0.9209682,385.34146,138.8603,0.72904015,385.94464,79.71644,0.9397726,432.32343,151.3918,0.81125885,464.52356,172.65506,0.9034453,491.98105,197.8355,1,529.3495,214.07933,0.9317135
2003,382.8986,60.212914,0.82365704,370.08643,76.13911,0.98938936,402.265,73.41888,0.86139446,398.63174,102.19481,0.82818776,414.87885,128.85573,0.8345339,431.20337,107.0841,0.9123985,387.75012,139.2505,0.73215497,387.89093,79.44306,0.9582201,434.0624,151.43893,0.880967,466.40555,172.70085,0.9315217,494.06055,197.54147,1,530.49384,213.9055,0.96140057
2004,384.86508,59.920223,0.85046005,372.6604,75.01168,0.9943425,404.6189,73.28742,0.8832568,400.98843,102.69635,0.8444832,416.80872,128.8508,0.853079,433.98285,107.46698,0.9384762,389.6238,138.421,0.73942006,390.27448,78.58014,0.9145554,436.45004,151.24161,0.94601524,469.09656,172.60558,0.8979667,496.934,197.50114,0.91755396,532.02606,213.91534,0.9591036
2005,386.07852,59.627197,0.8533125,374.9194,74.485596,0.95922285,406.42822,72.67605,0.861193,402.89255,102.184586,0.8649712,419.27914,128.61136,0.87073034,436.05566,107.1662,0.97491187,391.85956,138.30133,0.72494423,392.41306,78.06996,0.87208855,438.46405,151.20267,0.9456462,471.23877,172.58415,0.8619371,497.6919,197.1308,0.8996799,533.89996,214.11404,0.93672097
2006,388.74765,59.725117,0.8769498,378.18195,73.966705,0.88968474,408.8256,72.647575,0.87511116,405.43307,102.0587,0.8556694,421.27753,128.47806,0.8477847,437.82172,107.049614,0.9707123,393.67255,137.19374,0.70498925,394.94598,78.86602,0.9057301,439.90335,151.27847,0.91944426,472.7363,172.59853,0.81630296,499.33942,197.2278,0.922278,536.6098,214.56085,0.9078159
2007,390.81543,59.819786,0.8401567,379.22156,73.714226,0.8937698,411.12262,72.60064,0.82327193,407.82184,102.39166,0.83069336,422.97903,128.37177,0.8523831,439.4116,107.49612,0.9646061,396.44107,138.93814,0.6743262,396.59103,78.432915,0.9347332,442.24924,151.83734,0.89576894,473.6982,172.5163,0.84681743,500.83356,196.64227,0.93754643,538.5587,214.25755,0.9212955
2008,393.03583,59.903805,0.8710254,382.33728,74.508835,0.83464754,414.42734,72.84768,0.8054591,410.5996,102.136925,0.8453334,425.1161,128.35564,0.8661638,441.2304,107.6032,0.94099766,398.40018,138.07133,0.670132,398.96448,77.933174,0.8913176,444.43756,151.98077,0.86911696,475.68204,173.01025,0.871601,503.41153,197.05066,0.9213283,540.56915,214.09781,0.9134069
2009,394.53766,60.213646,0.884432,383.96585,75.262566,0.916155,416.51212,71.67952,0.8065207,412.8603,102.54707,0.853292,427.27274,128.26755,0.8500599,443.43094,107.36384,0.97050506,400.50064,138.53117,0.7229787,401.0557,78.89227,0.9201422,446.70108,151.87982,0.82217854,478.08173,173.09686,0.8975329,505.04108,197.82364,0.9681582,542.0209,214.1291,0.8705337
2010,395.09753,60.27797,0.876262,385.3371,75.76265,0.9708917,417.18378,71.71961,0.8376411,415.198,101.98625,0.8170866,430.00583,128.59564,0.8008134,445.8884,107.65253,0.839341,402.96692,139.2683,0.72503537,402.43225,78.42089,0.9688486,448.97632,151.97266,0.84139806,480.80682,173.21266,0.90042377,506.96667,198.59431,0.99651474,543.67505,214.12834,0.8894121
2011,391.889,61.792538,0.9379985,387.28897,79.057816,0.8546496,415.53525,69.264046,0.84449226,416.84583,101.46503,0.8296321,432.57587,128.75906,0.8386496,449.19666,108.05584,0.880007,405.37653,138.82068,0.72049254,403.45312,77.64595,0.9258719,450.93005,152.1715,0.9109926,481.81555,174.3715,0.87463444,508.22806,200.01476,0.9820299,545.3747,214.3659,0.92985165
2012,388.5338,63.435997,1,387.03384,80.03823,0.8000031,412.28802,66.54774,0.82130384,418.64456,100.523346,0.8449023,435.30637,128.43068,0.85084593,452.22357,107.5698,0.94113886,408.00732,138.95778,0.698808,403.42032,76.83256,0.8869665,452.885,152.03531,0.9485491,481.7342,175.01157,0.8645974,507.88086,201.58539,0.94695365,545.4835,215.9026,0.884224
2013,382.4299,65.351395,0.9878937,387.4922,83.29921,0.8381688,407.2125,62.635674,0.82223153,420.86713,99.59934,0.819569,437.9783,128.05699,0.8663562,454.22604,107.33304,0.9541432,408.88858,137.22179,0.69318557,402.9706,76.5304,0.8588633,454.39883,152.01761,0.92457616,483.92722,175.44391,0.85877514,510.22366,200.242,0.93692863,547.21796,215.71587,0.8762522
2014,377.9831,69.60916,0.96562076,389.2108,85.378334,0.82314914,404.66415,61.740894,0.90223986,422.92725,98.590965,0.7901927,439.2286,127.302124,0.8710454,456.19662,106.97314,0.9207382,411.2258,137.5227,0.67773324,402.6965,76.998276,0.87582123,456.04642,151.78911,0.85927737,486.38303,174.83339,0.8365019,513.0002,199.45456,0.90833676,548.56995,215.99805,0.9006314
2015,377.69492,70.85022,0.9529682,388.6341,86.98143,0.882392,403.96198,62.809044,0.9048918,423.21826,99.205444,0.81999856,442.04068,126.89963,0.87143093,458.3342,107.45754,0.8779269,413.37054,136.19812,0.71243,402.3629,77.96157,0.87730634,459.43185,151.58563,0.8143479,488.6998,172.73477,0.8177729,514.3908,198.8634,0.92252916,552.8978,215.57964,0.8975181
2016,375.48413,73.88551,0.90649223,389.91312,88.04986,0.77244437,402.5956,64.28589,0.88123184,424.0448,99.46732,0.85922647,444.29758,126.57993,0.86769444,460.1272,106.86265,0.8419213,415.83875,136.9557,0.79341733,402.0578,78.48651,0.8437371,461.48703,150.35239,0.80126554,491.20026,172.50172,0.8718642,518.10657,196.75136,0.9351255,555.934,213.12862,0.9049455
2017,373.54745,75.78689,0.9620006,389.51193,90.4457,0.798895,400.16824,64.68648,0.81942254,425.39874,99.43172,0.83999157,445.7346,126.6068,0.8152624,461.63614,107.01872,0.78527874,418.52798,137.43687,0.8476776,401.62894,79.4259,0.8128826,463.6159,150.08047,0.8075131,494.18777,171.32654,0.89331776,520.925,195.26747,1,559.89966,209.49417,0.89429116
2018,372.08102,77.86398,1,388.98077,92.421104,0.81341475,397.28897,65.24835,0.7717789,425.01733,99.17135,0.81299347,447.2952,125.800545,0.8362226,462.29776,104.06006,0.6839966,421.88834,138.05832,0.8349401,400.82413,80.73317,0.8233886,465.0123,148.80858,0.90273285,496.69345,170.38774,0.9090352,522.7598,194.63216,0.9703943,561.071,208.12222,0.8741683
2019,370.55362,78.47944,1,388.32123,94.12038,0.7951841,395.22137,67.11214,0.7491919,425.2054,99.08011,0.7747096,448.86615,124.90636,0.8472716,464.0008,104.43388,0.6937945,423.74078,137.5968,0.8093567,399.5557,82.333084,0.84467715,467.01367,147.18384,0.9419838,498.18347,168.90651,0.90906626,523.9711,193.22562,0.96680033,562.7023,206.93913,0.88923407
2020,369.64267,78.84066,1,386.7372,94.886055,0.75946933,394.2421,68.83035,0.7673673,424.90552,99.4145,0.75773805,450.7043,124.501595,0.840711,465.26044,104.111084,0.69369775,423.91806,137.11119,0.7761092,398.07135,83.67567,0.88351846,468.99615,146.38828,0.9819479,500.554,167.42787,0.93104225,526.1694,191.38414,0.90623826,565.8167,205.39647,0.8866376
2021,368.3511,79.0877,1,384.57135,95.20783,0.74929446,392.74988,69.34248,0.7850959,425.06625,98.4745,0.7756006,451.78473,123.68357,0.81894773,466.31564,103.04509,0.68989176,426.35965,137.7976,0.8078248,396.22647,84.24355,0.9143033,470.23297,145.4198,0.96178883,502.18204,166.09726,0.90687114,529.38055,188.9379,0.97769666,569.8068,203.49008,0.8976171
2022,364.5838,77.737915,0.91040444,382.03397,95.74018,0.737485,390.00616,69.2851,0.84059757,422.12112,97.83824,0.83137953,452.92886,122.902504,0.79400855,464.98056,101.15214,0.689213,427.93732,137.79265,0.81874114,392.29205,83.460144,0.8879826,471.47693,144.0177,0.8970502,504.12543,164.09714,0.89925927,531.5922,186.90385,0.9779395,572.47845,201.70067,0.79554343
2023,360.18744,78.06771,0.9104636,378.0332,94.337074,0.7421592,386.33716,67.795494,0.82587147,418.6576,97.12495,0.84460896,453.19092,121.26859,0.7929499,464.4414,99.88411,0.701341,429.07,136.9106,0.82083476,389.47058,82.22058,0.9291269,472.74683,140.98474,0.9404164,504.423,160.7724,0.85268736,532.3412,183.77495,0.9674622,572.66614,200.58719,0.8369552
2024,353.7109,77.7296,1,374.39807,92.56632,0.8369135,380.1702,64.75252,0.74063545,414.94775,95.87982,0.7926772,450.56323,118.14097,0.8251668,460.9405,98.58262,0.7182508,427.52313,134.69861,0.8384966,385.39246,80.95396,0.81140244,470.86118,135.59525,0.94793046,504.36627,156.76848,0.851402,532.9953,181.91606,0.93293786,573.9117,198.77777,0.9216609
2025,348.89688,77.48338,0.8929057,367.48627,90.71486,0.79362863,375.46307,63.991215,0.8493921,413.69122,93.736534,0.7880294,447.8464,115.91099,0.82350636,457.87277,94.923256,0.81261015,425.6471,132.76637,0.86614704,379.41882,78.67646,0.8013989,469.4523,132.34135,0.96327674,502.47778,152.49165,0.88262314,531.8761,178.05495,0.9279287,575.2422,192.91739,0.88643074
2026,343.95447,74.93734,0.8913381,362.93625,89.39945,0.798704,370.63773,62.50817,0.9160426,410.2674,91.450035,0.7860664,444.66467,112.605835,0.7488372,455.24698,91.41451,0.83403844,422.48672,128.21088,0.7389188,374.60715,77.529526,0.8002324,466.63657,127.05565,0.93832856,499.70953,146.87645,0.9529239,530.05707,171.71019,0.98380166,573.33844,187.76022,0.83940226
2027,337.2413,73.10745,0.9711678,356.47778,85.953606,0.9285675,363.06573,59.384624,0.83816475,405.2742,88.007225,0.7390984,441.36877,107.54092,0.6889014,450.15518,86.10816,0.7330886,417.96643,121.828804,0.7060281,369.62985,74.49324,0.795717,462.9268,121.42044,0.9520314,496.33463,140.4962,0.87958294,527.7284,165.19748,0.8281125,570.9241,182.08598,0.9611553
2028,334.08868,73.74872,0.82311916,352.29343,85.75707,0.8762596,357.55374,57.613655,0.8857848,399.92694,85.001495,0.8125433,435.94543,102.89721,0.80139196,441.78564,79.34435,0.69744396,414.5122,119.87156,0.67088544,363.46097,74.16338,0.83905333,457.19568,117.32584,0.88608193,492.82144,134.77643,0.918222,522.77374,158.6022,0.9213341,567.44684,175.41345,0.934448
2029,331.44226,75.492004,0.8581524,348.77515,84.77549,0.8745982,354.36224,56.489223,0.83701885,393.08157,81.37457,0.7924765,428.93085,97.82019,0.7866356,434.31067,72.956535,0.7400585,408.21567,115.41312,0.7728246,358.8982,71.84706,0.8147677,451.41385,110.060005,0.96448886,486.70856,128.8868,0.90217113,518.88556,153.29388,0.89028794,562.9305,168.80377,0.8534759
2030,328.00018,75.33992,0.8656267,344.20984,85.565254,0.9200391,347.43707,56.603077,0.75761044,386.31796,79.83711,0.83797663,422.11295,92.22615,0.8600789,426.8782,67.01054,0.6894348,404.9726,112.40824,0.8833193,354.93082,71.77007,0.79117274,446.45126,104.416145,0.95778745,480.7062,123.08925,0.88467866,513.43164,148.86609,0.8692944,558.6699,163.93811,0.9038706
2031,322.41626,76.3793,0.9541229,340.02762,85.28394,0.8627852,341.1088,56.99188,0.8119063,384.1693,77.50708,0.78567755,416.8783,89.35516,0.83445823,421.3619,64.653595,0.74960095,401.23987,110.04799,0.8472478,349.98596,71.75625,0.81475174,440.7992,101.28462,0.9567047,477.5904,118.69572,0.93562174,508.64313,142.5878,0.8840861,554.67206,158.87135,0.89685404
2032,321.83887,78.92592,0.89919853,337.5107,86.69938,0.78147596,337.1813,57.77773,0.7570974,379.4261,75.79246,0.791344,413.82327,86.18349,0.843023,418.3872,62.96228,0.7978636,396.6586,108.077614,0.8381184,345.29443,72.86551,0.80312955,437.79422,99.24882,0.98212355,474.5868,116.157585,0.9689289,508.76215,138.52669,0.8934187,553.65985,152.63669,0.8682904
2033,321.27567,80.6378,0.9670584,336.3207,87.944244,0.77708584,335.7568,59.856506,0.7205292,377.1527,75.5311,0.7912448,409.87204,84.62957,0.8889324,413.8629,59.779102,0.77460253,393.83994,106.747055,0.77546203,344.2544,73.94925,0.8432451,434.8943,97.00101,0.94801027,472.09906,113.428734,0.92366326,508.04056,134.36485,0.923641,548.9981,145.90091,0.8643595
2034,319.72342,85.653915,0.9375372,335.79416,90.80357,0.8363658,327.84537,63.534843,0.7975387,374.77118,75.79674,0.8045757,408.15482,83.58343,0.86066407,412.80783,59.300964,0.80460465,393.07162,105.36283,0.7470461,343.15472,75.64427,0.8591216,432.2889,95.75386,0.91871756,471.94067,110.47302,0.87162906,506.2816,129.99272,0.95683885,547.2482,142.75024,0.9040217
2035,316.33887,88.77159,0.8502897,334.28552,92.87061,0.784485,326.73563,65.609406,0.84656376,372.85617,76.01221,0.83211917,407.49493,82.494606,0.8196114,411.2567,58.839077,0.8024394,391.59302,104.186844,0.76377416,341.00006,79.14195,0.85013855,431.23315,94.334595,0.96071774,470.23404,107.612656,0.93433934,505.39316,128.95367,0.94611037,548.7091,140.63937,0.91196096
2036,313.1473,89.65078,0.75654936,333.24503,95.58683,0.8330667,324.06714,66.81627,0.82025373,370.04068,76.66602,0.8661126,405.9426,81.75312,0.82178587,406.3481,57.033375,0.79448,390.6363,103.43384,0.79724145,337.8077,80.35011,0.83702564,431.06747,93.034225,0.9857145,469.06778,105.09551,0.9183839,505.335,125.87455,0.96054035,549.54553,136.62297,0.85883296
2037,309.58405,90.493484,0.8077346,328.61505,96.27133,0.82508266,320.50436,66.98958,0.8310917,367.4217,78.255264,0.8364998,404.33737,81.227776,0.8123786,404.80505,58.127056,0.828035,390.00885,103.14607,0.81846607,333.14502,81.11447,0.8478343,429.90027,91.52558,0.9947934,468.8342,102.18245,0.99813294,505.7413,122.401665,0.9873698,546.8104,132.50294,0.8908093
2038,306.75076,90.57235,0.87450755,324.91486,97.95973,0.89317304,319.02603,67.95111,0.82029444,364.40366,79.54604,0.88744223,401.5691,82.17815,0.8285163,401.99112,59.095802,0.86966604,388.94238,104.530846,0.7889502,330.34448,82.711174,0.88599634,427.31894,90.86893,1,467.01315,98.12797,1,504.3679,115.74363,0.91585565,545.8302,125.68764,0.8811918
2039,299.7569,90.969604,0.7718986,320.94186,98.64424,0.85111016,315.53867,69.99993,0.79495883,361.24854,80.74325,0.92662156,398.029,81.64628,0.8776568,397.4987,59.294197,0.75561535,386.62915,106.75398,0.7879817,326.60718,83.8086,0.82678133,424.17737,88.38257,0.96449184,464.74353,94.36996,0.87804765,503.57513,111.776794,0.86831963,544.91394,118.54695,0.8368884
2040,293.86447,89.26858,0.826241,312.83002,98.92661,0.9155496,311.12695,68.19827,0.83014596,357.27942,81.34491,0.949192,394.20312,81.16897,0.8865269,392.88235,59.13226,0.7701351,385.01822,107.18522,0.794176,322.19055,83.51302,0.8327056,420.57132,85.54461,1,463.55286,88.278275,0.817527,503.0016,106.24509,0.8259615,545.2108,111.2337,0.80994725
2041,288.57068,89.293106,0.82815397,307.41687,98.15609,0.89251614,305.70038,68.33841,0.86391264,351.79706,81.43551,0.9155149,390.60785,81.31887,0.88353515,386.2938,59.33083,0.7733081,380.84863,107.48836,0.8998033,315.49188,83.53018,0.9053839,416.20013,84.07166,1,456.03906,84.15189,0.8788409,499.3942,100.73815,0.8010497,542.70306,103.40463,0.8703129
2042,282.68558,89.207016,0.7794149,302.03217,97.15199,0.8715734,298.35254,68.42912,0.83449894,346.72293,81.0767,0.8875531,386.4044,81.0376,0.8956717,381.7471,58.168785,0.72024685,376.54236,106.68906,0.93537605,309.8485,82.42624,0.84635603,411.86362,82.15086,0.9628281,451.35416,82.69157,0.93781495,493.52985,93.80923,0.77546954,537.9337,98.93445,0.88330555
2043,279.73056,89.41966,0.79614776,296.26312,96.3774,0.8911958,292.701,64.8747,0.8769761,342.1787,79.49046,0.88854575,381.0942,78.78775,0.83330274,377.21884,56.683723,0.71040046,373.66992,105.374344,0.86315614,304.42517,81.57301,0.8217766,406.84723,79.43914,0.92800343,445.63977,80.13373,0.862644,486.82166,90.62313,0.77437085,531.05115,95.20007,0.87634146
2044,273.6441,89.01867,0.9008172,290.67783,96.14058,0.8504712,287.87735,65.43045,0.8715932,335.21365,78.872,0.871274,374.1682,77.78454,0.9165309,367.9032,56.036816,0.76453483,367.90347,103.933304,0.8644211,298.13156,81.119736,0.8749434,399.7058,76.7743,0.91097254,437.15033,77.183655,0.9307516,481.2229,87.799065,0.811526,525.55206,93.0911,0.8902905
2045,266.12924,90.86098,0.7471816,286.63345,97.72947,0.88926,279.1301,68.65771,0.82417303,328.37668,79.77716,0.8528505,367.83057,76.30815,0.89335275,361.20715,54.77378,0.754645,360.9901,103.27251,0.9050139,292.58884,82.63281,0.8215668,394.24017,75.18074,0.95120054,430.46924,74.393555,0.8539327,474.11234,85.66643,0.85210055,518.66534,90.61328,0.847865
2046,263.54614,95.94909,0.8056058,282.5342,100.3374,0.87737375,271.4233,70.24124,0.76282316,322.20474,79.6927,0.89663863,360.78256,76.721634,0.8551342,355.7269,54.451622,0.8343393,353.52377,102.214615,0.8731795,285.15097,84.09912,0.88854104,387.54037,75.94701,0.97813505,425.37292,74.566956,0.88707966,469.28992,83.65539,0.82804054,514.1001,86.62288,0.8582165
2047,260.89883,96.531715,0.8787835,278.0714,101.02648,0.85704327,265.15164,71.73741,0.73929495,317.3728,79.89943,0.9179542,355.31442,76.22893,0.9408657,350.34268,54.82386,0.782106,347.86255,102.653175,0.93199813,280.89423,84.462395,0.836071,381.93463,76.827736,0.98104006,419.0625,74.888115,0.9471656,464.94922,83.57819,0.8218437,509.50626,84.76852,0.9522475
2048,257.69687,98.44154,0.95772445,273.85275,102.47942,0.815913,261.58484,73.22844,0.7093658,311.74963,78.74334,0.85282314,350.25974,76.9437,0.8309021,345.40613,54.575157,0.8130111,342.89954,102.139854,0.84322286,276.58127,85.74526,0.8164631,376.38016,79.181,0.97140855,415.73215,75.15915,0.899636,460.0601,83.98962,0.855018,505.2744,84.23652,0.9399199
2049,251.26485,101.57102,0.90240616,270.49185,104.48681,0.73713887,256.49597,76.45653,0.7812107,306.96008,79.69792,0.9427343,345.1859,77.46444,0.8371328,341.66766,55.163364,0.8123161,336.60754,102.84246,0.82922304,270.11734,88.69908,0.8441397,372.41983,79.85522,0.9532519,412.34085,77.19699,0.89798456,455.9581,84.81771,0.83424664,500.64993,85.77708,0.94524413
2050,247.1058,102.60497,0.9013645,266.61298,105.836006,0.7195563,250.59438,78.25654,0.7211066,302.9511,80.77443,0.94401455,341.8735,77.59691,0.89911026,338.3189,55.56632,0.8121322,332.40866,103.51684,0.8416104,264.71915,89.6785,0.8861464,368.62225,80.278145,0.9783322,408.18457,77.41467,0.8998451,452.6226,86.68893,0.82570726,496.4034,88.75685,0.8805147
2051,244.9486,104.21474,0.9506265,262.68362,106.52676,0.80489594,247.1912,79.44704,0.8337886,298.99817,82.03201,0.9363071,337.3063,78.3356,0.8736837,333.79333,55.67235,0.735665,328.1095,103.86869,0.7446435,262.93777,91.13117,0.88645566,362.93045,81.31804,0.9790875,404.36514,78.296936,0.94027144,447.7523,86.19508,0.7821478,491.10757,91.85427,0.8474695
2052,241.9651,106.55787,0.91421914,258.3663,108.93486,0.8497089,245.04315,80.86824,0.9162071,294.98334,84.12377,0.9285922,331.4298,79.64678,0.8369929,327.82825,56.597565,0.72608644,324.27432,106.05098,0.7885618,260.4118,93.56101,0.91602015,358.80685,82.96689,0.9535175,398.779,79.362366,0.8512041,442.13843,87.62134,0.8349634,485.7215,92.28686,0.87273204
2053,234.33707,104.70536,0.80280113,254.31476,110.4539,0.78709334,242.63518,81.888145,0.83622605,291.43292,86.84733,0.91664684,328.41092,80.84298,0.9307963,322.58176,58.014954,0.7991167,321.65405,108.07359,0.82668275,257.5158,94.84609,0.82517314,355.7977,81.723854,1,394.71768,80.756,0.8755204,439.5673,89.68907,0.7538361,482.94904,91.37897,0.8540304
2054,227.74748,106.23192,0.8685109,248.61522,111.222786,0.7450029,236.38463,83.33468,0.8328269,288.07065,89.01342,0.8639232,324.63257,82.132065,0.9199729,315.8995,59.268505,0.7148933,318.8061,109.491035,0.9002311,249.95503,95.65789,0.7724335,352.24878,80.87776,0.9381171,390.45917,78.38447,0.90049547,436.52588,89.5758,0.7971755,480.59686,92.662865,0.8416012
2055,223.8125,107.23943,0.89156604,243.501,112.33856,0.80465764,231.51903,84.516014,0.8443157,282.53662,89.48317,0.8797869,321.37308,82.27173,0.89677405,312.62936,60.33636,0.7495076,315.45,109.803345,0.96176857,247.10312,96.93874,0.80609727,348.70337,79.500046,0.9694651,387.6596,76.43587,0.9431351,433.0023,87.6066,0.75124663,476.6105,92.225075,0.8176438
2056,221.3055,108.13381,0.7908735,240.0884,112.19873,0.8616583,227.97469,83.06766,0.88663435,278.37585,89.1893,0.91379225,316.80936,82.55159,0.8820327,307.9341,60.27412,0.78794706,312.141,109.895676,0.9268206,242.65526,97.20449,0.819456,343.88345,78.107315,0.95207036,382.69214,74.72413,0.8604636,427.41812,84.07284,0.82916695,471.6103,86.60201,0.775619
2057,215.95662,109.05742,0.78932154,235.26024,113.05079,0.82610756,222.201,83.73661,0.8009333,273.76324,88.97272,0.91301084,311.7618,81.6619,0.93778926,302.3796,59.79433,0.6873762,308.61182,109.06768,0.90559804,236.16234,97.531944,0.8650299,338.43338,76.02321,0.9534467,375.4785,70.506935,0.86892635,421.14304,81.04998,0.7395761,464.79276,84.320625,0.84819865
2058,210.21376,113.575714,1,230.4638,116.53002,0.8382541,213.88043,89.75496,0.7335816,267.91638,88.14264,0.8430951,307.0946,80.959595,0.9059332,297.40787,59.13109,0.6998614,303.78632,106.19688,0.8218827,230.52982,99.98314,0.8462615,333.53046,75.9389,0.8919877,369.23553,69.76828,0.8754372,411.8185,75.45388,0.7386914,458.11078,82.45216,0.9028868
2059,201.9844,118.99703,0.88969696,224.9911,121.00431,0.7847213,207.06381,94.77806,0.74942404,260.80496,88.668724,0.8997693,301.26276,80.777565,0.8518744,291.6369,59.716457,0.73621,297.03232,107.25937,0.93491364,220.60881,104.07561,0.86096,327.92334,77.031975,0.92946976,363.60483,70.348495,0.85629815,406.1835,73.83223,0.7448062,451.30502,79.58189,0.84073484
2060,198.71782,123.748856,0.85307366,221.35112,124.79098,0.7726208,199.93663,97.83619,0.81307775,253.15717,92.05105,0.8772893,293.129,82.779396,0.9034215,281.03067,60.507225,0.7035809,290.54623,109.38647,0.9129385,215.45485,106.56746,0.83701503,321.0992,79.52245,0.9174855,357.70276,70.68284,0.8840744,401.73767,72.27803,0.72907877,448.47824,74.94534,0.87881446
2061,196.38486,126.21041,0.93692935,217.16945,126.65368,0.764382,196.56885,100.536865,0.9057411,247.39899,93.78233,0.8495342,285.94656,84.05573,0.88657683,274.31702,62.19837,0.7570799,284.62158,110.44864,0.9032003,212.94026,109.92802,0.9288199,314.1526,80.77442,0.9216831,352.12723,72.61782,0.86066777,395.18997,74.45839,0.6784557,441.34714,73.88414,0.9076472
2062,191.55853,127.23429,0.9252399,211.81728,129.6488,0.88052994,193.6049,103.4567,0.7929741,242.48218,97.056145,0.8604939,280.2909,85.892654,0.91155505,269.8567,63.062397,0.75320107,278.83743,112.62666,0.8390575,210.07951,112.78942,0.85485107,308.4942,81.77913,0.9974744,345.93512,73.79133,0.8809164,389.10266,75.09435,0.72161955,434.5361,77.42689,0.94076586
2063,187.48244,132.19131,0.92732096,207.68126,133.3097,0.8074599,186.64449,107.380356,0.70571446,238.09398,100.2927,0.8548274,274.97046,87.92333,0.92561823,265.67447,65.91982,0.7968685,274.2698,113.33972,0.7918254,203.9963,115.94163,0.9562443,302.70175,82.246346,0.9902083,340.25427,72.84393,0.9239511,384.35944,75.36324,0.7391719,431.1935,79.05817,0.8642138
2064,184.40393,136.89204,0.8764494,206.47589,136.92397,0.79792523,182.99445,113.42454,0.81462914,233.64166,102.42335,0.87463415,271.30585,89.194115,0.87226915,259.91495,68.041794,0.7863526,269.6625,115.27064,0.7860139,199.09958,120.80936,0.89401835,297.74863,84.752235,0.9352013,336.79416,75.805534,0.94237334,380.39502,75.44508,0.7022956,427.4334,75.42986,0.92590284
2065,180.32513,141.21718,0.91365063,201.52406,140.17188,0.80904454,178.29568,116.532524,0.9029012,229.00157,105.20402,0.9009423,264.996,92.63784,0.8965307,254.40788,70.56423,0.7769541,265.09848,118.0538,0.75803435,194.90416,123.92572,0.93542004,293.8372,88.71637,0.89137894,330.60013,79.97554,0.8586791,375.2822,78.247314,0.7531987,421.17648,75.31213,0.97074497
2066,177.03117,142.91127,0.8961994,196.33215,142.8193,0.80587083,175.05444,118.0164,0.86360264,225.7992,108.93233,0.94072866,262.5299,95.16317,0.89318824,248.709,75.91262,0.80067974,262.16803,122.18925,0.82616425,192.35863,126.65258,0.9837631,289.9569,89.60342,0.9372646,326.71133,81.1149,0.85942316,374.35602,81.899506,0.8271257,417.14276,74.18817,0.88165855
2067,173.78535,145.8717,0.8146347,192.30058,146.39441,0.8334879,171.26364,120.28311,0.7330503,222.5689,112.62646,0.87047684,259.0189,98.00077,0.89262855,245.31905,79.156364,0.801053,260.5503,124.413185,0.84083545,188.09306,128.86292,0.92580867,285.8567,88.874016,0.887906,322.5452,81.523796,0.87476075,371.08533,83.950615,0.8878223,413.69916,72.92077,0.8878663
2068,169.14912,148.5583,0.9331027,190.52403,149.7839,0.77887636,167.97871,125.42841,0.7570918,220.00922,113.93041,0.8573811,256.43997,97.90185,0.896532,240.05443,79.49684,0.76226,258.50116,124.62498,0.8401315,185.67908,131.77925,0.9239487,281.83328,89.39038,0.8993714,317.64075,79.27877,0.84439516,360.8819,79.02127,0.7761561,407.17984,77.06006,0.9405123
2069,166.8056,151.53592,0.9733855,188.04126,152.08173,0.8025965,165.64238,128.42754,0.85200596,216.77379,115.16686,0.80781525,253.2168,98.14905,0.9490605,233.70952,80.70744,0.75160724,257.25006,124.95205,0.85885966,182.35243,134.94994,0.8790693,278.268,87.52103,0.8703428,314.62866,75.80641,0.8865559,358.63385,73.99968,0.7202178,403.3453,73.6024,0.93192255
2070,165.13602,153.99107,0.9472697,184.69556,154.39444,0.8360899,162.13466,129.62065,0.8904554,213.4261,116.8193,0.8264751,249.5415,99.30415,0.98438805,229.27214,82.57328,0.7680288,255.3942,125.56412,0.9070021,179.07967,137.00262,0.94080174,273.9219,87.22611,0.87715,308.61075,73.14987,0.90674037,352.08176,70.40944,0.7481986,396.9462,69.00224,1
2071,160.3338,156.7231,0.9021834,180.47757,156.19133,0.8691941,157.77327,131.76306,0.8580584,209.78236,118.45547,0.80854625,245.15146,101.051674,0.9223637,226.16675,83.31616,0.74634653,251.21051,126.47011,0.8999864,175.06133,139.9507,1,269.3187,89.33794,0.8441607,304.09204,73.21124,0.90899694,347.01706,67.19181,0.76221377,392.7919,65.79756,0.9346722
2072,156.16502,158.8483,0.812938,177.14719,160.4365,0.7483693,153.57535,135.47958,0.83856213,204.87344,118.9907,0.7265771,241.02356,102.929245,0.8993291,223.41347,84.528336,0.72531146,246.44899,127.94317,0.88118154,171.4999,142.67772,0.92925984,264.96976,91.10878,0.90877897,300.40256,72.89894,0.91991293,341.66882,63.528072,0.79153305,384.66882,58.727856,0.8813493
2073,150.04567,160.4782,0.9381108,172.73474,162.30034,0.81632036,150.33951,139.00305,0.76129687,198.66548,123.43411,0.81625724,236.10796,104.742615,0.9177046,215.16678,88.85738,0.75942373,240.93954,130.54503,0.8702091,167.02103,145.22693,0.84776765,259.8438,93.2837,0.89932114,293.06174,73.78047,0.877784,335.67654,62.23377,0.7823118,377.13577,55.611347,0.7554935
2074,146.05397,162.94127,1,167.52802,166.18877,0.8240965,147.30695,142.10815,0.7890766,194.60567,128.82436,0.802079,229.60693,108.359314,0.96285135,211.02791,93.372314,0.8216017,236.38527,133.88469,0.84871817,163.84966,149.95985,0.8934657,254.73058,97.31415,0.8514696,288.1683,75.89654,0.8872054,329.26144,62.311497,0.80214775,372.9714,53.830837,0.8234359
2075,143.80705,166.35133,0.85841095,162.8906,168.77516,0.8348922,141.01494,144.48149,0.8149905,190.09207,132.79602,0.79401535,224.85999,112.37708,0.88760525,207.30728,96.08397,0.75935584,231.6801,138.13603,0.7944381,156.82498,151.48445,0.9401638,249.47072,100.10008,0.9153473,284.2578,77.47023,0.859308,323.29758,63.717915,0.7597055,365.44992,53.67203,0.735389
2076,139.4926,167.53877,0.8576987,160.19586,171.50334,0.81622845,138.22363,148.81752,0.8383184,187.44788,136.59195,0.788417,221.32292,115.23509,0.9569612,202.73897,99.068985,0.76510376,226.71548,141.5798,0.83691627,153.21626,155.25807,0.88705266,245.06021,104.08098,0.8934106,279.39563,81.8096,0.86528355,319.85513,65.68311,0.82589793,359.54144,54.79642,0.79514474
2077,134.09969,171.53065,0.8743373,156.43355,175.47397,0.75370556,135.23633,152.39764,0.8499471,182.72122,138.82452,0.862334,217.31665,119.40548,0.89908785,201.18996,101.69964,0.7068672,222.4997,144.36884,0.8191796,150.92638,159.08784,0.88826686,240.46788,107.32633,0.8613548,276.06415,86.05707,0.87171924,318.08136,70.571526,0.828631,358.5976,57.418797,0.86620426
2078,128.02457,174.3898,0.9354784,150.47551,178.18167,0.9088345,131.98277,154.02328,0.7619887,178.79767,143.87054,0.87320566,212.02803,123.83626,0.9865038,195.34087,107.31815,0.849266,216.42041,150.20749,0.79111993,147.78947,161.94482,0.89877015,237.35345,113.493256,0.8966035,272.9859,91.61738,0.8681428,314.97043,76.15937,0.78125024,357.4315,63.50751,0.90515506
2079,125.08327,177.9759,0.8568905,144.6892,180.39177,0.82857096,125.29272,157.58278,0.7139806,174.38466,148.1657,0.7885617,208.63596,127.2291,0.84855384,190.90805,110.896675,0.8450878,213.72278,154.20667,0.75782394,140.46568,165.04558,0.9437429,233.68875,117.50407,0.8915612,270.10608,96.93856,0.88822097,313.70993,82.464554,0.8523007,355.01007,67.605644,1
2080,120.72641,180.38698,0.90734893,138.12561,184.1186,0.79444444,119.8845,160.65068,0.79863566,172.28035,151.78572,0.74467623,206.7848,131.52432,0.94437,187.81252,115.280945,0.80876917,210.41595,158.63348,0.8124804,136.22205,167.44357,0.8570447,230.50876,120.64037,0.9139922,267.21146,102.24436,0.92585874,310.96017,88.674126,0.77298385,352.98438,74.345184,0.8623494
2081,117.30289,183.18127,0.949296,136.28328,185.68945,0.7993272,116.596176,162.70477,0.90942925,168.85706,153.02637,0.8099785,203.99243,135.00606,0.9274605,186.71677,118.26025,0.7581925,207.9282,161.19731,0.822746,132.84329,169.68835,0.90906984,226.76941,123.27055,0.925027,263.4151,105.26619,0.8683773,307.79657,93.52792,0.76370734,350.93918,82.01105,0.8729348
2082,112.589554,186.0415,0.8571908,130.99748,188.89862,0.76939493,112.35549,164.62231,0.8906806,164.4729,154.98796,0.8861161,200.02249,136.50365,0.91108775,180.83755,120.39731,0.8808139,204.82326,163.04005,0.87505525,127.95881,172.46332,0.9610015,222.22874,124.47859,0.8562352,259.18567,106.90873,0.8894295,304.02853,95.70509,0.7367956,346.46667,84.03287,0.96339756
2083,107.92186,187.18013,0.7820257,127.92733,189.75311,0.71427196,106.3594,166.79727,0.79565305,159.73886,156.32504,0.8217377,194.68752,138.34743,0.9741788,174.5126,121.52513,0.80528253,200.8224,164.16151,0.8118534,122.67627,173.49586,0.90055835,218.30019,125.115326,0.9031272,255.05022,108.04375,0.9129029,298.85217,96.98024,0.8029137,341.33148,84.7295,0.961626
2084,104.99755,188.38458,0.76107043,124.856606,191.22539,0.72912353,103.588326,167.5592,0.83037126,154.48573,156.71748,0.749624,191.41425,139.50748,0.8811733,171.6332,122.57625,0.75599456,195.52539,165.38354,0.8658751,119.44579,173.93858,0.883443,213.99963,126.150154,0.8803288,250.61166,108.50974,0.88935167,293.49615,97.94078,0.8171001,335.06052,85.434784,0.9332867
2085,101.89629,190.04266,0.8420764,121.73606,191.93887,0.74314564,101.801315,168.66165,0.86458296,150.41185,157.08456,0.82677364,186.18286,141.48158,0.9039776,165.76561,124.76772,0.79871243,191.01045,166.70802,0.8307687,117.191086,176.05545,0.92533016,209.90842,128.85591,0.89799935,245.47734,109.091934,0.83823246,289.38998,98.30433,0.78617525,330.6363,85.42253,0.9514841
2086,100.362625,189.92639,0.86463875,119.48057,193.81487,0.8561523,101.14081,169.94643,0.81219506,148.37325,158.94814,0.857194,182.2258,142.19412,0.95975935,163.98355,126.456024,0.8461659,186.91252,168.36046,0.8097478,116.06609,176.84444,0.90830183,205.71535,130.50125,0.8995487,241.79295,110.27313,0.8233817,285.1027,98.34259,0.81588143,326.30423,84.79486,0.9410369
2087,101.04136,190.33157,0.8018806,118.849335,195.14679,0.8561205,100.74195,171.54161,0.73491937,146.10378,160.63402,0.85984945,178.34157,144.71503,0.8863351,159.8705,126.455376,0.82898194,184.06749,170.3527,0.84621525,115.61366,178.02513,0.9189771,202.67181,133.22617,0.9125985,238.71353,113.336266,0.86590225,280.4791,99.83425,0.83042115,322.308,85.21937,0.9611511
2088,100.622,190.01039,0.7736759,117.648926,195.62392,0.83633,100.455894,171.43892,0.7193814,143.83266,162.03955,0.846143,177.21056,146.00972,0.8879942,159.08331,127.947815,0.8203396,180.42365,173.60564,0.8627779,114.72843,178.24738,0.908355,201.25409,136.76006,0.86644095,237.22774,115.9149,0.93450385,279.20392,102.03554,0.8527827,320.367,86.34129,0.8942473
2089,101.00468,190.33354,0.76726544,117.54456,196.12071,0.81873995,100.1685,171.23627,0.71793836,142.9092,162.83699,0.84014857,176.06766,147.96278,0.91237736,159.0124,128.60173,0.83513105,177.48,175.27528,0.8798745,114.45138,178.76184,0.8989476,201.42105,139.47972,0.8889896,237.81839,119.35296,0.964704,279.32236,104.575294,0.80398613,321.97977,89.33692,0.8397782
2090,104.818535,193.4358,0.7035823,119.2237,195.85771,0.7873911,101.04019,171.50279,0.7017824,144.0944,162.55374,0.873389,176.7645,148.58553,0.8751107,160.79796,129.00563,0.8646034,177.52567,175.66673,0.86684775,115.88576,178.72623,0.87598026,202.22943,140.85144,0.9009712,239.61748,122.90188,0.9707322,280.89432,108.17968,0.746814,323.98392,94.80131,0.87820554
2091,107.11714,193.83665,0.7487539,121.48247,195.00989,0.7747273,101.52937,172.06873,0.70348626,145.16359,162.4407,0.88993967,177.5572,150.64304,0.880654,162.11327,129.37263,0.8850034,178.05162,177.23782,0.81046724,117.3135,178.59927,0.85825205,203.40894,142.56976,0.9058287,241.49905,124.80684,0.8859244,283.79044,112.32174,0.77989984,326.18542,100.97413,0.89714503
2092,109.031204,195.98697,0.7973669,124.519485,196.23141,0.75865823,102.45844,174.05412,0.69198704,146.10963,162.88902,0.8960125,178.85564,151.27104,0.8913546,163.47333,130.16339,0.8713936,177.56111,179.46582,0.8162399,118.80223,179.65823,0.85167897,205.30203,144.80095,0.911385,244.16074,128.14394,0.88642293,285.88113,116.73833,0.8395214,327.833,106.953255,0.8559475
2093,110.616516,198.07716,0.816914,126.1013,197.20163,0.7375401,102.78142,175.94435,0.74604374,147.9263,163.79642,0.92168117,180.98381,152.29465,0.89082366,165.5253,131.04494,0.87163895,179.55455,180.20703,0.83736277,119.58878,182.08344,0.87439,207.88509,146.70189,0.92173475,246.88086,130.57805,0.8931197,289.28882,121.468506,0.7986156,331.87735,110.754364,0.90142953
2094,113.44048,199.85823,0.76571333,127.547745,199.48299,0.75537753,104.67548,177.72963,0.8436312,150.24513,165.26155,0.9221946,182.9302,153.13074,0.8790671,167.20514,131.57454,0.85096574,182.04057,180.22592,0.83430564,121.75477,183.47548,0.9104804,209.57059,147.73145,0.9371399,248.96649,132.52144,0.8559848,291.4541,124.53683,0.8211357,335.3263,116.639626,0.86765957
2095,115.91805,200.44934,0.77937555,133.36385,199.18755,0.8445875,108.58223,179.85321,0.8590851,153.6843,165.22997,0.8526712,185.27887,153.27107,0.80683345,170.28479,132.42012,0.84689647,184.9519,180.37225,0.80737174,124.760124,183.55136,0.93904465,211.9014,148.44524,0.9374136,251.06677,135.05948,0.87574947,292.9955,126.673965,0.845398,337.60657,120.53251,0.8131455
2096,120.10612,207.18517,0.64203507,137.67992,203.49905,0.83616364,111.01271,185.8615,0.74453014,155.337,165.33401,0.8548403,187.67484,153.04752,0.7980978,174.02557,132.47142,0.82191837,188.98079,179.76126,0.8515316,129.47203,187.27187,0.91096354,214.46419,149.23453,0.88954955,254.16927,136.8359,0.91810614,297.6326,130.30544,0.87439317,340.98627,122.95462,0.9097084
2097,123.77999,213.48595,0.8221431,143.87845,207.50728,0.8765673,114.018,190.99492,0.7186557,158.33429,167.00739,0.821344,191.53462,153.24048,0.815617,175.10373,132.86879,0.8162073,193.20796,178.47685,0.84536976,132.50333,192.02914,0.8659777,218.11945,148.66095,0.8604465,256.97845,137.47664,0.90375835,299.0153,132.7763,0.85914505,343.45523,126.59131,0.85575294
2098,126.079865,216.00072,0.8352156,144.73798,210.11916,0.86736983,116.11818,194.18625,0.80560815,160.16267,169.54283,0.8844454,192.88303,153.6766,0.88999385,174.9223,134.4557,0.7929874,195.862,178.67531,0.82566446,135.06317,194.81128,0.93603945,219.76141,148.78348,0.8792754,258.6797,137.78664,0.91986,300.03625,133.92009,0.86293244,345.4001,130.15144,0.9047865
2099,129.15448,218.44038,0.8295096,148.22736,213.1784,0.8515269,118.206566,201.10754,0.7406764,161.94244,172.5367,0.92685366,193.35019,154.23943,0.92151874,173.75806,137.63666,0.8011461,198.86278,178.43231,0.8526573,136.66698,199.60657,0.9115177,220.48886,149.08264,0.88666207,259.34866,138.01015,0.9196437,300.6351,134.07776,0.8526427,345.90985,130.35095,0.9247564
2100,135.71384,221.6412,0.7272085,152.8876,215.22546,0.81005096,122.63399,207.28943,0.81248313,164.37717,174.59294,0.89973724,194.06754,154.88614,0.94939566,174.76768,139.71814,0.83116406,200.36824,178.61183,0.8134875,141.46101,203.62413,0.87444437,221.28996,149.2876,0.8956416,260.11472,137.49089,0.9084135,301.51105,133.50237,0.85011303,345.94586,129.24535,0.92061853
2101,141.20337,225.37697,0.73959225,159.21533,219.12723,0.88950527,126.9064,210.958,0.6849293,165.30507,177.84392,0.8981457,194.20554,155.60484,0.9352036,171.61462,142.9577,0.8447911,202.76659,177.9524,0.8447814,145.82529,207.61954,0.797902,220.74297,148.55067,0.8778817,259.8789,136.15639,0.88698286,301.2233,131.72435,0.86453456,343.92133,126.3282,0.8708487
2102,143.82681,228.48816,0.7688446,162.00694,222.75053,0.91364765,129.7212,214.51028,0.7497791,168.22632,179.73383,0.8416129,194.92155,155.96288,0.92710906,172.3726,144.11469,0.8543009,205.57523,178.06056,0.8379086,149.51,208.58118,0.85986173,220.38383,147.73703,0.8925752,258.04343,133.28572,0.9003546,300.32697,127.49232,0.8742136,344.12878,122.69486,0.82033414
2103,146.16975,229.83635,0.74632484,164.83273,224.37585,0.86743146,134.1344,219.06268,0.7159806,169.92836,181.56644,0.84639055,195.00821,157.46994,0.90652037,172.89053,145.5171,0.87825924,206.6127,179.99686,0.856319,151.81981,212.27963,0.8774338,219.9704,147.49873,0.9170359,256.79904,131.17717,0.8963783,298.8035,123.68879,0.86260164,342.62314,117.89904,0.8775772
2104,147.95328,232.40973,0.79166603,167.71657,226.24286,0.8403217,136.15039,221.0045,0.84555,171.48949,182.92126,0.8346981,195.10901,159.65926,0.92057705,173.05412,147.11417,0.88847417,208.13008,181.52196,0.9054817,154.4227,214.2027,0.8643763,219.01819,147.49248,0.9330618,255.7506,130.452,0.86948735,298.48868,120.51945,0.8310756,343.17532,112.49766,0.834604
2105,150.47675,236.55756,0.8224077,168.30669,229.05927,0.79338026,135.98859,222.5461,0.8347474,171.97784,184.09256,0.7831146,195.44058,160.92986,0.95269614,173.10599,148.40834,0.89461476,209.26761,183.0364,0.9385897,154.98643,216.73985,0.8676628,218.91605,147.16708,0.93793297,256.05994,128.95483,0.87078285,298.16037,117.08618,0.83612424,341.63232,105.96689,0.8603419
2106,153.54915,243.33722,0.7486719,170.37709,232.05716,0.86149055,137.53723,226.02043,0.8096797,172.74356,186.08339,0.7594823,196.38283,161.236,0.9503687,172.9226,150.3456,0.88680893,210.5051,183.57417,0.9664974,156.2245,221.18996,0.8653093,218.5437,146.18956,0.9510458,255.72838,127.39789,0.82223845,298.37186,115.50127,0.8677906,340.50192,100.10695,0.97515726
2107,154.42288,244.40184,0.76980174,172.75053,233.82289,0.94337696,139.23825,227.86719,0.8138952,174.04831,187.66531,0.7760292,197.0966,161.31252,0.93864685,172.77678,152.04959,0.8577858,211.48677,183.4187,0.9843443,157.49431,222.3206,0.7980759,218.21054,145.4878,0.96618336,254.8676,124.75725,0.8879825,297.85327,113.67072,0.81296295,340.36374,99.58042,0.9696839
2108,156.5488,247.8613,0.7931611,175.58815,235.26295,0.97235554,141.49341,231.01112,0.7168932,175.30132,189.14484,0.797649,197.23524,162.12155,0.93608475,172.66034,154.1223,0.79892606,212.72812,183.438,1,160.03287,223.48537,0.76900584,217.04956,144.52922,0.95331186,253.3949,122.50369,0.95138955,296.11432,111.34632,0.78660136,337.94785,99.01294,0.93053395
2109,158.42584,253.48807,0.90137535,178.31036,236.79109,0.92271924,142.59042,232.03476,0.7193573,176.1173,190.07259,0.8180318,197.5607,162.47302,0.93630314,173.04391,154.80212,0.8046422,213.74745,183.33733,0.9937969,161.972,225.72417,0.8064213,216.91068,144.06084,0.94703203,252.24261,119.5179,0.93623745,295.21304,108.05636,0.7080742,336.79953,95.62481,0.8051696
2110,159.35477,258.85974,0.84056175,181.10587,238.36084,0.85228485,144.03857,233.5166,0.7784563,176.45702,192.13185,0.819187,197.49883,163.26381,0.9390165,172.29321,156.61014,0.83826584,214.89296,183.87701,0.9572028,163.7268,227.93982,0.8172058,216.63608,144.06902,0.9268021,250.4462,117.76515,0.8926817,293.20752,105.86427,0.7959688,333.46567,91.19039,0.87639076
2111,160.5353,262.4834,0.8715021,182.28761,239.7541,0.84826046,145.17686,235.6733,0.7449179,176.92311,193.97325,0.85310054,197.19658,164.64503,0.93091285,171.5066,159.08041,0.85655344,215.35797,184.52582,0.92544293,164.95744,229.75858,0.78346956,215.99167,144.77081,0.9158097,248.25658,118.17103,0.8669606,289.76248,103.96345,0.8441374,329.8518,85.84239,0.9222156
2112,162.25436,264.46417,0.8886908,182.77023,243.48288,0.8428418,146.088,238.66666,0.75166124,177.02856,197.26224,0.88330615,196.65413,167.25275,0.89710754,170.74498,161.80782,0.9196722,215.42879,184.7204,0.8754871,165.16838,232.64368,0.77442074,214.41026,147.21307,0.9804203,245.28995,118.72705,0.87078923,287.47186,102.6681,0.85291415,326.6917,84.64656,0.9521772
2113,163.94565,265.50476,0.87497675,183.49223,247.17586,0.8130647,147.49422,241.69644,0.84472865,176.87811,199.47643,0.88054115,196.15364,169.67702,0.90593845,170.78464,164.6029,0.93163663,215.61755,187.3292,0.8791168,167.44608,236.0777,0.79652214,212.74605,149.47392,0.99445015,243.25177,120.1519,0.83832306,285.39648,104.17088,0.8759504,323.8979,85.57604,0.98015875
2114,166.20322,267.78918,0.82275665,184.59209,249.23328,0.8094807,149.351,247.3039,0.7646951,176.97757,201.97241,0.8273426,194.79727,172.54794,0.9106838,169.47108,167.43752,0.84292305,214.73532,188.963,0.9171691,168.58856,239.67291,0.77198124,209.91222,150.97151,0.93204176,239.87042,121.741066,0.8379917,282.29453,106.67901,0.817805,321.63437,89.25254,0.86793363
2115,166.04123,272.37057,0.8342776,184.46869,253.54575,0.74639034,148.88878,249.79762,0.79309815,176.19814,205.06999,0.8092983,193.3682,175.01834,0.8967822,167.62425,170.65654,0.80031705,213.0956,191.66422,0.90910685,168.39003,243.08842,0.761264,208.12578,153.10983,0.86124974,237.27888,122.26549,0.9071251,280.39093,107.083984,0.7730785,319.34802,92.51378,0.8768789
2116,165.83214,273.40088,0.8964869,184.33034,254.64868,0.77050966,148.5918,253.75043,0.8034714,175.22504,208.26662,0.78222656,193.09207,177.93285,0.92855823,166.68079,173.96513,0.8367647,212.32607,194.13736,0.948156,166.74368,244.91876,0.7758326,206.72578,157.04337,0.9108515,234.40776,123.68914,0.86196786,276.73346,106.06168,0.7357342,315.31683,91.40225,0.9327401
2117,163.55875,274.98944,0.9133743,183.22826,258.766,0.86065584,147.83186,255.93945,0.8152127,174.45029,212.0049,0.8154913,191.21935,181.8733,0.91147095,164.657,177.84505,0.84035736,211.09534,197.22346,0.9941669,166.03748,248.18982,0.8317153,205.7409,160.70969,0.955731,232.62665,125.13655,0.8045483,273.10336,106.23972,0.7533743,311.21594,89.53112,0.8598677
2118,161.33704,277.00845,0.92051446,180.96466,263.09296,0.86964184,147.2238,259.5398,0.84218854,175.11206,215.85866,0.7685015,191.50032,184.85046,0.8651175,164.73628,181.46811,0.8384022,210.66542,199.49237,0.895671,166.20448,253.14725,0.8718848,206.70203,163.95538,0.9563158,229.95502,126.63735,0.8233264,270.50623,106.13564,0.80997413,307.4772,85.07998,0.9898173
2119,161.14026,279.23428,0.81433326,179.9624,265.9998,0.9311113,146.31429,263.95963,0.76823634,175.95793,218.82991,0.7743453,192.27919,188.77373,0.9107402,165.64151,184.11989,0.82001597,212.49199,204.76836,0.924597,164.46037,255.0347,0.8248792,208.42677,167.4992,0.94448227,230.47202,128.77829,0.8487036,269.29892,105.79787,0.83928823,304.69827,81.63068,0.9340174
2120,160.11633,279.4407,0.7837988,179.66869,269.23917,0.98096997,145.33127,265.68643,0.73092914,176.64822,221.88657,0.7752411,193.82375,192.0457,0.9030341,168.43831,186.89455,0.8405494,213.51738,209.80511,0.9919553,164.3175,257.1156,0.8673049,210.11319,170.28972,0.9688913,232.69734,132.91103,0.8784767,270.50754,107.795105,0.77233833,306.3462,83.20632,0.9601282
2121,155.31271,279.9249,0.8987822,178.76749,272.57983,0.9396199,145.51723,266.62546,0.7682874,177.7315,226.49013,0.8476049,194.61345,195.1858,0.94748574,169.73857,189.96938,0.88286674,214.02739,213.43513,1,164.42516,260.14133,0.92146724,211.42711,174.42674,0.9530001,235.24905,138.916,0.9824275,272.51846,112.683556,0.84134895,309.72812,90.92881,0.910627
2122,154.46689,280.12238,0.94075286,177.6136,274.28275,0.8873945,145.07693,268.89746,0.7233936,178.58478,229.53975,0.8768057,196.52907,197.7683,0.91430324,172.15762,191.26079,0.8489884,215.1905,216.84851,0.83792156,163.12253,262.2523,0.8707554,213.73346,176.78752,0.94985634,237.80074,141.8307,0.85525054,275.4328,119.831566,0.83781534,314.35184,99.036194,0.9479278
2123,154.45673,282.0178,0.9409501,176.69894,277.8155,0.8410503,145.10379,271.86975,0.72278875,179.187,233.26263,0.8484083,198.33531,201.74539,0.8739442,173.23741,194.9952,0.85795695,215.77994,221.68225,0.852133,162.87802,266.13947,0.92453146,216.4381,181.49864,0.9261484,241.62233,145.82677,0.8705107,281.2035,124.27096,0.77410173,317.2212,104.87606,0.90023476
2124,155.09317,284.91074,0.8263936,176.32722,281.75308,0.8809403,145.51575,272.7067,0.73735064,180.96255,235.27235,0.8366496,200.03777,205.37352,0.8968963,175.76102,196.99347,0.8114912,218.0025,225.26605,0.858775,163.16606,269.62775,0.9235504,218.89323,185.52,0.9086551,245.4062,151.67058,0.832218,284.5595,131.01118,0.91602963,322.83102,112.24464,0.87974524
2125,156.52925,290.241,0.8724233,176.69267,285.42603,0.9614571,145.44884,275.6061,0.7769117,181.86534,238.00906,0.8090172,201.19527,209.30287,0.91350275,177.35916,199.76616,0.7344654,220.14282,228.40143,0.9310357,163.63605,270.7483,0.8524868,219.52599,189.88416,0.9424993,248.33485,157.41847,0.7988056,287.71805,138.28427,0.780871,326.26025,120.90165,0.85238045
2126,155.19115,293.5728,0.90767664,177.17648,288.49582,0.9438214,145.19774,277.57675,0.7981269,183.19734,241.69098,0.8219409,203.08037,212.20857,0.9497737,180.25105,201.2129,0.6379253,221.81592,231.74413,0.8784945,163.92148,273.98172,0.93010366,221.1911,192.31224,0.8783085,249.20714,160.15352,0.83442837,288.47177,142.56822,0.7584395,328.5175,126.281075,0.86166704
2127,154.60524,295.20126,0.88377357,175.93158,289.6284,0.87842363,144.5464,279.7301,0.7679376,181.92715,245.38528,0.86910534,202.64098,215.46967,0.9574786,179.29356,206.45914,0.75329286,222.37025,234.46898,0.85122865,163.85555,276.5754,0.9469658,221.76512,194.96478,0.93647915,249.95842,164.15056,0.9036823,289.9064,146.04863,0.8334309,330.77472,130.09097,0.9380344
2128,152.74153,296.1409,0.8414156,174.18378,291.80685,0.81677055,143.55371,281.0534,0.7247675,181.49245,248.73083,0.8405847,203.16377,218.77989,0.9367059,178.7395,209.74776,0.84842193,222.09526,237.78552,0.8708931,162.91826,278.69876,0.89838576,221.36557,198.74315,0.9369027,249.9119,166.91269,0.8713714,290.90457,149.78456,0.8932811,331.53513,133.35556,0.97173655
2129,149.249,296.75897,0.8391558,170.8871,294.6113,0.8514446,142.7722,280.4855,0.7683363,182.47849,251.00682,0.8652842,203.2625,222.65161,0.89007384,179.14783,213.59534,0.8575789,221.99678,239.97986,0.86550975,159.57481,280.29895,0.9197508,220.62729,200.95456,0.9346069,249.32146,168.82971,0.8545506,289.452,151.63412,0.8455799,330.02933,134.17186,0.93485963
2130,142.78484,296.98383,0.7421222,166.63336,296.03296,0.85101736,140.08353,279.9049,0.82778406,180.49629,253.50232,0.89124286,202.2187,225.2603,0.91692847,176.99173,217.44838,0.850766,221.78894,242.44655,0.90126,155.58742,280.61078,0.9697597,219.16441,203.5298,0.94287705,246.63985,170.91539,0.8030211,286.96,151.98532,0.84000975,327.5749,133.98793,0.8968265
2131,138.48257,297.1572,0.7835214,161.86906,298.10406,0.8128919,136.17262,280.50125,0.7755874,177.71097,255.56407,0.83880925,201.88405,228.18509,0.9151587,175.55455,219.74347,0.7908407,220.74872,245.87773,0.8980199,151.87494,281.82727,0.86853445,218.25754,206.0722,0.98025084,245.50642,172.36855,0.79823935,285.38348,151.80827,0.89266753,324.68945,131.98822,0.9541286
2132,134.25764,298.72427,0.8540964,157.93776,298.4461,0.88294417,131.80782,279.38953,0.8967297,174.91203,258.40903,0.78697693,200.19502,231.2046,0.8857505,173.03636,223.06555,0.7567809,217.76591,249.72556,0.86462474,148.17291,282.31967,0.9309442,216.74496,208.76527,0.8889328,244.34709,174.2759,0.81921166,283.07678,153.47871,0.8935018,321.07513,131.78961,0.91124666
2133,132.04565,300.26938,0.871938,152.98494,299.03558,0.91536087,127.38029,279.7491,0.82399446,171.30945,258.40216,0.7605834,198.49979,232.77196,0.89354163,173.86429,222.69334,0.7455065,213.93509,254.2704,0.8704511,144.42181,283.01315,1,215.5577,213.1562,0.9362364,242.46681,177.57634,0.86362576,281.57773,155.80243,0.8180153,319.06464,134.74783,0.90487635
2134,128.15225,299.3914,0.8615079,148.4428,299.00375,0.8191442,124.03077,279.20773,0.86799353,168.06648,259.94772,0.80980504,196.05641,235.11728,0.9509097,171.66228,223.74155,0.7817908,209.9643,256.9484,0.8438401,140.62776,282.50894,1,213.50116,215.74785,0.93153864,241.10204,180.59189,0.8441799,281.6107,158.55202,0.78737783,318.65305,139.09961,0.92445797
2135,124.888084,295.78735,0.7132617,146.49261,301.3696,0.79840666,125.16547,281.34265,0.763533,166.1331,261.53046,0.8543255,194.63171,237.3043,0.8722244,169.9556,225.58263,0.85880554,207.06253,259.91525,0.86394554,139.73071,285.28668,0.9624322,212.73955,218.87312,0.9340553,239.03401,185.31523,0.8686027,276.5553,161.94087,0.7963111,315.892,142.2187,0.9175272
2136,120.628845,295.89105,0.7328994,143.10524,302.1743,0.79398596,121.9214,281.81958,0.7102827,163.99448,263.7866,0.8073123,193.23315,240.50647,0.86350083,168.71135,227.8031,0.8185024,205.37096,263.53665,0.8118906,137.12994,285.85962,0.8392367,211.73,223.66333,0.9039057,237.79268,188.32431,0.8980775,273.87628,164.0423,0.82653636,313.33157,143.44472,0.87465566
2137,117.90172,296.41577,0.7596617,138.59828,304.1695,0.8864394,119.668335,282.49802,0.78547734,161.9585,264.7225,0.830632,191.9358,243.17693,0.9184075,168.34575,229.83511,0.7876079,201.8124,267.6024,0.857418,134.43422,287.21637,0.8921927,211.1045,228.14406,0.94364315,237.54909,191.57037,0.84633857,273.25583,166.74785,0.84648883,312.45938,144.57858,0.85019326
2138,115.9046,299.44675,0.8309388,136.39221,305.27835,0.8939003,117.27127,283.05637,0.77767867,159.78854,267.57397,0.8618978,190.20737,248.13718,0.89658874,168.53754,232.779,0.77242136,198.73633,272.86218,0.82035446,132.11823,288.52194,0.93255204,210.18507,232.42409,0.8819478,239.30844,197.44737,0.8334332,275.05417,171.00366,0.79197913,312.90198,147.81361,0.9081017
2139,111.29309,301.37,0.8049558,132.13116,307.78864,0.9258954,113.86095,285.202,0.7680115,157.19852,271.5187,0.79741263,188.3618,251.77275,0.94184947,169.59895,235.77412,0.776166,195.19017,278.43042,0.86443937,127.81396,290.43915,0.90093803,210.38861,238.78864,0.86878437,239.69197,205.82912,0.80395454,273.74637,179.90247,0.84862584,312.21347,156.58769,0.88700426
2140,108.566475,302.62875,0.7448334,128.98976,310.16202,0.892195,111.91124,287.5531,0.7452978,155.7035,275.13794,0.8562716,187.00029,255.33965,0.89260656,168.57214,238.84381,0.8164752,192.52931,282.2447,0.8138441,125.16582,293.8048,0.91759735,209.63333,243.07419,0.86018187,239.98282,210.4292,0.8292711,277.12885,188.05173,0.7566513,315.06448,166.52933,0.94757944
2141,105.84776,304.33484,0.7380779,125.709045,312.59482,0.8934775,109.11872,289.85446,0.73620105,154.6047,279.0203,0.84122074,184.73112,259.20117,0.9019336,166.88062,241.93282,0.8753918,190.89368,286.10526,0.8050142,122.40045,295.6618,0.87197363,207.9583,246.18044,0.8445083,240.69539,215.92346,0.7677594,277.41507,195.68536,0.82126415,316.05228,176.2385,0.91426635
2142,103.05641,305.78888,0.9020182,122.688614,314.574,0.8998569,106.60819,290.84286,0.7797502,153.08093,282.21503,0.80246687,183.05482,263.41602,0.8581218,166.05345,245.4469,0.8503209,189.64241,288.44943,0.7840896,119.78854,297.85464,0.8363998,206.27734,251.2994,0.84317166,240.2281,224.29662,0.82219785,276.2963,203.4808,0.76479715,315.3227,182.17432,0.95102096
2143,99.51327,305.32913,0.9410187,119.797585,315.63342,0.8770256,105.02629,291.1208,0.756408,150.76463,285.0349,0.8356333,181.04086,267.37866,0.93876004,162.67392,249.73637,0.8447487,185.91689,294.1364,0.77062345,119.09657,298.57144,0.8742424,203.83463,254.49287,0.8551851,238.36713,229.39282,0.906533,274.58072,209.46199,0.8178924,314.83682,189.43698,0.92295504
2144,96.32216,307.30203,0.88047725,114.72632,317.7004,0.8132338,102.83331,291.90585,0.775416,147.53421,288.1008,0.86535585,178.0658,270.2434,0.9185905,160.93077,252.96976,0.8245765,184.87158,297.4707,0.8012787,115.714615,300.9777,0.9195237,201.58179,257.0731,0.90514743,236.92671,233.19998,0.94259655,275.14334,215.23122,0.8789388,317.11728,195.09846,0.91823983
2145,93.77924,307.72705,0.7574383,110.87063,319.32144,0.88131577,100.551704,292.54962,0.8114515,144.84116,290.44708,0.8638227,176.08972,271.8877,0.8704409,156.53918,255.85986,0.7299263,182.74098,299.32846,0.8154501,113.10506,302.24017,0.8769562,197.7668,259.36362,0.88975286,234.88115,235.20006,0.91104823,273.7535,218.31798,0.8083517,314.5228,199.24904,0.9391147
2146,92.17156,307.62076,0.6771339,108.312775,320.45532,0.84164107,98.44313,292.65305,0.7858021,143.24342,291.2842,0.86652684,173.80632,273.97623,0.95296556,154.05713,257.34518,0.7702436,180.23586,301.0834,0.8091564,110.60831,302.33762,0.8476352,195.54305,261.4156,0.925963,232.9681,237.21106,0.837949,271.87076,220.31198,0.7843402,312.91083,201.07181,0.89771503
2147,89.85636,305.94632,0.6486611,105.98087,320.71024,0.809287,96.9708,292.55618,0.77134204,141.21046,291.84274,0.8824512,170.90129,275.90887,0.9736367,151.63748,258.18234,0.8169142,178.33965,302.40637,0.827011,108.794556,301.8613,0.84675086,192.90173,262.10794,0.9094063,230.98622,238.57442,0.8023587,270.72495,219.24635,0.7806803,308.8314,201.46194,0.9317689
2148,87.44394,304.39902,0.7778307,103.98344,320.37424,0.8474068,96.04064,291.47733,0.7542041,139.40048,292.76224,0.85110664,168.17978,278.09802,0.90879285,147.84325,259.73807,0.89012814,176.03142,303.4512,0.8480099,106.62437,301.05823,0.8323631,190.18483,263.08844,0.8691035,227.07,238.64404,0.823716,266.48035,220.27686,0.80612403,304.2152,200.21233,0.86332095
2149,84.13565,302.89426,0.83694243,100.92235,317.82974,0.8586114,94.191025,290.60693,0.7779634,137.20107,293.08292,0.8339844,167.07129,280.093,0.8986533,146.24655,260.49103,0.86823314,173.15732,304.61493,0.8455416,104.148834,300.20175,0.7975523,186.22375,265.20898,0.86495686,223.0849,239.72647,0.8095806,261.17224,219.63898,0.76067746,298.96518,197.93362,0.9799454
2150,81.24645,303.06955,0.8569857,97.48521,317.97336,0.85693675,91.62727,289.7968,0.79184866,134.14264,292.39005,0.8635763,164.80516,281.40366,0.9263371,147.02943,260.30035,0.91469216,170.20041,305.76758,0.7694837,101.93898,299.86856,0.8817369,184.3089,266.45425,0.84252185,220.32657,241.24812,0.87789804,257.41364,221.40302,0.83185214,295.2298,197.38649,0.8937893
2151,78.97274,303.75848,0.7604689,94.847015,318.65152,0.82844,88.17577,289.88306,0.7495008,131.50896,292.18845,0.8870237,162.87898,281.72067,0.9114696,146.0698,260.52808,0.89930147,166.31381,307.27844,0.856118,99.0333,300.8358,0.9008654,182.43658,267.32053,0.8658064,218.38431,241.87903,0.88838017,255.97853,222.3114,0.8110989,293.3522,199.07713,0.9492252
2152,78.06163,305.2741,0.88117677,96.26072,316.65588,0.88474274,85.52919,289.44156,0.784693,128.6031,291.34378,0.88702345,161.36345,281.66104,0.8622416,146.77554,259.74902,0.91116303,161.36404,309.45227,0.85430765,97.54773,299.80936,0.89009774,182.5274,269.31857,0.8564313,217.93318,243.00778,0.91154367,255.69287,223.44205,0.7919672,292.25253,200.721,0.93422645
2153,74.434944,307.65765,0.8263732,94.863754,316.75967,0.82053006,80.77598,290.20917,0.8070001,127.31703,290.91525,0.9036348,160.00435,282.05948,0.8335749,147.9789,259.3347,0.92685425,159.25912,309.84872,0.9477087,93.46051,299.2708,0.8806927,184.24533,273.497,0.84065443,220.18463,247.83046,0.9207824,256.05234,225.7792,0.8408158,291.7876,201.42061,0.92460257
2154,72.19977,310.71487,0.84279215,92.229385,317.98795,0.72964394,76.43137,292.52872,0.80363506,125.64751,290.9438,0.93116164,159.77574,282.67148,0.8176636,149.21564,259.5616,0.9229588,156.16663,311.2264,0.93586797,90.6178,300.01984,0.8349265,185.10316,275.84515,0.84913963,221.9465,254.24966,0.8489226,256.8564,233.8849,0.82872874,293.33615,208.18666,0.8879311
2155,71.8884,314.80035,0.76649195,91.71766,318.55222,0.66751784,72.96329,293.99548,0.7912971,123.63585,291.08517,0.9580789,157.58662,283.9836,0.80407405,149.30214,260.13013,0.93969876,151.83492,311.79626,0.8207227,88.06824,301.11182,0.8152664,183.82712,278.9522,0.8178875,222.27364,261.24918,0.8755688,259.41614,241.07057,0.8170515,297.53342,218.16924,0.8878484
2156,71.69822,315.4419,0.7776463,90.42462,318.8741,0.6428414,73.16076,293.79834,0.811262,122.21137,292.97327,0.9436499,156.25983,285.59573,0.8431153,149.10107,261.82495,0.9183921,150.53787,312.93408,0.7968726,88.03913,301.46844,0.83059305,182.5882,282.6163,0.85671383,222.15756,265.6606,0.99556434,260.7935,248.56493,0.85829604,299.7616,226.84523,0.92913914
2157,71.43815,314.41,0.7709357,89.2555,320.83487,0.812634,73.79299,294.209,0.8015409,121.0757,295.7603,0.90368867,155.0965,287.80148,0.85779315,148.1694,264.03668,0.8800525,148.44609,315.5159,0.81680435,88.05799,302.35367,0.81838554,181.23732,285.57126,0.8744371,221.4248,269.59283,0.96476936,259.64105,254.63673,0.81071836,298.3958,232.56625,0.88078654
2158,67.344696,308.29678,0.93746495,84.65754,321.75793,0.87176687,77.459564,293.875,0.8201975,120.719604,299.32043,0.90561986,153.3223,290.54865,0.9327054,145.90974,266.85605,0.88068265,149.10495,318.09567,0.80163014,88.03407,305.1179,0.78633535,180.04231,286.7723,0.9254207,219.80316,272.75284,0.85461146,259.0841,257.6002,0.8277518,297.6414,236.937,0.8863091
2159,64.38861,304.7206,0.87601477,80.156044,321.2689,0.9235618,77.602646,293.1361,0.8632384,119.474754,301.84042,0.8880943,152.21674,292.43814,0.9274123,143.45393,269.06012,0.8416864,149.63985,320.08926,0.8251738,85.09187,305.69836,0.895021,179.09819,287.4959,0.89962226,218.59338,272.65082,0.8392839,258.47882,258.19305,0.8425206,296.95364,238.50606,0.859198
2160,62.459324,301.75772,0.8577456,75.66676,320.59186,0.925116,76.244064,291.2155,0.8984466,116.68647,303.04648,0.90299284,150.99084,294.52066,0.9261701,141.67026,270.1216,0.8923146,147.21303,322.30905,0.8332751,82.7136,305.0625,0.91011393,177.29648,288.63788,0.87263507,217.24016,272.339,0.8322256,256.4859,257.38962,0.82814854,295.12967,237.20554,0.8646755
2161,61.128983,298.70334,0.9710029,73.45601,319.36664,0.8631799,74.976585,288.4968,0.9235099,113.928246,302.87668,0.9099591,148.77373,295.20016,0.9486554,139.10855,270.89468,0.93644816,145.21436,323.41064,0.8709297,80.41674,302.13193,0.9054136,174.77457,289.18237,0.8947803,215.08083,273.3283,0.8788699,253.81902,257.00943,0.85507756,291.79892,235.6395,0.89537144
2162,59.45257,295.9366,0.9879002,68.644684,316.55472,0.9616096,73.860085,286.00385,0.8572312,111.99202,301.88907,0.8779016,146.2343,295.21457,0.9065441,136.56961,270.23486,0.9241589,142.6478,323.7355,0.93090713,78.72782,300.12234,0.89336705,171.9184,288.6863,0.89753294,212.42699,273.46768,0.891973,251.84138,257.2104,0.86129993,289.53555,235.9362,0.87374055
2163,56.89027,293.06085,0.8352538,65.29973,313.80225,0.9961036,71.25839,283.7672,0.8548786,110.54184,300.59546,0.94106334,144.47739,295.09653,0.83883154,134.23358,270.01816,0.82356596,141.5083,322.48334,0.95017856,76.83223,297.7312,0.82555896,169.79604,288.09668,0.8284851,209.53369,273.91443,0.8904498,249.12234,258.4726,0.857966,287.1079,236.93172,0.8688359
2164,55.50739,291.85034,0.8478321,63.572456,309.6309,0.98752016,67.70966,279.64474,0.84465533,108.37513,297.5279,0.93993527,142.16455,293.49283,0.87518674,134.41753,268.35397,0.8826605,136.92299,321.36032,0.9230809,74.592255,294.4408,0.8845787,167.50116,286.97925,0.8456581,206.72414,275.704,0.84553725,246.90459,260.3318,0.8733048,285.86966,238.33635,0.86258495
2165,53.21209,292.12808,0.90521157,61.958126,306.82248,0.99788815,64.139435,276.82642,0.8550624,105.99402,294.45352,0.9421906,140.31891,291.52362,0.9090927,134.52339,266.09705,0.87525374,133.89908,317.78772,0.8433349,72.71332,291.63522,0.8537808,165.86745,286.44824,0.8696073,205.27802,276.69443,0.8789162,246.03078,263.5452,0.8983484,285.04517,242.02562,0.9179647
2166,50.916645,291.23364,0.9224414,61.34906,306.2786,0.98749775,61.210968,276.5324,0.9053263,103.840034,291.5487,0.92088413,138.4174,289.5581,0.8969741,132.92986,263.61856,0.8382773,131.52235,314.76743,0.8782196,70.48168,290.78586,0.9021609,163.18018,285.51974,0.8447252,203.57878,276.76642,0.8895547,244.50183,265.7022,0.86418045,284.11166,245.58975,0.9650752
2167,48.345562,291.2399,0.8960241,59.812096,306.0656,0.9777745,59.045105,276.43738,0.8745041,102.37181,288.99734,0.90575504,136.25682,288.40134,0.8472734,129.8274,261.89896,0.8613856,129.50903,312.49487,0.86010295,68.42953,290.36774,0.952909,160.59923,284.8136,0.7739513,201.57835,276.12616,0.8880095,242.32127,266.24353,0.8331102,282.91818,246.40002,0.9160582
2168,45.60153,291.3054,0.8791963,56.421375,306.21533,0.9658877,56.64276,276.08102,0.83613294,98.8587,288.2698,0.93862617,132.96623,287.49106,0.9117518,127.09454,261.15808,0.86013305,125.7276,312.73206,0.9088539,66.04995,290.40195,0.9092162,158.40828,285.34515,0.820767,200.06792,275.64847,0.8787839,240.71756,265.55695,0.84946823,281.2223,246.52402,0.9170061
2169,42.468536,291.38385,0.82861257,55.39923,306.57205,0.98180646,54.12726,275.73196,0.8688666,95.58237,288.61136,0.8794423,130.4519,288.2599,0.8715655,124.33359,261.34265,0.89186174,121.916046,313.9127,0.9185883,63.498688,290.17136,0.9251996,155.5004,286.77075,0.8587698,198.01247,276.47336,0.9123504,237.78925,266.07376,0.83237404,277.97824,247.09528,0.9308141
2170,41.899815,291.10074,0.8197989,51.863396,307.13748,0.9630235,50.77722,275.8387,0.86896336,92.79495,289.19156,0.90144354,127.2785,288.776,0.81826365,121.62138,261.39914,0.84986055,119.657074,313.53275,0.88251156,60.234272,290.88913,0.89745224,151.8877,288.84906,0.79099816,196.10861,278.52414,0.8934525,235.68237,267.62347,0.80239516,274.80872,249.277,0.9426228
2171,40.33098,290.43854,0.8163067,47.731636,307.6184,0.8556907,48.07675,275.89496,0.8221757,89.33531,289.85962,0.9354473,123.66944,288.4031,0.8685679,119.815445,262.78516,0.85196346,114.76463,314.0691,0.8611599,57.25614,291.28577,0.8285795,148.60695,289.78888,0.8868808,193.40175,281.09103,0.8319934,233.87604,271.15237,0.7807741,272.61508,252.9043,0.8837352
2172,37.30067,290.68402,0.943328,45.926243,307.33124,0.94608474,46.831272,277.0258,0.85706145,87.05328,290.27206,0.8914122,120.19569,288.79642,0.9007752,116.74007,263.85495,0.8789784,109.67736,314.4696,0.9011923,54.79136,291.70618,0.8780757,144.82597,289.7881,0.9080369,189.53458,282.61203,0.87746114,230.0501,273.43057,0.8330826,270.61212,256.3206,0.8677155
2173,32.886814,288.86914,0.9204105,41.225357,306.87833,0.99717134,44.97551,276.8086,0.9175451,83.68966,291.09967,0.9035878,116.20597,289.7859,0.936107,113.62998,264.28818,0.89282066,104.620186,315.0116,0.836316,52.016594,291.4694,0.95370626,140.02844,290.7758,0.94172734,185.59933,283.48572,0.8557194,226.5727,274.42938,0.8636196,265.91843,258.70428,0.9379548
2174,31.21605,286.29266,0.87425184,38.327793,306.66425,0.9209644,42.54115,275.75244,0.9340949,80.19218,293.35178,0.8957294,112.83245,290.67618,0.89854485,110.65902,264.6161,0.8859663,99.94856,316.073,0.81936705,49.20291,290.78586,0.9135084,135.40804,293.1635,0.8880029,182.46259,284.89453,0.861213,222.90128,274.66907,0.8699354,260.9483,258.6703,0.9417795
2175,27.700853,285.53705,0.8209603,33.995907,306.40735,0.9251708,40.51588,274.34735,0.91009945,77.5599,293.85785,0.96704495,109.96473,291.91983,0.9315663,108.772934,266.83255,0.8925109,98.266846,317.11636,0.81992155,46.969883,290.62125,0.9012162,133.92868,294.65173,0.8986512,179.21025,287.73788,0.87018037,218.70888,277.4662,0.9236583,257.3418,259.09744,0.9392191
2176,26.158627,284.16898,0.71460426,31.194054,305.21036,0.87521595,38.45487,273.96027,0.95172054,75.31509,294.1599,0.98136055,107.30975,292.34393,0.9430605,105.08488,267.4828,0.8569134,97.40051,317.8558,0.84350497,44.98813,290.50507,0.9219899,132.54945,293.5242,0.936118,176.77394,288.79947,0.8733142,217.18896,280.97513,0.8698477,256.24188,263.1282,0.8856603
2177,25.629759,284.92688,0.7860495,31.243969,304.93994,0.93453777,38.772804,275.4751,0.9710617,75.103035,294.03024,0.9767573,106.49198,291.63705,0.90293854,103.71897,266.9116,0.8932578,97.42888,317.821,0.8786013,44.851173,291.35553,0.9396958,131.52327,291.32022,0.96896976,173.86092,286.3522,0.85346043,215.98233,282.8274,0.7601186,257.10315,269.97318,0.85175896
2178,24.486027,284.44595,0.8759303,32.12851,304.5997,0.9690894,38.27819,276.3285,0.96460384,74.97287,293.89975,0.97406507,106.085335,291.13065,0.90092427,101.98096,265.9887,0.88931614,97.941864,317.832,0.8556583,44.31465,291.36884,0.9564605,131.49028,289.82266,0.9617601,175.2288,284.43216,0.85409015,216.98883,281.01453,0.8580503,257.39868,267.55328,0.9032347
2179,24.490625,285.37427,0.88783586,33.34016,307.63086,0.99629086,38.859627,277.1803,0.9356249,76.191376,293.67535,0.9892927,107.13274,289.92963,0.9012951,101.92237,264.65067,0.87028533,99.64594,316.91248,0.86055124,44.94981,292.02716,0.9745362,132.6283,287.6122,0.93965733,176.02115,281.6132,0.788966,218.01282,277.6153,0.92281073,257.7152,261.4449,0.9657745
2180,25.477182,286.3965,0.8912037,36.318333,308.5557,0.9935645,40.34299,277.9927,0.9001271,77.71881,293.37457,0.97139037,108.03026,288.01352,0.8783205,100.214676,263.56165,0.8178457,101.26171,316.01877,0.8666073,46.600487,292.6794,0.97453964,133.61128,285.2869,0.9017469,174.20798,277.66513,0.82676494,217.19623,272.51306,0.8010337,257.9862,256.3903,0.8791066
2181,26.68073,289.60397,0.92740715,40.534748,308.28433,0.94392544,41.67791,279.22488,0.8248506,79.51353,292.5785,0.9175726,109.75884,286.92734,0.8611982,100.628525,262.4891,0.8135378,103.0634,314.93158,0.87416977,48.599545,293.15887,0.9051551,135.50322,283.3112,0.8839775,175.4459,273.556,0.86283445,217.52089,267.2101,0.7695239,258.11423,250.43164,0.9058658
2182,31.764444,298.107,0.90970397,44.78939,310.4954,0.92199355,41.72787,281.73227,0.72574323,81.12481,291.3945,0.9109094,112.48193,285.1331,0.9240678,102.694244,261.01166,0.86316097,107.95621,313.7586,0.9489517,50.90178,294.71832,0.87193954,137.7096,280.42776,0.8707677,176.07454,270.16467,0.84151644,218.78555,263.14706,0.89857554,259.14423,245.13011,0.96594477
2183,36.91064,306.66592,1,52.688038,314.08295,0.88810486,40.003494,287.3916,0.8433785,83.67163,289.71173,0.9402408,115.30246,283.14255,0.99258417,104.91513,259.48575,0.8890928,112.57351,310.88397,0.93697107,53.23025,297.69232,0.9341941,140.20406,277.53308,0.93762857,178.30766,267.37433,0.8642433,219.97368,259.668,0.8974232,261.21475,242.0448,0.92056733
2184,41.486122,313.13126,0.7708976,60.745075,319.2451,0.6860287,42.572857,292.8132,0.7871165,85.95973,289.5822,0.85563445,117.67099,282.32846,0.966577,105.08433,259.029,0.8692477,114.39052,309.768,0.8729124,55.934433,301.2175,0.85325736,142.2504,275.90546,0.96564627,180.01463,263.93887,0.83378863,220.67992,256.20413,0.81564206,260.62415,238.20917,0.8687851
2185,47.0302,325.71246,0.8079662,65.51007,324.54132,0.7806447,43.49351,300.78598,0.6547236,86.98656,291.40704,0.9049984,119.58787,281.43567,0.898835,105.8416,258.6887,0.83346915,119.83888,307.92432,0.8395087,58.964893,307.86536,0.98898864,144.1912,274.96008,0.9355784,181.6287,261.48593,0.86556214,221.90456,253.21326,0.7884369,262.49667,236.75925,0.87254417
2186,53.568253,332.35175,0.7529144,72.20091,330.2951,0.82057875,47.28018,312.23825,0.7213816,89.91849,292.92007,0.8512407,120.30493,280.82675,0.8494873,104.41299,258.96133,0.8120187,124.30194,307.75827,0.89478785,63.88015,314.77512,0.91888607,145.68214,274.77048,0.9542727,182.97412,260.5923,0.86203784,223.79709,253.57875,0.8420543,264.16718,234.92342,0.8982574
2187,60.796124,339.49237,0.760493,80.8758,335.8722,0.80946875,52.466335,319.36694,0.62702984,93.767166,295.34515,0.8003769,122.62904,280.4971,0.8520856,104.408,260.41727,0.79744345,129.49861,306.16644,0.88556576,69.66002,320.04916,0.87256885,148.0129,274.50848,0.9655254,184.55275,260.0323,0.83005327,224.43849,252.67203,0.85124594,265.29776,233.67221,0.8953002
2188,66.149704,344.55737,0.75517833,84.36845,339.44272,0.8391036,56.696526,326.25696,0.6783985,96.079155,298.26523,0.88431925,124.24915,281.11487,0.8980289,105.02551,264.0883,0.7175601,131.11996,307.52155,0.89470094,73.47452,326.29648,0.87128484,149.01047,274.36728,0.94569963,184.99345,260.3624,0.83294994,224.58614,250.89003,0.8481322,265.8616,230.77644,0.88837194
2189,70.54665,349.47516,0.68346125,88.86232,344.13348,0.7952167,60.612816,334.50928,0.64637035,98.72679,301.69946,0.86014277,125.469696,281.45963,0.9162556,104.84127,268.1529,0.67093486,135.29095,305.8695,0.88349855,77.07689,332.84167,0.82730013,149.66829,273.80032,0.93366563,185.55602,259.17468,0.831991,224.9686,248.16212,0.89135164,266.06448,227.5212,0.948019
2190,76.61371,355.77338,0.72244996,95.69776,350.06683,0.8932669,64.33823,341.2074,0.6812509,100.40848,306.10547,0.89088845,125.69519,282.1898,0.9216105,103.87975,270.81406,0.5940354,136.71924,306.08548,0.84875894,82.50351,336.4518,0.82845753,149.44524,273.16992,0.8972405,184.83673,257.4087,0.8076458,223.53763,244.91495,0.8771127,264.98755,223.83298,0.8647781
2191,78.820526,360.24554,0.7328718,99.25144,353.02795,0.84549135,67.602234,348.46667,0.6416288,102.19698,309.38834,0.8388877,125.50604,284.31183,0.92068017,102.86403,273.05893,0.6246303,138.48756,306.8888,0.8706045,86.04281,340.83524,0.8353044,148.57355,274.00516,0.9062897,183.45413,254.76578,0.7770857,223.45258,240.71333,0.8187069,263.58884,219.296,0.8578267
2192,81.36672,362.77332,0.7517017,99.75825,357.94937,0.8116853,69.836975,351.4786,0.6599259,102.974686,312.0414,0.7782385,125.05891,286.15225,0.87912995,102.50194,275.28027,0.6101272,139.29747,308.50867,0.8908247,86.87036,346.46722,0.8396298,147.23253,274.83997,0.9274464,182.17049,253.04153,0.78650194,222.80379,237.55946,0.799724,259.59378,216.06483,0.92132807
2193,82.76287,369.39474,0.8165302,100.98355,362.40137,0.8949566,70.471535,354.63318,0.72201926,104.394646,314.73236,0.7622125,124.10456,288.39374,0.88580495,102.56294,277.12296,0.5081294,140.4969,309.47894,0.87471515,88.717926,349.94608,0.8246906,146.20274,275.5947,0.89182216,180.3109,251.19005,0.7999107,220.12685,234.6836,0.89702064,254.94527,212.71213,0.97041875
2194,82.571106,372.25308,0.82137436,101.09665,366.39624,0.889744,70.68237,357.89087,0.7526398,104.279045,318.53415,0.784898,123.34404,292.45917,0.9034043,101.528694,281.43668,0.5443006,141.11096,312.01776,0.8705425,88.295555,353.72516,0.87648654,144.76933,276.6349,0.8733519,177.06535,250.6295,0.7716586,214.83638,232.17879,0.86034924,249.91156,207.84157,0.91607183
2195,81.246864,374.98633,0.70437586,101.04125,369.05865,0.86099046,70.602715,360.31223,0.71495223,103.79538,322.2874,0.82613313,123.65221,294.11423,0.9801373,100.9845,285.39832,0.826858,141.92911,312.1395,0.88943017,88.59769,356.06583,0.84707355,142.67604,276.69922,0.926186,174.42436,250.05952,0.8388472,208.80624,229.9052,0.8834977,243.05273,204.15738,0.9371265
2196,80.527115,376.8112,0.7256725,100.254456,372.71036,0.8456897,70.21699,364.1484,0.667296,103.59694,325.65704,0.8459903,122.99644,297.048,0.93412274,100.43934,288.7017,0.8225151,140.9043,314.49646,0.9107098,87.70229,360.24652,0.7971381,140.63225,278.11697,0.9580977,171.437,248.79628,0.88183635,206.80046,226.74089,0.8837212,238.8292,200.52563,0.9264327
2197,82.46692,381.22293,0.7977916,100.69644,375.88483,0.8580134,69.88599,367.56998,0.7306759,102.75833,328.5363,0.8247943,122.55385,299.69724,0.9232698,99.97656,292.00336,0.852212,139.53911,317.17474,0.89212096,88.719795,363.51678,0.8456688,139.55916,280.38156,0.9154937,166.95694,248.96133,0.82754254,201.37901,225.15927,0.7937691,233.25449,198.18713,0.905846
2198,82.09395,386.11014,0.78526145,100.73988,380.41846,0.9049364,70.165085,372.08057,0.76482767,102.84579,332.20984,0.8615018,121.95998,304.08923,0.8462956,98.05654,297.57733,0.78399223,139.07031,319.8016,0.85744643,87.85089,366.68854,0.82533437,137.59026,282.81424,0.8862251,163.36276,250.39464,0.78248,196.0495,224.29163,0.8172878,226.97502,196.45657,0.9677431
2199,82.65357,387.15482,0.7535013,101.425354,381.92508,0.8856713,70.787315,374.8084,0.73825115,102.13669,336.29834,0.8486304,120.131584,306.79333,0.8678695,93.92922,302.07098,0.8401816,138.2451,322.15073,0.87335217,88.10556,369.77286,0.8605232,136.16364,285.34842,0.9021091,161.45633,253.52153,0.7767623,193.27998,225.23996,0.85573906,221.58835,195.17052,0.9440467
2200,83.094376,390.27655,0.70000803,102.33973,384.46335,0.8459094,72.06865,378.7264,0.6828673,101.02562,340.39758,0.90118,118.57909,311.3796,0.8575792,92.00009,307.34366,0.89134866,136.9908,325.3964,0.84651405,89.563866,372.55768,0.86057097,134.1396,289.3254,0.8422336,159.09338,256.06458,0.7880531,191.49712,229.44426,0.8639812,219.93306,198.01459,0.91162837
2201,85.95213,392.74863,0.77056754,104.01002,386.66806,0.80690587,72.82167,381.3164,0.7061399,100.2201,343.75427,0.88859755,117.18466,315.0435,0.87611955,90.98174,311.91824,0.8906891,136.11818,328.20593,0.7722001,90.76633,375.43607,0.80156803,132.15936,293.75635,0.8787332,156.49722,257.87387,0.871788,190.48108,232.95609,0.8570147,220.65808,204.80461,0.94167185
2202,93.15383,396.84567,0.8746686,108.69391,387.7853,0.6850948,74.86301,386.09912,0.7706754,100.08965,346.07623,0.8207987,115.674736,320.53424,0.8473266,88.30237,316.78067,0.85301507,135.273,334.7294,0.66455954,93.483505,378.44547,0.73698324,131.13838,298.0717,0.8796815,155.7889,262.63034,0.89906967,189.97829,236.48155,0.75932735,219.42534,210.91911,0.95690954
2203,102.62129,403.73843,0.6998492,113.98604,389.0848,0.75340337,79.657326,391.27197,0.733287,99.2667,348.6077,0.7941731,114.61448,322.91446,0.88156146,87.38451,319.81262,0.8525362,134.5192,336.6264,0.7470664,97.5641,382.38828,0.71298385,129.8905,301.92865,0.8693158,155.15883,268.5036,0.90823233,188.99081,242.80522,0.8816221,218.30922,214.68303,0.9141904
2204,106.646,408.4963,0.7838262,117.78656,393.87228,0.64160925,83.14409,396.84875,0.74325603,99.9868,352.195,0.8184251,114.073166,325.32837,0.91197556,86.50844,322.297,0.86703056,134.88121,339.10687,0.8729863,99.84802,385.97586,0.7203742,129.6892,304.73636,0.88167685,156.52856,270.90576,0.8105755,190.1995,246.87149,0.9088147,220.69803,221.21246,0.9305909
2205,110.29211,411.99146,0.8463626,122.75111,395.8353,0.66577536,88.49016,402.63608,0.7001205,101.33829,355.73502,0.8487064,114.40178,327.6059,0.88236886,88.13752,325.06433,0.8435443,135.44904,340.84393,0.86183053,103.21738,390.26608,0.6646397,130.10475,306.47122,0.8823399,157.57999,272.65985,0.82843757,192.11708,249.40143,0.80684495,224.62785,224.52332,0.90262854
2206,114.59285,416.0796,0.80584776,125.11378,397.59,0.7352788,90.33643,406.0578,0.73576003,102.4799,359.5449,0.84932894,115.75357,329.8455,0.89189464,90.753815,326.68564,0.88739526,135.35837,343.43265,0.82820255,107.52521,393.54642,0.6991035,130.29155,309.12622,0.8933977,157.04164,275.2725,0.8819177,192.41064,252.33357,0.8338974,225.1716,227.85649,0.95787907
2207,116.487854,421.34427,0.7926044,127.18045,403.7998,0.8149846,92.77774,410.8571,0.83805746,106.85895,361.71826,0.78823185,117.02972,332.6694,0.8967708,92.42636,330.03806,0.8456167,137.79001,344.91986,0.83449876,110.37184,397.1768,0.6791053,131.70557,311.11392,0.901983,157.90361,276.9497,0.8686003,192.44327,252.83495,0.83522624,224.22856,226.81113,0.9111993
2208,118.01594,424.2187,0.78037035,130.39423,407.7907,0.8532464,96.61022,413.99564,0.81942624,109.46822,365.63013,0.77410924,118.35073,335.23352,0.84424645,93.88219,333.67505,0.80174494,139.27415,347.26892,0.8348381,113.27569,400.89697,0.76984036,133.52116,313.89117,0.88239866,157.72537,277.94022,0.88104945,191.85214,252.41841,0.8158385,225.01607,225.86986,0.92956054
2209,119.87924,425.91312,0.7735823,134.20837,410.5387,0.8025547,99.61824,415.0964,0.8151953,113.36158,370.09308,0.7866807,120.403015,338.08746,0.82740647,95.96207,334.76334,0.8024974,142.18721,350.56702,0.7773105,116.20138,404.8072,0.8095453,134.91452,316.35815,0.91614956,157.99973,280.5396,0.90763587,190.84824,252.4721,0.7835097,223.99437,223.74141,0.8526195
2210,121.79597,429.22003,0.7894194,135.17003,415.96136,0.73503965,102.314354,419.04135,0.8574413,116.40922,373.91803,0.82902753,122.426384,340.8346,0.9241691,97.89118,340.65884,0.7946294,146.2664,352.44666,0.8279267,118.289635,408.40775,0.79613215,135.28508,317.58862,0.9561512,157.39272,281.93497,0.9263595,189.19447,252.46078,0.7962911,220.41298,222.95293,0.9191583
2211,122.26599,431.86777,0.7650056,138.27397,419.58435,0.79155475,104.135445,423.08353,0.8013709,119.98561,376.74338,0.7528932,125.24415,343.34915,0.84801024,101.159706,344.08926,0.67948,148.89317,353.89594,0.8306731,120.64143,411.20697,0.8299306,137.11052,319.187,0.94084126,156.98811,283.10318,0.9434141,185.21329,253.40804,0.7813356,216.86394,221.28134,0.8834602
2212,123.97863,434.17026,0.77808774,140.78487,423.03766,0.8513573,105.67415,424.38303,0.83006805,124.164406,377.8825,0.7770238,128.1387,346.14847,0.7953833,104.45703,344.09265,0.60489553,150.98282,354.9231,0.7640276,123.889565,414.04474,0.8331546,137.28354,321.0805,0.8013123,156.10727,285.64917,0.91537285,182.60306,254.17352,0.8485684,213.98373,219.98796,0.9210348
2213,124.51375,436.15652,0.7690816,141.63753,426.10413,0.93652135,107.17119,427.0873,0.83850074,127.451294,381.46646,0.71039826,128.4801,348.63892,0.78922534,106.2365,345.9398,0.5292722,152.82216,357.8313,0.77379274,124.79476,417.3537,0.77122957,137.58452,324.42984,0.77414054,153.75356,287.5146,0.85869044,180.59894,255.61134,0.87956923,212.35628,221.20999,0.9199903
2214,126.39085,439.34256,0.9193388,143.82124,428.66937,0.93049693,109.20698,430.86377,0.8320364,129.18742,384.87598,0.783106,129.59676,351.0973,0.76058084,108.68697,347.33823,0.48297915,155.23682,358.0054,0.7771842,126.97344,419.04346,0.8293066,139.19003,326.6406,0.7266131,153.6939,290.21933,0.87002784,178.21051,256.88617,0.86817044,209.72653,221.55713,0.885289
2215,129.14117,443.1402,0.93750113,147.11942,432.46674,0.85178936,110.65558,432.09042,0.8464883,129.92131,389.072,0.846809,134.1621,354.25143,0.89410377,110.557976,356.55084,0.7023116,157.14816,362.5155,0.82905626,128.91418,423.99252,0.83539855,141.3553,329.0684,0.897618,154.64131,292.9912,0.86133933,176.77592,258.14325,0.86965466,205.66528,221.91179,0.8966526
2216,129.31306,445.8149,0.8358599,147.90819,436.0556,0.8624939,112.281685,435.57388,0.8674546,132.91393,392.52277,0.78786844,135.46368,356.8216,0.906535,111.25384,359.2817,0.85445845,158.87398,366.06824,0.8450565,130.38496,427.46356,0.83526284,141.35297,332.0763,0.9451082,154.35362,295.0093,0.8859567,176.60817,259.7076,0.8637673,204.63373,222.1592,0.9009981
2217,131.76932,447.36667,0.8077531,150.03409,437.66467,0.82696635,114.62887,437.97034,0.88608295,134.2899,395.29846,0.80846715,136.91283,360.18927,0.8547346,112.2248,363.64273,0.862071,160.85132,368.0638,0.8237041,132.65126,428.76212,0.80097556,141.06665,334.33395,0.9353101,153.18835,297.0038,0.90366447,175.48405,261.50305,0.8405519,203.72873,223.61052,0.84744716
2218,133.96915,448.80698,0.8426325,152.09921,438.91837,0.8742826,116.70747,440.78967,0.8942006,135.3026,397.97473,0.7598294,138.93628,362.83545,0.89328194,113.66442,367.3709,0.92196685,163.14258,369.88474,0.8402996,134.90681,430.2969,0.76776505,141.26164,335.8451,0.95196205,151.66684,299.25037,0.90254486,173.38081,261.92377,0.7878527,200.86478,223.4927,0.8356849
2219,139.6416,451.0274,0.85114187,155.85094,439.51062,0.9306354,119.31127,444.35278,0.8963242,137.85408,400.46304,0.7376206,141.00182,366.13522,0.91597766,113.83879,371.26236,0.9392053,165.47533,372.7281,0.87078446,136.02122,432.32156,0.7739922,142.77162,339.1448,0.97254324,150.80841,301.50546,0.850493,169.55043,264.08728,0.7665685,194.32506,223.5311,0.9255607
2220,145.01216,453.49588,0.7337121,159.91338,438.20007,0.8174609,122.70954,446.22922,0.903535,139.63554,401.7136,0.81508595,141.9788,367.60474,0.90989256,114.76409,374.19308,0.8938974,166.42842,373.76025,0.8632395,141.08034,432.90854,0.8068811,143.9324,341.20206,0.92895037,151.77866,303.72992,0.80673546,168.92528,264.73187,0.74193627,193.10445,223.05042,0.89276016
2221,150.35384,452.36386,0.7544136,165.19814,438.4078,0.7867935,128.77592,447.55966,0.9154,142.3101,403.93582,0.83619153,143.08453,368.39218,0.8899855,115.93841,379.9145,0.8224723,168.11237,373.89407,0.84962964,144.37158,434.3557,0.75975454,144.46355,341.81534,0.894028,152.35321,304.52222,0.79087365,170.35725,265.6175,0.7382807,194.76706,225.49718,0.90808904
2222,158.67459,450.8023,0.76770437,169.15985,434.707,0.7691141,133.73756,446.97214,0.89577925,143.18758,403.03915,0.7893692,144.10426,369.04816,0.8996581,118.060196,380.3825,0.7658516,169.3692,374.1026,0.86902076,147.46588,432.43173,0.7542325,144.9277,342.88846,0.858715,153.06755,304.27048,0.8066674,171.87697,266.36398,0.7383287,197.90497,226.624,0.9008741
2223,167.40279,447.00256,0.6535171,175.47797,428.06787,0.7392532,140.25594,449.02853,0.73779386,145.67194,402.93738,0.7996459,144.6374,370.12805,0.8877627,119.5209,381.4318,0.72758204,169.84863,373.02267,0.8678448,153.45251,432.15714,0.6414813,144.06374,342.9524,0.8701009,153.52295,305.14383,0.8343031,172.9636,267.0776,0.7368433,198.2889,227.21107,0.8955606
2224,178.29233,440.90317,0.6023038,179.76056,422.57248,0.7316212,149.4839,445.81143,0.6613437,147.82614,398.1916,0.76275045,145.44447,369.85498,0.9227757,121.40314,385.54965,0.7060846,170.42732,370.76038,0.84579074,160.13287,427.7279,0.7066535,144.52771,343.0669,0.86014634,153.2963,304.4108,0.82584196,171.65512,266.5257,0.72606564,197.38719,226.37738,0.90250754
2225,186.4109,438.7185,0.6217053,185.91168,420.02203,0.68665653,158.03322,446.23862,0.620718,152.48045,396.78705,0.84081805,146.09789,369.20004,0.9172767,123.891,389.54715,0.6669354,171.25836,368.19455,0.8096423,166.76402,426.88373,0.7164792,144.00983,341.93256,0.8518512,151.58548,302.9622,0.8219321,168.85835,264.62207,0.7539964,193.07988,224.17964,0.85776365
2226,191.53224,438.14032,0.68612754,189.88939,418.86984,0.8134809,165.02002,442.5301,0.65055287,157.4785,395.73157,0.8666516,146.88036,368.07266,0.93144673,126.321304,389.05594,0.77797705,174.26962,366.8845,0.8094056,172.36469,424.70755,0.715546,144.42026,341.16376,0.844315,148.5426,301.76593,0.8347383,164.22763,262.91925,0.8046372,186.72133,222.02858,0.88017297
2227,198.46835,437.8072,0.7523694,194.23984,419.06802,0.82291955,171.12672,442.83145,0.6932723,161.12692,395.37057,0.83413124,148.25858,366.6455,0.93714017,129.0174,387.0366,0.80283344,175.97841,364.08218,0.8138654,176.95592,422.30008,0.7658807,144.0871,340.4489,0.81976587,146.0304,300.49628,0.7967705,158.97018,260.78387,0.8224177,178.59988,218.45,0.9409777
2228,203.95111,438.6103,0.7068126,200.6097,418.65897,0.7233247,178.17285,442.06116,0.66626364,165.03778,394.88022,0.8780965,151.04984,365.58203,0.9154119,130.7855,386.09348,0.77045697,176.46947,361.85193,0.857599,182.55435,423.33377,0.6922649,145.87921,339.29962,0.859176,145.97992,299.54294,0.7687333,153.99332,258.32837,0.7119168,168.28262,214.91495,0.8517908
2229,207.1682,441.0666,0.7141591,205.94977,420.54294,0.8268778,181.9302,442.85452,0.70672643,168.95753,394.5943,0.81168425,153.80981,364.4226,0.8653891,133.62701,384.64285,0.71634716,179.11557,361.93283,0.86160815,186.89816,424.94086,0.6908184,148.18265,338.7613,0.9129599,145.93259,300.72455,0.7928673,150.57759,256.66656,0.7654186,161.69315,213.66734,0.9072423
2230,214.00124,441.39474,0.6822835,211.69693,422.17957,0.83357984,185.99696,447.30087,0.70701474,174.74744,395.99905,0.8594788,157.88707,365.7171,0.9227389,136.78001,386.61188,0.69805634,182.55716,361.8248,0.8416407,191.64085,426.85336,0.74652386,150.39769,339.0452,0.92563295,145.44939,301.12244,0.813165,149.34505,256.09167,0.79476124,158.94516,213.72408,0.8990139
2231,218.48233,444.42636,0.6550786,218.25015,422.77765,0.7332837,195.45982,450.12988,0.6736602,177.63864,399.4048,0.8841059,159.96553,367.50494,0.90886384,141.3975,387.58447,0.79874974,186.33144,364.37766,0.76585317,199.70203,429.86172,0.72696084,152.75812,340.99814,0.95425564,147.1337,302.9866,0.8072795,150.08868,258.82358,0.79350704,159.88713,215.68526,0.8727113
2232,225.38397,446.2453,0.8418768,223.12552,426.49203,0.79675716,198.69151,451.82196,0.7047691,183.05728,400.51587,0.92355573,162.81404,369.65088,0.86359817,145.22241,389.37384,0.8155913,190.36128,366.3155,0.72251815,204.03918,430.96826,0.7643331,155.96547,342.77435,0.86695796,150.56613,305.79697,0.80971664,152.42513,262.59808,0.72422767,163.53929,216.38448,0.8665571
2233,232.45377,447.93356,0.8284446,227.70026,427.7363,0.80576926,204.33621,453.9511,0.77182883,188.3085,403.6805,0.9314185,167.13474,372.4521,0.8260282,149.04324,393.05182,0.7088534,192.54259,366.96408,0.78482115,209.66583,433.08527,0.7899473,159.97887,347.6732,0.8891913,153.54245,310.72305,0.8405626,156.25392,268.02548,0.67759573,166.30688,222.8113,0.797634
2234,236.52112,447.33914,0.84041107,231.6238,427.89505,0.7252764,212.37611,457.56223,0.7415224,190.7411,406.61356,0.9448738,171.27783,375.14685,0.8261543,151.71873,395.42612,0.7112324,196.61046,368.88876,0.8240088,214.04083,435.51492,0.7627413,162.44743,351.85748,0.8332203,156.21396,314.0352,0.9248012,159.61574,271.61774,0.77631587,169.57208,226.27281,0.79731524
2235,239.09251,448.9762,0.8379383,237.09784,429.27667,0.77745867,215.80867,456.92078,0.71478885,194.65154,408.6597,0.9563973,173.72574,379.45157,0.7981879,157.2111,399.76404,0.6424561,200.7469,372.38507,0.75356674,218.2242,437.28442,0.7399975,165.85463,355.28897,0.892584,159.89218,317.92776,0.87806207,163.33473,273.77505,0.8140407,175.25095,229.24765,0.83015513
2236,243.53967,448.55032,0.8217853,240.3084,428.9944,0.7724511,218.24728,458.41055,0.6991082,197.59209,410.82947,0.9473971,176.32443,384.98215,0.76890534,160.54929,400.93542,0.6214423,203.31424,374.83475,0.6483844,221.07658,436.81958,0.7281674,168.01967,360.9843,0.7916562,161.69043,321.21503,0.76321375,165.07086,278.4768,0.79037493,176.95636,233.91269,0.85778964
2237,248.83144,447.68677,0.78195256,244.81271,429.177,0.72689533,222.90523,457.76508,0.65556335,201.11868,413.02618,0.96772563,180.74768,387.94238,0.77782065,162.93747,402.32272,0.5322546,208.6026,376.42297,0.65176594,224.28441,437.41174,0.7448741,171.48438,365.54193,0.8756072,161.23871,325.33832,0.79581136,166.42393,282.35284,0.7592425,178.4412,238.14284,0.8235544
2238,251.40987,446.48984,0.7827424,246.86588,428.30524,0.64300776,228.80391,459.12677,0.6418978,205.28429,415.3317,0.9154297,183.20877,390.93,0.6846655,167.23616,405.51508,0.5298869,210.95633,379.16928,0.7159457,227.37987,438.5588,0.6971763,172.4518,369.43332,0.8917238,162.6284,327.99835,0.80591613,166.77635,284.34753,0.7573135,176.69461,241.30328,0.79094195
2239,255.13426,446.14877,0.71746695,252.38515,428.96024,0.6228232,234.436,459.53635,0.6104109,209.90317,416.18738,0.94454104,183.76588,391.90253,0.5298738,168.97354,406.28812,0.5111385,215.17719,381.85913,0.6787287,232.6672,438.73978,0.6197096,176.67035,373.11655,0.7869827,163.7657,331.61093,0.7972422,166.06004,285.2436,0.8015508,173.7247,242.80411,0.80331814
2240,258.8822,446.55014,0.79510033,256.8005,429.30533,0.7245477,237.21272,459.52975,0.65963733,210.93042,414.9427,0.995652,190.46057,395.26114,0.4784692,172.12993,406.99072,0.43395674,219.9744,384.1855,0.57542086,236.52115,438.0983,0.63935655,179.14027,374.86255,0.74869937,163.0423,335.45023,0.8409551,165.21756,289.15317,0.83993113,169.00586,247.9243,0.82622576
2241,262.47723,447.13666,0.74819887,261.52313,430.31155,0.6815841,242.94643,458.7425,0.63241,215.80618,415.87744,1,194.40317,397.5111,0.6197118,179.56969,412.30106,0.4125125,225.23337,384.01666,0.6079158,240.34154,438.40033,0.6954125,185.82773,377.74323,0.75582486,164.76945,338.63925,0.8295847,164.08223,290.90002,0.85797065,166.6193,250.13326,0.7967984
2242,265.19843,447.70496,0.7929719,265.05624,429.604,0.7210271,246.88753,459.25848,0.7080395,223.26915,417.92697,0.97789925,200.44608,398.72076,0.7557525,188.17671,421.63153,0.67795944,228.32417,384.02847,0.70571923,244.09856,439.4378,0.7606509,189.15994,379.84274,0.88556,165.40466,341.19556,0.83989537,163.20921,295.67975,0.86859107,164.66843,254.31125,0.80779904
2243,267.81815,446.9116,0.7610644,267.4548,428.99713,0.6952873,251.09288,458.54907,0.64904165,225.46246,416.82477,0.91606617,204.52525,399.50864,0.7667026,195.92743,424.0188,0.74514735,228.01517,381.80716,0.76233107,248.22122,439.6586,0.739656,191.61467,380.13547,0.9221051,165.79857,343.82956,0.7584999,160.59735,300.7631,0.7797063,159.33005,258.59818,0.7990205
2244,269.38168,447.5351,0.73626685,270.04593,430.47995,0.7186673,252.45119,459.42206,0.61780405,228.31436,416.30914,0.96338475,206.22351,398.22287,0.73286676,199.54747,424.03864,0.6689867,229.70335,381.3402,0.75153327,251.47137,438.68457,0.67918557,192.73941,381.69846,0.8681586,165.91125,346.65387,0.7174533,157.86598,303.97632,0.73458457,155.47748,263.0647,0.77820873
2245,270.19202,446.49652,0.7265516,271.47607,430.371,0.7108778,254.16847,459.3009,0.63122505,230.33296,416.30914,0.93614334,207.99574,399.30392,0.8325016,200.47375,424.4592,0.7157764,230.69705,381.3246,0.74408025,251.67282,439.27652,0.6556591,195.4854,383.4461,0.8306026,166.91422,348.97412,0.7139515,155.48383,306.894,0.74949235,150.44304,266.08115,0.8324733
2246,271.5524,447.419,0.82231694,272.49506,430.14255,0.7842569,255.35498,459.15204,0.67650306,231.30559,416.40225,0.90187687,209.21777,399.65817,0.8754564,201.46812,424.84134,0.70911705,231.63931,381.54794,0.7421516,251.90132,438.13153,0.6897946,196.818,383.72626,0.8236322,167.37274,349.85574,0.7031361,152.41605,308.56467,0.7635791,145.39038,270.54327,0.84761584
2247,273.9855,447.7787,0.8591716,273.35883,429.77054,0.8013999,255.6061,458.38684,0.7043821,232.62094,416.7624,0.8504212,210.58821,399.66025,0.8980128,202.35414,425.2797,0.69744134,233.6952,381.8861,0.7263261,253.16173,437.62158,0.77437556,198.12961,383.6315,0.83437985,167.79509,349.63553,0.6446229,151.1174,309.76517,0.7730402,142.22984,272.75653,0.8183055
2248,277.00742,447.19244,0.8163658,274.59708,429.88312,0.7625504,257.29788,457.8006,0.7115089,233.80194,417.64575,0.8639293,212.10483,399.9087,0.8965304,203.44673,425.2298,0.68609685,232.9225,383.1376,0.7449353,254.9964,437.32263,0.8165319,199.6992,382.8703,0.8609895,168.3538,349.64203,0.6609797,153.16261,309.767,0.7847139,144.26262,272.85138,0.85947156
2249,278.45392,447.38422,0.7817254,276.56195,429.97147,0.7169315,260.74216,458.63297,0.7116491,236.02354,418.2343,0.9215932,214.54774,400.45612,0.87325996,205.79128,427.30502,0.66097075,235.68361,383.2786,0.7554461,256.89322,437.67737,0.8306132,201.50482,382.6539,0.8371261,169.28888,349.0193,0.6915241,153.85114,308.91965,0.7702491,146.03154,272.51767,0.8391571
2250,279.62082,447.2569,0.74636924,278.05765,430.15924,0.6850149,263.12015,459.0295,0.69835025,238.23718,418.74155,0.9441718,216.68199,401.13382,0.83244854,206.86671,426.05057,0.68167645,238.5307,383.4212,0.75842464,258.51132,438.54346,0.8031041,203.9039,382.2579,0.91439,170.38866,349.93256,0.71125776,156.3141,308.5516,0.76707184,149.16302,272.6751,0.8306771
2251,280.5066,447.57132,0.72953975,279.1191,429.1903,0.6504628,263.65714,457.91367,0.7045506,239.85225,418.69278,0.9209492,217.81096,400.5742,0.8474522,208.8993,425.51453,0.71260214,239.49052,382.30054,0.77741253,260.21442,438.9637,0.79810673,205.32198,382.26736,0.9609447,171.97032,350.72812,0.71199316,158.45277,309.1762,0.8196743,151.09683,272.50247,0.8021507
2252,282.85147,446.9986,0.7884705,280.4352,429.17654,0.6796699,265.25208,458.2279,0.6919019,240.08405,418.36606,0.87395465,219.57185,401.46396,0.842454,210.7621,425.23062,0.71033376,241.85904,383.04248,0.7930224,262.21558,439.47775,0.7947767,207.14304,382.64487,1,174.56291,351.12418,0.68388426,160.7096,309.7832,0.85746074,152.92506,272.4579,0.7884229
2253,285.36353,446.29102,0.74733365,282.57776,428.6219,0.662432,267.71466,458.2092,0.64481384,242.78665,418.07843,0.92445564,221.61458,402.16873,0.8180201,212.91736,425.65494,0.69991845,243.16869,383.1413,0.79011875,264.98428,439.8927,0.7430825,209.3413,383.27518,0.9928231,175.89122,350.7875,0.6983194,162.5934,310.03928,0.8745914,155.03865,272.4765,0.80165845
2254,286.83456,446.40176,0.71283656,285.124,430.26126,0.6743462,269.58682,459.13733,0.6384319,245.12218,417.73694,0.9295859,223.26212,400.59494,0.87718904,214.84785,425.5091,0.71776974,245.4426,382.93692,0.7807666,267.3771,440.36496,0.6686736,212.01682,384.14474,0.92502016,177.22305,350.28445,0.7317142,164.47716,310.4078,0.85810894,157.41612,272.60422,0.79750717
2255,286.8629,446.69397,0.77433914,287.23685,430.55884,0.7247825,270.83444,459.43307,0.6477634,246.73854,417.71362,0.9003184,225.04605,400.8306,0.930622,216.36356,425.77548,0.7338934,247.923,383.0746,0.7689678,268.31842,439.47937,0.6583215,213.66414,384.1494,0.8858125,179.10957,350.65982,0.73471236,166.7543,310.99646,0.8340401,158.67937,273.1402,0.8347273
2256,289.24026,447.6068,0.8525308,288.8661,430.62445,0.8013101,272.3708,458.6772,0.678533,248.43437,417.86377,0.8599488,226.50539,400.99896,0.94550794,217.7463,425.71744,0.70535403,248.06036,384.33173,0.7341945,268.84567,438.15936,0.72947395,215.15118,383.85245,0.88331383,181.06868,349.93008,0.70340645,168.5703,310.81796,0.8126772,160.61519,273.23538,0.86605513
2257,292.52237,447.7047,0.8268703,290.8144,430.92322,0.7756122,274.7344,458.38333,0.70273966,250.53229,418.9665,0.9174886,229.55493,401.88098,0.9254411,220.49269,428.23105,0.6756249,251.23053,384.7919,0.76440334,271.13745,438.05032,0.80206156,217.32924,383.5214,0.8450582,185.01018,351.10406,0.67438287,170.01749,310.24924,0.7763527,162.18181,273.18448,0.8615546
2258,295.59317,447.99142,0.75516677,292.80786,431.09714,0.725629,279.3134,457.95483,0.7006906,253.21176,419.73895,0.94483143,232.19757,401.91647,0.8729785,222.29102,427.26218,0.6720596,254.3657,384.70428,0.7748962,274.03464,438.76544,0.79297173,219.4736,382.74442,0.9065106,185.48549,350.6053,0.7174537,172.2451,308.9623,0.7691244,165.15477,273.19156,0.8341373
2259,296.55966,448.09073,0.7345594,295.17233,430.86743,0.67070043,281.922,457.99667,0.693466,255.11433,419.6214,0.9384035,233.2211,401.43347,0.8374644,224.00296,427.16364,0.6748424,255.27733,383.0627,0.78600335,276.41196,439.29895,0.7639933,220.69458,382.93436,0.96379113,187.64316,351.5249,0.72031695,174.32208,309.83286,0.8198158,166.87868,273.334,0.82431734
2260,298.44092,447.97943,0.78849775,295.59332,430.25677,0.6773851,283.40958,458.23987,0.68196815,256.90164,419.55914,0.8964534,234.86237,401.76215,0.83758485,226.11362,425.93805,0.684468,257.34424,383.54816,0.7994736,278.22208,439.66516,0.7646731,222.57176,382.78723,1,189.1977,352.16568,0.70862836,176.2614,310.3747,0.8622217,168.54256,273.13986,0.8026588
2261,299.61588,447.23715,0.77771634,297.53754,430.03894,0.66619164,285.23813,458.84384,0.6295678,257.7267,419.08295,0.91096807,236.88287,402.82358,0.8043002,228.26886,426.4411,0.68407124,258.69373,383.7106,0.80823946,280.45477,440.02884,0.7332784,224.77852,383.39804,1,189.9736,350.85797,0.7188668,178.15274,310.90384,0.88242495,170.56409,272.8732,0.8055411
2262,301.85126,446.4388,0.7137445,299.6985,429.77972,0.6279478,286.88998,458.93256,0.58088183,260.4598,418.60025,0.9282657,238.88037,401.40448,0.86371917,230.12271,426.34183,0.6965776,260.74603,383.64478,0.78997254,283.05084,440.22653,0.660837,227.2881,384.0581,0.948608,191.81,351.4527,0.76247686,179.6482,311.04706,0.8727269,172.79381,272.90753,0.7917335
2263,302.0768,446.09244,0.7145411,302.51108,430.74655,0.6531225,287.2758,458.7837,0.5910133,261.95032,418.24756,0.91937536,240.34721,401.47366,0.92927,231.59447,426.47766,0.72198987,262.4056,383.51645,0.78655446,283.78073,439.43533,0.6191595,228.96785,384.2941,0.90951055,192.88724,350.82135,0.7782432,181.67398,311.49744,0.8647943,174.33801,273.435,0.83533204
2264,303.8111,447.27206,0.80245566,304.63162,431.27933,0.730174,288.92126,458.86978,0.63435954,263.55408,418.45065,0.9033508,241.70245,401.50385,0.95316416,232.74063,426.3685,0.7095093,265.24344,383.63135,0.75710124,284.25845,439.33984,0.6327008,230.66388,383.9485,0.89680153,194.75247,350.97772,0.74651927,183.43645,311.4549,0.83871526,175.72488,273.63986,0.8733524
2265,305.32904,447.59198,0.8392079,306.70084,431.29327,0.78178054,291.12766,458.24448,0.6596095,265.06024,419.15973,0.88364315,243.77708,402.0013,0.9540504,234.93074,426.6102,0.67033046,265.35706,384.94638,0.744782,286.0435,438.8884,0.71293974,232.28107,384.00195,0.8524386,196.36736,350.5237,0.7372577,185.2772,310.7579,0.8175556,177.45203,273.41013,0.8771548
2266,308.5126,448.12302,0.8179699,308.5186,431.48947,0.77537936,294.30878,458.29858,0.6985079,267.5492,419.73526,0.94607663,246.59726,402.61057,0.9178463,237.42392,428.66287,0.6670442,268.68567,385.08066,0.76301473,288.68173,438.90924,0.7726761,234.54599,383.46753,0.8658028,198.99725,350.91644,0.710851,186.6511,310.3504,0.7829155,179.46889,273.40295,0.8438488
2267,310.41788,448.25107,0.73926735,310.23978,431.5229,0.7328997,296.11353,458.01233,0.70149094,269.93243,419.81528,0.947528,248.7912,402.4042,0.86359715,239.18674,427.48672,0.66652006,270.23523,383.17676,0.7782942,290.65094,439.27426,0.76928526,235.90518,383.19894,0.9355709,201.50719,351.15277,0.70269954,188.6565,309.6086,0.7738935,181.7562,273.56787,0.8360357
2268,310.88837,449.07257,0.73791623,311.56165,430.6356,0.6982034,297.89774,457.94138,0.6961815,271.80658,419.76724,0.92894626,250.09187,402.28046,0.8490066,240.5528,427.53763,0.6721248,272.22726,383.33456,0.79874575,292.52374,439.9092,0.7555423,237.62685,383.27393,0.98745173,203.59132,351.8999,0.7188464,190.39667,309.86884,0.82575405,183.41638,273.31223,0.80203414
2269,312.96838,448.41083,0.7731439,312.272,430.4926,0.6849959,299.71027,458.1864,0.658992,273.546,419.80643,0.90000534,251.71867,402.841,0.8279592,243.08736,426.7726,0.6806575,273.61987,383.45282,0.8120897,294.39423,440.02002,0.74591714,239.5347,383.28906,1,205.38342,352.68564,0.7115815,192.44241,310.72232,0.8674815,185.17241,273.13248,0.80170274
2270,315.63202,447.65326,0.76696634,314.73853,430.65472,0.66688776,302.25214,459.29926,0.5981967,274.74423,419.27243,0.92884386,253.94644,403.48035,0.80697733,244.86462,426.8199,0.678451,275.1981,383.8136,0.806579,297.35944,440.69495,0.6948075,241.54584,383.96176,0.9630515,206.16235,351.37262,0.7545435,194.2791,311.40784,0.87670046,187.02696,273.2513,0.8037755
2271,317.40192,446.98846,0.7230265,317.03366,430.45776,0.6643908,303.658,459.67725,0.59354144,277.13733,418.72806,0.9232856,255.67,402.00592,0.8971079,246.96396,427.11172,0.69673693,277.51007,383.81873,0.7999814,299.65106,441.0011,0.6462935,243.92224,384.99612,0.9174767,207.88892,351.59668,0.784122,195.93675,311.6787,0.8676706,189.36876,273.54013,0.79100364
2272,317.80643,446.97214,0.72883606,319.90494,431.61334,0.6973755,304.0055,459.49863,0.6009048,278.94745,418.3906,0.9014145,256.96298,402.05945,0.93831503,248.43602,426.8952,0.7043463,279.26224,383.81012,0.7785506,300.24133,440.37827,0.61827767,243.93948,383.82678,0.8942255,209.01543,351.03754,0.78588974,197.88814,311.82327,0.8685747,190.20354,273.4998,0.8429718
2273,319.27365,447.79935,0.82031906,321.72797,431.65363,0.77998555,305.5357,459.1515,0.6387607,280.31976,418.38718,0.86381733,258.5622,401.78836,0.9578766,249.70337,426.61038,0.68360215,282.0907,383.5796,0.742454,300.7888,439.3212,0.66372645,247.15517,384.2475,0.8727179,210.73865,351.10446,0.75009155,199.54822,311.47955,0.84263414,191.6342,273.54474,0.8750071
2274,320.9664,448.0132,0.84862316,323.49225,431.77515,0.79542065,308.05743,458.50336,0.66293293,281.83365,419.10254,0.9182681,260.95892,402.42606,0.9469872,251.88805,428.42334,0.672404,281.97708,384.86688,0.734942,302.26556,439.21658,0.71526283,248.90347,384.21515,0.8135266,212.36688,350.7723,0.7454955,201.4036,310.94864,0.8240674,193.46094,273.37097,0.874978
2275,323.42267,448.31927,0.8187516,325.47314,431.97104,0.75803757,310.32736,458.38956,0.6914685,284.1827,419.49475,0.953743,263.37228,402.62238,0.9002676,254.88345,429.124,0.6458511,285.24673,384.86816,0.7635771,304.89175,439.20636,0.77060616,251.01047,383.65768,0.87007517,214.86673,351.06573,0.72153634,202.52026,310.6136,0.7767776,195.32114,273.4274,0.84741074
2276,325.4416,448.21576,0.74494046,326.84003,431.77972,0.7053785,312.23453,458.3582,0.68421215,286.3261,419.6737,0.9570085,265.1624,402.7019,0.84972566,255.71114,427.63083,0.6629544,286.81894,383.24115,0.77961314,306.77704,439.60803,0.75087154,252.34741,383.70947,0.93552816,217.39874,351.4094,0.7063982,204.67638,309.86047,0.7705267,197.83728,273.6815,0.84113604
2277,326.26447,449.29645,0.7483381,327.87634,430.8884,0.7199422,313.9795,458.20377,0.6993188,288.35898,419.70993,0.9207667,266.44708,402.65558,0.83672386,257.33633,428.1717,0.6701773,288.3835,383.45624,0.80875415,308.7184,440.1893,0.7629899,254.07945,383.5954,0.97609997,219.54182,352.1338,0.73415184,206.39499,310.17776,0.82009786,199.28755,273.51135,0.80923295
2278,328.31818,448.5941,0.7716295,328.9165,430.64804,0.6937553,315.65674,458.49835,0.660054,288.54938,418.91843,0.8915372,267.90533,403.12537,0.80088115,259.48508,426.77917,0.6780309,289.77487,383.35303,0.80510306,310.5275,440.28735,0.751769,255.60004,383.54724,1,220.6868,350.9743,0.7175583,208.2286,310.6019,0.85985017,201.04247,273.2756,0.8040842
2279,330.30536,447.91602,0.77732813,330.74023,430.71133,0.68372756,317.9738,459.19223,0.60363436,290.8309,418.85446,0.9203006,270.37347,403.78476,0.80589443,261.33298,427.13843,0.6758332,291.239,383.6428,0.8037267,312.88306,440.6803,0.72295105,257.87234,384.03632,0.9525465,222.07713,351.6244,0.76895845,210.01938,311.49445,0.87586844,202.51888,273.26758,0.8000928
2280,332.30725,447.08093,0.7224449,332.77676,430.4148,0.6615908,319.17865,459.52554,0.56287384,293.0561,418.43497,0.92722523,271.67047,402.14713,0.89535904,263.23837,427.22113,0.6922718,293.23096,383.66733,0.7906512,315.16162,440.9068,0.6627481,258.66293,383.97647,0.9187669,223.65895,352.1563,0.81333315,211.6474,311.98663,0.86534077,204.87497,273.57983,0.79431015
2281,333.0066,446.7105,0.6946093,335.57654,431.24554,0.67495674,319.80402,459.3573,0.5817139,294.62003,418.43982,0.9029348,273.08493,402.25598,0.9398177,264.66696,427.0953,0.6890001,295.35522,383.91498,0.7751844,315.72552,440.35287,0.61065733,259.91122,384.0428,0.8945053,224.86046,351.3574,0.8073097,213.23776,311.9243,0.8629505,206.15097,273.64505,0.84259534
2282,334.84363,447.6491,0.81166416,337.4961,431.5484,0.7701226,321.27924,459.04465,0.64210135,296.1881,418.38092,0.8635394,274.5851,402.1794,0.96018094,265.74377,426.93533,0.6656148,297.83884,383.6085,0.7454138,315.92816,439.54922,0.6514372,261.66464,383.88577,0.8591524,226.39273,351.2829,0.7845658,215.15642,311.62424,0.85012054,206.84515,273.7327,0.86376536
2283,336.8008,448.11502,0.8578359,339.34567,431.54703,0.8221771,324.19995,458.40176,0.6846668,297.87,419.2734,0.9178872,276.61096,402.8339,0.9520967,268.1912,428.70413,0.65967786,298.16788,385.02954,0.72601783,318.13864,439.22437,0.7401908,264.6697,384.8067,0.8173184,227.9851,351.39676,0.76998335,216.83705,311.40588,0.83092964,208.84921,273.58716,0.87997544
2284,339.23267,448.28375,0.8171439,341.40524,431.85367,0.76520205,326.41995,458.78717,0.6944547,299.7243,419.69464,0.96608436,278.58142,403.23367,0.9226343,270.30426,429.24387,0.6521295,300.522,385.10403,0.7485275,320.67645,439.45438,0.7720124,265.93143,384.51108,0.8656582,229.84306,351.24887,0.7513081,218.52512,311.06833,0.7887872,210.27025,273.66287,0.87536716
2285,341.22302,448.16287,0.75090677,343.0856,431.77863,0.71059024,328.41028,458.74997,0.6878439,301.83142,419.77917,0.9588537,280.4004,402.85437,0.8669187,271.10013,427.70978,0.6488957,302.36554,383.5304,0.7704544,322.78036,439.83368,0.76124054,267.875,384.17783,0.9113446,232.07965,351.32523,0.7168653,219.67616,310.51352,0.7726585,212.55086,273.97452,0.87563527
2286,343.04364,448.96017,0.7404896,344.01685,430.75656,0.70866716,329.81308,458.67065,0.70087457,303.92554,419.88123,0.9352876,281.72684,402.79398,0.82866627,272.71716,428.1378,0.6690931,303.97574,383.49475,0.8020087,324.53796,440.5554,0.7629884,269.26117,383.9356,0.94981307,234.6813,352.07364,0.7431641,221.45966,310.2229,0.78732663,214.53406,273.9639,0.8490348
2287,345.08115,448.4009,0.7918342,344.65247,430.49887,0.69134027,332.40356,458.99673,0.66518277,305.8663,419.82483,0.8959722,283.53226,402.9589,0.8124117,274.8838,426.85696,0.6912623,305.4817,383.53528,0.8127054,326.74197,440.4014,0.7509973,271.5929,383.7435,0.9772653,235.96611,351.92014,0.72942406,223.07465,309.78714,0.8476599,215.8663,273.7977,0.806687
2288,347.90768,447.72266,0.7752614,346.51117,430.54858,0.68054134,334.7377,459.99265,0.59895194,306.80978,419.64548,0.93759084,285.47495,403.5266,0.79510975,276.88034,427.11664,0.68220764,306.961,383.9544,0.8044497,329.67804,441.07904,0.705955,273.00452,383.94238,0.96193445,237.19528,351.06735,0.7384357,225.02777,310.9299,0.86567116,217.83002,273.38123,0.80595195
2289,349.6205,446.97217,0.71382445,349.9677,431.44058,0.67829967,335.50427,460.1079,0.5916792,309.4734,419.54172,0.91486275,287.34512,402.46054,0.89464563,278.8508,427.541,0.6937664,308.95587,384.1044,0.798784,331.06604,440.8141,0.6365604,274.20917,384.30942,0.911999,239.21083,352.34845,0.8116344,226.79114,311.7863,0.8667716,219.6445,273.47253,0.79788864
2290,351.5663,447.54877,0.79856646,352.39175,431.52057,0.7652232,337.32306,460.24982,0.65110874,311.44324,419.5694,0.877012,288.8555,402.72232,0.9519199,280.49826,427.36667,0.66451865,311.31897,384.37747,0.78440595,331.85828,440.2851,0.6473074,275.76013,384.418,0.8987586,241.00864,351.80484,0.79201037,228.59058,312.05807,0.867196,221.88841,273.82965,0.8340106
2291,353.24026,448.06723,0.8457086,354.24347,431.339,0.81277394,339.82648,459.80197,0.66495425,312.5686,420.03116,0.8489507,290.43747,402.49393,0.95933986,281.95956,427.14194,0.6366224,313.72888,384.09494,0.74900943,333.33508,439.74707,0.703462,277.60883,384.26044,0.862968,242.01022,351.38004,0.79870236,230.42517,312.12302,0.85094273,222.50937,273.98645,0.87906814
2292,356.93167,447.8839,0.77956456,357.11264,431.40295,0.74042606,343.38437,459.83865,0.6894273,314.76437,420.5549,0.9268074,292.75076,403.2164,0.9470623,285.22266,429.22754,0.6307006,314.3339,385.5013,0.71793944,336.98883,439.7871,0.73945117,279.26874,384.42676,0.82505757,243.85504,350.82672,0.7584954,232.57188,311.19754,0.8404365,224.4418,273.9668,0.904863
2293,359.20575,448.02612,0.71409345,358.96252,431.4383,0.7019163,345.2366,459.8343,0.71378714,317.29382,421.08847,0.94206184,294.97202,403.70593,0.89740545,287.70078,429.60617,0.6089211,317.22037,385.82684,0.7595825,339.22217,440.3297,0.7313343,282.70224,384.97098,0.88546956,247.10434,351.6101,0.7376008,234.5135,311.22903,0.7934235,226.06079,273.87424,0.88264143
2294,361.20425,448.23108,0.78489697,360.03577,431.3825,0.67558247,347.555,459.46207,0.70593953,319.53314,420.9434,0.92675215,296.6945,403.28336,0.8509179,287.957,428.5695,0.62581736,318.61603,384.1286,0.7815198,341.52078,440.56964,0.7396505,284.4102,384.53845,0.9080804,249.58356,350.98663,0.7170382,236.09608,310.78577,0.7661539,228.91814,274.3167,0.8857832
2295,364.46912,447.21152,0.7580149,361.65347,430.36176,0.6374104,350.54498,460.50162,0.6345191,320.5462,421.0685,0.9072274,298.64017,403.88797,0.795888,289.67526,429.1947,0.6657337,320.53265,384.44644,0.80844665,345.10483,441.12137,0.68987155,286.62146,384.7852,0.9570117,251.64264,352.81085,0.7462788,237.8182,310.5652,0.7879788,230.77791,274.1955,0.8472031
2296,366.29813,446.37512,0.6619886,364.66772,430.43655,0.5945824,352.11008,460.80875,0.5668427,323.22452,420.92783,0.93016636,300.8569,404.45767,0.7727732,292.52487,430.2598,0.66416883,322.3485,384.76773,0.8094538,347.43866,441.5788,0.60463125,288.5288,384.7217,0.9536093,253.21042,351.37906,0.73586243,239.86243,310.59222,0.85777193,232.231,274.31628,0.8143736
2297,366.55832,446.21594,0.7232617,367.27826,431.1658,0.65926456,352.4814,460.58737,0.61132187,325.11313,420.3909,0.9283466,302.47354,403.7516,0.83655673,294.3457,430.1055,0.66251326,324.23077,384.6565,0.7888394,348.55374,440.76868,0.6093173,289.2311,384.8621,0.9142307,254.50948,352.34384,0.77731526,241.79301,311.44177,0.8725915,234.41893,273.54337,0.8061472
2298,368.32184,447.07013,0.78498507,369.65988,431.65164,0.7132526,355.28506,460.5393,0.629647,327.43933,420.10727,0.8741646,304.2202,403.06833,0.92576313,296.70886,428.13855,0.65576226,326.20508,384.31033,0.7850015,349.17276,440.78458,0.6204754,290.972,384.6812,0.90277857,256.3942,352.28912,0.81669897,243.72418,312.29022,0.8626699,236.5222,274.07816,0.8004724
2299,370.73325,446.81393,0.77366805,372.06766,431.26892,0.68276423,357.74844,459.78506,0.6613201,328.6982,420.669,0.855687,306.15848,402.98334,0.9570811,298.14563,427.714,0.6334364,329.3398,384.44547,0.7540556,351.1913,440.07202,0.67590964,293.35724,384.66367,0.8744858,257.8751,351.53064,0.8098762,245.63866,312.51648,0.84721744,238.14247,274.15875,0.8738866
2300,373.93515,445.9358,0.7104205,373.73886,430.68533,0.618469,359.68063,458.96884,0.69094276,330.54672,420.56216,0.92972016,308.21902,402.92163,0.94899225,301.00992,428.99176,0.62376636,329.8353,385.3451,0.6927425,353.731,439.5195,0.67345715,294.99722,384.52264,0.8251157,259.13574,351.1421,0.78829575,247.55843,311.88824,0.8364976,239.6397,274.54865,0.89594805
2301,377.84634,445.8799,0.6465236,376.23648,430.47665,0.5766143,363.42676,458.80847,0.68323386,333.47513,420.9622,0.93674684,310.41565,403.6754,0.90408856,303.7333,429.79178,0.6128821,332.1462,385.46686,0.7394628,357.01816,439.95312,0.6723833,298.1689,385.3557,0.8760404,261.67267,351.3077,0.75928706,249.68929,311.1299,0.82046884,241.67133,273.9077,0.902279
2302,379.17273,446.14606,0.6883491,376.90836,429.79706,0.5892834,365.7423,459.39584,0.6492783,336.37225,420.98282,0.9034499,312.84818,403.32437,0.83822364,304.12997,428.6866,0.62203044,334.56946,384.29953,0.77976656,359.5495,440.53702,0.6930281,300.70526,384.61142,0.91484207,264.8896,351.04474,0.7148885,251.39172,311.02762,0.7680506,244.51334,274.5742,0.8929633
2303,381.85175,445.37546,0.64179444,379.2688,429.3965,0.5497584,367.7603,459.67865,0.57248604,337.34738,420.75824,0.92315006,315.19662,403.93738,0.786982,306.75305,429.53534,0.6538738,336.79834,384.36017,0.80589104,362.28036,440.62268,0.6224573,303.17874,385.0746,0.96727234,267.57117,351.30298,0.7472996,253.75504,310.65097,0.78478473,246.99384,274.53708,0.8451672
2304,383.04782,444.27496,0.66785836,382.04797,430.28018,0.58344895,368.58405,459.63007,0.5996283,339.88614,420.63016,0.94068694,317.37344,403.56573,0.78321314,309.23083,430.09314,0.6537877,338.71387,384.7499,0.7922217,364.54654,440.25778,0.59477335,305.2277,385.27042,0.9329658,269.47632,351.56543,0.7318589,256.13437,310.60193,0.864783,248.75076,274.02856,0.8065348
2305,385.32117,445.82504,0.76530206,384.82855,430.50934,0.6709965,372.0086,459.16345,0.6370017,342.78308,420.27994,0.8663658,319.42813,403.46158,0.8984612,311.76706,428.42612,0.669801,340.91785,384.371,0.7893209,365.18094,440.4648,0.5987911,306.25418,384.91205,0.9120384,271.35214,352.8319,0.8307505,258.6841,312.1917,0.859743,251.17596,273.9561,0.80812883
2306,389.8278,446.13184,0.75829923,387.517,431.1305,0.66387606,375.42715,458.36438,0.6682085,344.88776,420.20566,0.8394507,321.13678,403.09247,0.94876647,313.6269,427.77322,0.6361978,343.83084,384.32788,0.7756502,368.51758,439.46307,0.6827695,308.36554,384.76825,0.8878546,273.2058,351.83405,0.8156054,260.61838,312.48502,0.8505265,253.81334,274.49838,0.8448851
2307,393.6247,446.53845,0.67163455,390.89935,430.92917,0.6075488,378.91605,458.06458,0.6746589,347.58524,421.41022,0.9040003,323.61716,403.035,0.9471103,316.52103,428.96722,0.6199474,347.11563,384.42526,0.7210619,372.36227,439.62787,0.6625316,310.33383,384.68384,0.8397668,275.0582,351.51193,0.78417844,263.06277,312.55533,0.8337314,254.89557,274.6778,0.89094764
2308,396.29773,446.13043,0.6871582,392.85776,430.29898,0.5997898,382.3931,459.06403,0.61853796,350.6075,421.8925,0.9292112,326.31296,403.64267,0.9049609,319.5346,429.42447,0.6285313,347.90375,385.77225,0.7463906,375.5662,440.84818,0.6533941,313.72162,385.6532,0.85973185,277.42657,351.4305,0.7598795,265.39804,311.60632,0.82055944,257.40012,274.46295,0.90599644
2309,398.5893,445.02258,0.65218425,394.956,429.68582,0.55337864,384.1436,459.48956,0.56418216,351.91675,421.77783,0.8864678,329.0307,403.31934,0.8346265,320.50797,428.59885,0.6494226,350.05377,384.34778,0.79006016,378.20923,440.9416,0.606782,316.7212,384.95428,0.9175264,280.73495,351.02512,0.71712834,267.1594,311.0462,0.76511776,260.05017,274.53055,0.886363
2310,399.03482,444.96988,0.71874374,396.99347,430.54312,0.6321604,384.2836,459.27896,0.61842585,354.52164,421.06604,0.9418572,331.42044,403.70486,0.7854062,323.35342,429.6034,0.6660886,352.3448,384.528,0.8148885,380.0265,440.10287,0.63120615,318.56256,385.09738,0.9484107,283.6484,352.7858,0.75287986,269.67908,310.69467,0.778079,262.8938,274.6175,0.86014736
2311,400.5398,446.08658,0.7725983,400.18588,430.7135,0.69159496,386.9607,459.13687,0.6172002,357.0922,420.6561,0.93462133,333.6401,403.4645,0.795967,325.62836,429.78644,0.6450653,354.71692,384.6806,0.8101683,382.44308,440.4834,0.5999653,321.43875,385.6023,0.9180207,285.69574,351.42117,0.7431633,271.922,310.73416,0.8466985,264.59995,274.6917,0.81969213
2312,403.13724,446.76096,0.8056925,402.48056,430.99255,0.736112,389.95062,458.32846,0.6608787,360.00153,420.23892,0.86388934,335.74124,403.15753,0.9096928,328.33337,427.9032,0.6586969,357.385,384.18536,0.79821575,383.35452,439.9466,0.6857781,322.50952,384.75293,0.91081136,287.35165,352.5854,0.8307343,274.63568,311.86975,0.86678207,267.08728,273.8685,0.8106388
2313,405.63922,446.4682,0.7378038,405.124,430.76367,0.65415645,392.44583,458.3364,0.67063075,361.4602,420.77853,0.8463021,337.55328,402.91238,0.94160485,330.4105,427.8858,0.6279135,360.04977,383.96295,0.7778691,385.89722,439.58923,0.6764794,324.3647,384.72635,0.8924729,289.03085,351.66418,0.8051918,276.43622,312.5121,0.8431891,269.66934,274.55472,0.8464446
2314,408.68982,447.37762,0.68035316,407.95724,430.9345,0.6087322,395.60553,458.8315,0.66121215,364.01236,421.1822,0.92846465,340.18472,402.89963,0.93604475,333.1381,428.75888,0.6262985,361.17255,385.3264,0.72831666,388.79825,440.1659,0.63658875,326.63437,384.85843,0.82070774,290.78168,351.33203,0.79883343,278.9284,312.22095,0.831103,270.8139,274.5233,0.8966121
2315,409.85672,447.27826,0.6920803,409.14847,430.07068,0.59051865,398.3673,459.4904,0.5901657,367.17407,421.37585,0.9331138,342.7664,403.5,0.88415176,336.078,429.29303,0.6234473,364.1098,385.47754,0.76762664,391.45197,440.88354,0.63747084,330.3275,385.45953,0.86033016,293.3091,351.27402,0.7643756,281.34882,311.30988,0.8210034,273.38385,274.40237,0.91314834
2316,412.2578,446.44214,0.6403445,411.62146,429.81464,0.5718865,400.10257,460.13907,0.5293803,367.67487,420.9314,0.9012479,345.13287,403.11093,0.8266235,336.88107,428.69464,0.6515651,366.104,383.96793,0.8040617,393.86182,440.87625,0.59636587,332.56635,384.93735,0.9126436,296.40927,351.02875,0.720429,283.13516,310.81522,0.7706307,275.87494,274.31326,0.8774578
2317,414.42648,445.8652,0.58625484,413.7369,430.3542,0.56843203,399.62683,460.12457,0.52256125,370.303,420.62518,0.95448804,347.7211,403.7574,0.7749987,340.4108,427.40283,0.66718704,368.48868,384.20624,0.81932485,395.2936,440.47397,0.56491786,335.0027,385.2616,0.9569066,299.29727,352.07465,0.7607168,285.63647,310.5159,0.7660916,279.18112,274.76492,0.8567329
2318,414.48175,445.17215,0.6086073,416.70462,431.13898,0.60246223,402.1079,460.2691,0.5152868,373.41232,419.76202,0.9418596,350.0097,403.07367,0.8046678,342.75577,427.50592,0.6683767,370.7877,383.94083,0.8195557,397.77997,440.8917,0.5393325,337.62256,385.3087,0.91114557,301.3258,350.9391,0.75302553,288.19672,310.62234,0.85056895,280.9726,274.38782,0.80984366
2319,417.20853,444.90906,0.6798546,418.46783,430.25293,0.6436694,404.90128,459.68088,0.60812306,375.9515,419.40482,0.88554084,352.2914,402.5365,0.93373656,344.77695,427.23438,0.663547,373.51273,383.5161,0.79528093,398.5908,440.13934,0.61084974,338.91544,384.38895,0.9046005,303.50095,352.06555,0.8258951,290.86926,311.64716,0.8660781,283.41995,273.81155,0.8063794
2320,419.99036,444.82883,0.69152284,420.72183,430.00278,0.6382194,406.6535,458.84113,0.6562485,377.35056,419.75546,0.88759804,354.3535,402.4021,0.9392451,347.01514,427.50818,0.6274634,376.48666,383.22147,0.75977373,400.94846,439.3916,0.6486184,340.7197,384.37994,0.87353855,305.06964,351.28546,0.8214995,292.76068,312.08484,0.8496187,285.93488,274.28867,0.85419935
2321,423.20825,444.99722,0.64720774,423.1264,430.12122,0.58286816,409.55405,458.59717,0.61253136,379.97397,420.17767,0.95833105,356.96613,402.4152,0.9239569,349.94852,428.65295,0.6452527,377.95303,384.92932,0.73522985,403.80692,439.6604,0.6263102,342.9122,384.29892,0.8004633,306.8724,351.00308,0.7931979,295.3073,311.31183,0.840064,287.5934,274.48538,0.88964295
2322,425.21133,445.4687,0.5960007,424.38522,428.841,0.5489765,411.92725,458.29105,0.6202699,383.47052,420.21344,0.93684673,359.68326,402.6721,0.85825616,350.79324,427.2952,0.6313331,381.60123,384.84476,0.7925747,406.24234,439.87277,0.6462184,347.01868,384.8299,0.8641069,310.09164,350.8193,0.7676396,298.14728,310.62067,0.81067365,289.94006,274.04712,0.89585406
2323,427.28732,444.7619,0.57735074,426.8805,428.1956,0.54621774,413.2521,458.3908,0.6027014,383.87357,419.5578,0.9200629,362.14154,402.7057,0.78720576,354.43613,426.9631,0.6718124,382.89825,383.22452,0.8105364,408.58298,439.92963,0.6413415,348.91718,384.4214,0.92044944,312.97012,350.07983,0.7241405,299.8878,310.17932,0.7715619,293.2392,274.39465,0.87341815
2324,429.62567,445.0206,0.5435113,430.44437,429.30362,0.52118075,413.3745,458.87216,0.54724526,386.756,418.9978,0.9684266,364.5214,403.47885,0.7703027,357.33478,427.16632,0.67771006,385.3012,383.50775,0.81738985,411.07156,440.3856,0.5854024,351.71228,384.78644,0.94849336,315.7879,351.77316,0.7763364,302.31537,309.97226,0.80461895,295.2907,274.4261,0.81575215
2325,430.1104,443.87326,0.51886505,432.47928,429.57693,0.58958524,417.0595,459.09924,0.53338003,389.94797,418.63434,0.95210063,367.02533,402.4802,0.8631041,359.79657,427.25656,0.69399226,387.65146,383.2237,0.8157519,412.9693,439.7872,0.5433805,354.28726,385.09384,0.88449556,317.92838,351.33478,0.76868004,305.05414,310.65784,0.8598985,298.00626,273.64105,0.8013791
2326,432.05515,443.62097,0.57281643,434.481,429.52078,0.61008435,418.5882,459.10684,0.59069324,392.21652,418.34302,0.89672637,369.44708,401.89688,0.9357956,361.8652,427.13483,0.66493326,390.61105,383.09076,0.7857376,414.13507,439.54446,0.5978933,355.7963,384.1302,0.8783198,319.9329,351.16223,0.8001272,307.37827,311.27985,0.8574614,300.48926,273.83252,0.79656595
2327,434.19754,442.82407,0.6108466,436.4758,429.12146,0.5796782,420.5214,457.70355,0.6488662,393.14786,419.09705,0.94056344,371.47437,401.73975,0.94391984,364.05255,428.10593,0.6489239,394.03418,382.8573,0.7539937,416.16794,438.70306,0.6174829,357.98615,384.09512,0.8328024,321.8268,350.68002,0.7961458,309.72446,311.6923,0.8394543,302.51218,274.35297,0.8774725
2328,437.49265,441.68442,0.55152285,438.72916,428.03555,0.5206098,424.345,456.61313,0.63638943,395.91943,419.67517,0.9981412,373.85422,402.17538,0.8948636,366.91324,428.5638,0.6449972,395.10394,384.2366,0.75487185,419.2094,438.0849,0.6003734,360.941,385.2325,0.7784099,323.69287,349.9806,0.7768867,312.2419,311.1564,0.8215589,304.71527,274.8789,0.915311
2329,441.64755,441.5641,0.5482023,441.06552,426.30005,0.530165,427.04413,456.24277,0.6048927,399.40564,419.3513,0.9511198,376.8029,402.32535,0.846,368.08847,427.40756,0.6650333,398.44888,384.27002,0.7904793,421.88583,437.72565,0.6347661,364.04208,384.4385,0.87344015,326.95352,350.49515,0.7397828,315.10562,310.2891,0.78037,307.03665,274.03192,0.8752547
